id,title,url,organisation,Wikidata Q number,Wikidata urls,format,date,is_alive,type1,type2,additional,description,Extracted_Locations,postcode
33427,Aon Teanga,http://aonteanga.co.uk/,Aon Teanga,Q108856925,https://www.wikidata.org/wiki/Q108856925,website,14/12/2015,False,Music,MUSIC : TRADITIONAL / FOLK,,Site for a community appreciating Gaelic languages.,,
40891,Thornlie Boys,http://www.thornlieboys.co.uk/,Thornlie Boys,,,website,13/05/2016,False,Music,MUSIC,,"Site of a Scottish musical duo whose songs focus on Glasgow Rangers Football Club, Loyalism in a UK and Northern Irish context, and the Orange Order.",,
40892,Thurso Pipe Band,http://www.thursopipeband.co.uk/,Thurso Pipe Band,,,website,13/05/2016,False,Music,MUSIC : PIPING,,"Site of a Scottish traditional pipes and drums band based in Thurso, Caithness, Scotland.","Caithness, Thurso",
40896,Edinburgh Mandolin and Guitar Orchestra,http://www.emgo.org.uk/,Edinburgh Mandolin & Guitar Orchestra,,,website,13/05/2016,False,Music,MUSIC : ORCHESTRAS,,"Site of an orchestra based in Edinburgh, concentrating on music for mandolins and guitars.","Edinburgh",
40900,Scots Moothie,http://www.geocurrent.org.uk/moothie/,Scots Mouthie,,,website,13/05/2016,False,Music,MUSIC : TRADITIONAL / FOLK,,Site dedicated to the furtherance of traditional mouth-organ and harmonica based music in Scotland.,,
40908,Bearsden Choir,http://www.bearsdenchoir.co.uk/,Bearsden Choir,Q16822831,https://www.wikidata.org/wiki/Q16822831,website,13/05/2016,False,Music,MUSIC : CHOIRS,,Site of a choir based in Bearsden East Dunbartonshire and concentrating on classical music.,,
41008,Bishopton Folk Night,http://www.bishoptonfolk.com/,Bishopton Folk Nights,,,website,16/05/2016,False,Music,MUSIC : TRADITIONAL / FOLK,,"Site of a hyper local folk event based in Bishopton Renfrewshire, staging regular Scottish traditional music events in local venues.",,
41013,Music Scotland,http://www.musicscotland.com/,Music Scotland,,,website,16/05/2016,False,Music,MUSIC : TRADITIONAL / FOLK,,"Site of a recorded music retailer located in Oban, Argyll & Bute, specialising in Scottish, Celtic, international traditional music.","Oban",
41118,Kirriemuir Festival of Music and Song,http://www.kirriefestival.org/,Kirriemuir Festival of Music and Song,,,website,17/05/2016,False,Music,MUSIC : TRADITIONAL / FOLK,,"Site of an annual Scottish tradtional music festival based in Kirriemuir, Angus Scotland","Kirriemuir, Angus",
41196,Springthyme Records,http://www.springthyme.co.uk/,Springthyme Records / Springthyme Music,,,website,18/05/2016,False,Music,MUSIC : TRADITIONAL / FOLK,,Site of a music production and sales company specialising in traditional Scottish music.,,
41248,Girvan Folk Festival,http://www.girvanfolkfestival.co.uk/,Girvan Folk Festival,,,website,19/05/2016,False,Music,FESTIVAL,,"Site of an annual tradtional festival of music, storytelling and verse located in Girvan South Ayrshire.",,
41554,Loanhead Music Festival,http://www.loanheadfest.co.uk/,Loanhead Music Festival,,,website,24/05/2016,False,Music,FESTIVAL,,"Site of an annual Scottish traditional music festival taking place in Loanhead, Midlothian, Scotland.","Loanhead, Midlothian",
42826,Edinburgh Jazz and Blues Festival,http://www.edinburghjazzfestival.com/,Edinburgh Jazz & Blues Festival,,,website,13/06/2016,False,Music,FESTIVAL,,"Site of an annual jazz and blues music festival located in Edinburgh, Scotland.","Edinburgh",
44377,Dunfermline Folk Club,http://www.dunfermlinefolkclub.co.uk/,Dunfermline Folk Club,,,website,18/07/2016,False,Music,MUSIC : TRADITIONAL / FOLK,,"Site of a traditional music club based in Dunfermline, Fife, Scotland.",,
44381,Newtongrange Folk Club,http://www.nittenfolk.co.uk/,Nitten Folk Club,,,website,18/07/2016,False,Music,MUSIC : TRADITIONAL / FOLK,,"A traditional music club based on Newtongrange, Midlothian, Scotland","Newtongrange, Midlothian",
46884,Mark Spalding,http://www.markspaldingmusician.co.uk/,Mark Spalding,,,website,09/11/2016,False,Music,MUSIC,,Site of a musician based in the North East of Scotland,,
48258,Jesus and Mary Chain,http://thejesusandmarychain.uk.com/,The Jesus and Mary Chain,Q1126301,https://www.wikidata.org/wiki/Q1126301,website,13/01/2017,False,Music,"MUSIC : INDIE, POP, ALTERNATIVE & ROCK",,Site for a Scottish rock music group.,,
48461,Tuff Love,http://reallytufflove.com/,Tuff Love,,,website,18/01/2017,False,Music,"MUSIC : INDIE, POP, ALTERNATIVE & ROCK",,Site of a Glasgow based pop / rock music group.,,
49675,Kirkcaldy Amateur Operatic Society,http://www.visitkaos.co.uk/,Kirkcaldy Amateur Operatic Society,,,website,22/02/2017,False,Music,"THEATRE / VENUE, THEATRE COMPANY",,"Site of an amateur musical theatre company based in Kirkcaldy, Fife.","Kirkcaldy",
49676,Cupar Amateur Musical Society,http://cuparams.sharepoint.com/,Cupar Amateur Musical Society,,,website,22/02/2017,False,Music,"THEATRE / VENUE, THEATRE COMPANY",,"Site of an amateur musical theatre society based in Cupar, Fife.","Cupar",
49695,Youth Music Theatre Scotland,https://youthmusictheatrescotland.wordpress.com/,Youth Music Theatre Scotland,,,website,23/02/2017,False,Music,"THEATRE / VENUE, THEATRE COMPANY",,"WordPress site for a Scottish charitable organisation dedicated to the development of children and young people, and those who help them learn, through creative learning opportunities in musical theatre; the company is artistically led, offering opportunities to participate in, generate, and engage with, all forms of theatre and film involving music.",,
49698,St. Andrews Musical Society,http://www.standrewsms.co.uk/,St. Andrews Musical Society,,,website,23/02/2017,False,Music,"THEATRE / VENUE, THEATRE COMPANY",,"Site of an amateur musical theatre and operatic society based in St. Andrews, Fife.","St. Andrews",
49700,Leven Amateur Musical Association.,http://www.levenmusical.org.uk/,Leven Amateur Musical Association,,,website,23/02/2017,False,Music,"THEATRE / VENUE, THEATRE COMPANY",,"Site of an amateur musical theatre association based in Leven, Fife.","Leven",
49702,Rosyth and District Musical Society,http://www.rdmsfife.org/,Rosyth and District Musical Society,,,website,23/02/2017,False,Music,"THEATRE / VENUE, THEATRE COMPANY",,"Site of a amateur musical theatre society based in Rosyth, Fife.","Rosyth",
49785,Lochgelly Brass Band,http://www.lochgellyband.com/,Lochgelly Band,,,website,27/02/2017,False,Music,MUSIC : BRASS BAND,,"Site of an amateur brass ban based in Lochgelly, Fife.",,
49790,LAMA Youth,http://www.lamayouth.org.uk/,Leven Amateur Musical Association,,,website,28/02/2017,False,Music,MUSIC,,"Site of the young people's branch of an amateur musical theatre company based in Leven, Fife.","Leven",
52819,Glasgow Caledonian Strathspey & Reel Society,http://www.callyfiddleorchestra.co.uk/,Glasgow Caledonian Fiddle Orchestra,,,website,05/05/2017,False,Music,MUSIC : TRADITIONAL / FOLK,,"Site of an orchestra playing traditional Scottish reels, jigs, strathspeys, waltzes, polkas, two-steps, slow airs and folk tunes and based in Glasgow - formerly known as Glasgow Caledonian Strathspey & Reel Society.",,
54257,Yellae Deuks,http://www.yellaedeuks.org/,Yellae Deuks,,,website,05/06/2017,False,Music,MUSIC,,"Site of an annual music festival located in Anstruther, Fife, Scotland, featuring local acts of Scottish, national repute.",,
54258,Triassic Tusk,http://triassictusk.com/,Triassic Tisk Records,,,website,05/06/2017,False,Music,MUSIC,,"Site of a record label based in Fife, Scotland.","Fife",
54279,Oates Field,http://www.theoatesfield.com/,Oates Field,,,website,05/06/2017,False,Music,MUSIC,,Site of a music group based in Edinburgh.,"Edinburgh",
54751,Shetland Jazz Club,http://www.shetlandjazzclub.org/,Shetland Jazz Club,,,website,15/06/2017,False,Music,MUSIC : JAZZ,,"Site of a jazz music club and annual festival located at Sandwick, Shetland.","Sandwick",
57477,Fife Brass Banding,http://fifebrassbanding.org.uk/,Fife Brass Banding,,,website,26/09/2017,False,Music,MUSIC : BRASS BAND,,"Site of a competitive festival of brass band music located in Fife, Scotland.","Fife",
57490,Buckhaven & Methil Brass Band,http://www.buckhavenband.com/,Buckhaven & Methil Miners' Brass Band,,,website,26/09/2017,False,Music,MUSIC : BRASS BAND,,"Site of a brass band based in Eastern Fife, at Buckhaven and Methil.","Buckhaven",
57499,Dunfermline Town Band,http://www.dunfermlinebrass.co.uk/,Dunfermline Brass Band,,,website,26/09/2017,False,Music,MUSIC : BRASS BAND,,"Site of a local brass band based in Dunfermline, Fife.",,
58575,Shock the City,http://www.shockcity.co.uk/,Shock City Productions,,,website,07/11/2017,False,Music,MUSIC : AGENT,,Site of an organisation staging rock music events featuring rock tribute acts.,,
65409,"Kilbarchan Warp & Weft, Story & Song",http://kilbarchanwarpandweft.webs.com/,"Kilbarchan Warp & Weft, Story & Song",,,website,11/05/2018,False,Music,MUSIC : TRADITIONAL / FOLK,,"Site of an online project and blog to collect stories and songs about the village and parish of Kilbarchan, Renfrewshire.","Kilbarchan",
83043,Edinburgh Blues & Rock Festival,https://ebrf.co.uk/,Edinburgh Blues & Rock Festival,,,website,21/11/2018,False,Music,FESTIVAL,,Site of a music festival stages annually in Edinburgh.,"Edinburgh",
86163,Nevis Ensemble,https://nevisensemble.org/,Nevis Scotland,,,website,06/02/2019,False,Music,MUSIC,,Site of a music performance ensemble based on Scotland and playing music in diverse locations.,,
87110,Opera Camerata,http://operacamerata.org.uk/,Opera Camerata,,,website,25/02/2019,False,Music,MUSIC,,Site of an amateur opera company based in Edinburgh.,"Edinburgh",
91842,Beo Feis // Festival,https://www.beofest.co.uk/,Beò Fèis,,,website,13/05/2019,False,Music,FESTIVAL,,Site of a music festival on the Isle of Skye featuring cèilidh bands from the West Coast and islands of Scotland.,,
94309,Glasgow Amateur Flute Ensemble,https://gafe.org.uk/,Glasgow Amateur Flute Ensemble,,,website,27/06/2019,False,Music,MUSIC,,Site of an amateur flute group based in Glasgow.,"Glasgow",
94804,Aberdeen Chamber Orchestra,http://www.aberdeenchamberorchestra.co.uk/,Aberdeen Chamber Orchestra,,,website,15/07/2019,False,Music,MUSIC : ORCHESTRAS,,Site of a chamber orchestra based in Aberdeen.,"Aberdeen",
94810,"Battlefield Band, The",http://www.battlefieldband.co.uk/,Battlefield Band,Q811015,https://www.wikidata.org/wiki/Q811015,website,15/07/2019,False,Music,MUSIC : TRADITIONAL / FOLK,,Site of a Scottish folk music group.,,
94817,Capella Nova,http://www.cappella-nova.com/,Cappella Nova,,,website,15/07/2019,False,Music,MUSIC,,Site of a professional eary vocal and choral music group based in Glasgow.,"Glasgow",
94822,Concerto Caledonia,http://www.concal.org/,Concerto Caledonia,,,website,15/07/2019,False,Music,MUSIC,,Site of an early music ensemble concentrating on classical and traditional music of Scotland based in Glasgow.,"Glasgow",
95039,Dads Rock Academy Community Interest Company,https://www.dadsrockacademy.org.uk/,Dads Rock Academy Community Interest Company,,,website,19/07/2019,False,Music,MUSIC,,Site of a company providing tutoring in rock music for children and adults; based in Edinburgh.,"Edinburgh",
95136,"Audacity Chor, Edinburgh, Scotland",https://www.audacitychoir.co.uk/,Audacity,,,website,22/07/2019,False,Music,MUSIC : CHOIRS,,"Site of an a-capella choir based in Bruntsfield, Edinburgh.","Edinburgh",
95138,"Eastwood Choral Singers, Glasgow",http://www.eastwoodchoralsociety.org.uk/,Eastwood Choral Singers,,,website,22/07/2019,False,Music,MUSIC : CHOIRS,,"Site of a choir based in Eastwood, Glasgow. See also http://eastwoodchoralsociety.co.uk/.","Eastwood",
95139,Eastwood Choral Society,http://eastwoodchoralsociety.co.uk/,Eastwood Choral Society,,,website,22/07/2019,False,Music,MUSIC : CHOIRS,,Site of a choir based in the Eastwood area of Glasgow. See also http://www.eastwoodchoralsociety.org.uk/.,,
95169,"Pitlochry & District Choral Society, Scotland",http://www.pdcs.info/,Pitlochry & District Choral Society,,,website,23/07/2019,False,Music,MUSIC : CHOIRS,,"Site of a choral society and their choir located in Pitlochry, Perth & Kinross.","Pitlochry",
95180,Russkaya Cappella,https://www.russkayacappella.com/,Russkaya Cappella,,,website,23/07/2019,False,Music,MUSIC : CHOIRS,,"Site of a Scottish choir specialising in Russian music, based in Glasgow.","Glasgow",
95337,"Abbey Consort, Kelso, Scottish Borders",http://abbeyconsort.co.uk/,Abbey Consort,,,website,24/07/2019,False,Music,MUSIC : CHOIRS,,"Site of a choir based in Kelso, Scottish Borders.","Kelso",
95345,"Accord Choir, Edinburgh",https://accordchoiredinburgh.co.uk/,Accord Choir,,,website,24/07/2019,False,Music,MUSIC : CHOIRS,,Site of a women's choir based in Edinburgh.,"Edinburgh",
95386,Andante Chamber Choir,http://www.andantechamberchoir.webs.com/,Andante Chamber Choir,,,website,25/07/2019,False,Music,MUSIC : CHOIRS,,Site of a classical choral music  choir based in the Scottish Borders.,,
95387,Anstruther Philharmoic Society,http://www.anstrutherphilharmonic.org.uk/,Anstruther Philharmoic Society,,,website,25/07/2019,False,Music,MUSIC : CHOIRS,,"Site of a choral society, based in Anstruther, the East Neuk of Fife.",,
95389,Aria Singers,http://ariasingers.wix.com/aria-website,Aria Singers,,,website,25/07/2019,False,Music,MUSIC : CHOIRS,,Site of a choir based in Glasgow.,"Glasgow",
95449,Cantiones Sacrae,http://www.cantiones.net/,Cantiones Sacrae,,,website,26/07/2019,False,Music,MUSIC : CHOIRS,,"Aite of a vocal ensemble that specialises in polyphonic choral music of the Renaissance period, and are based in Dundee.","Dundee",
95456,Buckie Choral Union,http://buckiechoral.org.uk/,Buckie Choral Union,,,website,26/07/2019,False,Music,MUSIC : CHOIRS,,"Site of a choir based in Buckie, Moray.",,
95552,Music Nairn,https://www.musicnairn.org.uk/,Music Nairn,,,website,29/07/2019,False,Music,MUSIC,,"Site of a classical music society staging concerts in Nairn, Moray.",,
95691,"City of Roses Chorus, The",http://www.cityofroseschorus.co.uk/,The City of Roses Chorus,,,website,01/08/2019,False,Music,MUSIC : CHOIRS,,Site of a women's voice choir based in Aberdeen.,"Aberdeen",
95702,Clackmannanshire Choral Society,http://clackschoral.webs.com/,Clackmannanshire Choral Society,,,website,01/08/2019,False,Music,MUSIC : CHOIRS,,"Site of a mixed voice choir and choral society located in Alloa, Clackmannanshire.",,
95737,"Clydebank Male Voice Choir, Strathclyde",http://clydebankmvc.com/,Clydebank Male Voice Choir,,,website,02/08/2019,False,Music,MUSIC : CHOIRS,,"Site of a male voice choir based Clydebank, West Dunbartonshire.","West Dunbartonshire",
95738,Còisir Ghàidhlig Obar Dheathain / Aberdeen Gaelic Choir,http://www.aberdeengaelicchoir.com/,Còisir Ghàidhlig Obar Dheathain,,,website,02/08/2019,False,Music,MUSIC : CHOIRS,,Site of a mixed voice Gaelic choir based in Aberdeen.,"Aberdeen",
95742,Tayside Opera [see also https://www.taysideopera.com/],http://www.taysideopera.org.uk/,Tayside Opera,,,website,02/08/2019,False,Music,"THEATRE / VENUE, THEATRE COMPANY",,Site of an opera company based in Dundee. See also https://www.taysideopera.com/.,"Dundee",
95756,Dreghorn Musical Society,http://www.dreghornmusicalsociety.co.uk/,Dreghorn Musical Society,,,website,02/08/2019,False,Music,MUSIC : CHOIRS,,"Site of a soprano, alto, tenor and bass (SATB) mixed voice choir based in Ayrshire.","Ayrshire",
95793,"Dalgarno Singers, The",http://www.dalgarnosingers.co.uk/,The Dalgarno Singers,,,website,05/08/2019,False,Music,MUSIC : CHOIRS,,"Site of a mixed voice choir based in Thornhill, Stirlingshire.",,
95797,"Mackintosh Choir, The",https://www.mackintoshchoir.com/,The Mackintosh Choir,,,website,05/08/2019,False,Music,MUSIC : CHOIRS,,"Site of a mixed voice choir based in Kelvinside, Glasgow.",,
95803,"Toccata Ladies Choir Livingston, West Lothian, Scotland",http://www.toccataladieschoir.co.uk/,Toccata Ladies Choir,,,website,05/08/2019,False,Music,MUSIC : CHOIRS,,"Site of a female voice choir based in Livingston, West Lothian.",West Lothian,
95804,"Troon Chorus, Ayrshire, Scotland",http://lamourandiere.com/TroonChorus/,Troon Chorus,,,website,05/08/2019,False,Music,MUSIC : CHOIRS,,"Site of a choir based in Troon, Ayrshire.","Troon",
96168,"Rhythm Box Music Studio, The",http://www.therhythmbox.co.uk/,The Rhythm Box Music Studio,,,website,12/08/2019,False,Music,MUSIC,,"Site of a music education organisation aiming to teach people of any age the skill of playing in music groups. Based in Aberdeenshire, at Banchory and Inverurie.","Aberdeenshire",
96306,"Mahler Players, The",http://www.mahlerplayers.co.uk/,The Mahler Players,,,website,14/08/2019,False,Music,MUSIC,,"Site of a chamber orchestra based in based at Blairgowrie, Perth & Kinross.",,
96333,Love Music Community Choir,https://www.choir.lovemusic.org.uk/,Love Music Productions Ltd,,,website,15/08/2019,False,Music,MUSIC : CHOIRS,,Site of a community choir based in Edinburgh.,"Edinburgh",
96334,Edinburgh Contemporary Choir,https://edinburghcontemporarychoir.com/,Edinburgh Contemporary Choir,,,website,15/08/2019,False,Music,MUSIC : CHOIRS,,Site of a misxed voice choir based in Edinburgh.,"Edinburgh",
96386,Hamish Hawk,http://www.hjhmusic.com/,Hamish Hawk,,,website,16/08/2019,False,Music,MUSIC : TRADITIONAL / FOLK,,Site of a Scottish singer song writer based in Edinburgh.,"Edinburgh",
96389,High Fade Music,https://www.highfademusic.com/,High Fade Music Services Ltd,,,website,16/08/2019,False,Music,"MUSIC : INDIE, POP, ALTERNATIVE & ROCK",,"Site of a music group based in Dalkeith, Midlothian.","Midlothian, Dalkeith",
96392,Edinburgh University Music Society,https://eums.org.uk/,Edinburgh University Music Society,,,website,16/08/2019,False,Music,MUSIC,,"Site of a student music organisation of performers (chorus, Sinfonia and Symphony Orchestra) based at the University of Edinburgh.","Edinburgh",
96394,Edinburgh University Singers [old],http://www.eusingers.co.uk/,Edinburgh University Singers,,,website,16/08/2019,False,Music,MUSIC : CHOIRS,,Site of a choir featuring staff and students from the University of Edindburgh. See also https://singers.eusa.ed.ac.uk/.,"Edinburgh",
96396,Edinburgh University Chamber Choir,http://chamber.eusa.ed.ac.uk,Edinburgh University Chamber Choir,,,website,16/08/2019,False,Music,MUSIC : CHOIRS,,Site of a classical music choir attached to the Univeristy of Edinburgh.,"Edinburgh",
96447,Hebrides Ensemble,http://www.hebridesensemble.org.uk/,Hebrides Ensemble,,,website,19/08/2019,False,Music,MUSIC : ORCHESTRAS,,Site of a classical music ensemble based in Edinburgh.,"Edinburgh",
96448,"Kilmallie Singers, Fort William, Invernesshire, Scotland",http://www.kilmalliesingers.co.uk/,Kilmallie Singers,,,website,19/08/2019,False,Music,MUSIC : CHOIRS,,"Site of a choir based in Fort William, the Highland.","Fort William, Invernesshire",
96480,Indigomusic Limited,https://www.indigo-music-management.com/,Indigo Music Ltd,,,website,20/08/2019,False,Music,MUSIC,,Site of a musician management company based in Glasgow.,"Glasgow",
96499,Aberdeen Vocal Ensemble,http://www.aberdeenvocalensemble.co.uk/,Aberdeen Vocal Ensemble,,,website,20/08/2019,False,Music,MUSIC : ORCHESTRAS,,Site of a vocal ensemble based in Aberdeen. See also https://www.facebook.com/aberdeenvocalensemble/ and http://www.gilbertandsullivansociety.co.uk/.,"Aberdeen",
96504,Angus Choral Society,https://www.anguschoralsociety.co.uk/,Angus Choral Society,,,website,20/08/2019,False,Music,MUSIC : ORCHESTRAS,,"Site of a mixed voice choir based in Forfar, Angus.","Forfar",
96573,Southside Community Choir,http://www.southsidechoir.weebly.com/,Southside Community Choir,,,website,21/08/2019,False,Music,MUSIC : CHOIRS,,Site of a community mixed voice choir based in Edinburgh.,"Edinburgh",
96575,Got Soul Choir,http://gotsoul.org.uk/,Got Soul Choir,,,website,21/08/2019,False,Music,MUSIC : CHOIRS,,"Site of a choir based in Edinburgh, specialising in performances of soul music [rooted in African American music].","Edinburgh",
96642,Fair City Singers [old],http://www.faircitysingers.org.uk/,Fair City Singers,,,website,22/08/2019,False,Music,MUSIC : CHOIRS,,Site of a choir based in Perth for 11 to 18 year old singers. See also https://faircitysingers.com/.,"Perth",
96655,Glad Community Choir,http://www.gladcommunitychoir.com/,Glad Community Choir,,,website,22/08/2019,False,Music,MUSIC : CHOIRS,,Site of a community choir singing popular and less well known rock and pop songs. Based in Glasgow.,"Glasgow",
96724,"Glasgow School of Art Choir, The",http://www.gsachoir.com/,The Glasgow School of Art Choir,,,website,23/08/2019,False,Music,MUSIC : CHOIRS,,"Site of a non-auditioned mixed voice ensemble of 115 singers, primarily comprising past and present staff and students of The Glasgow School of Art.",,
96753,Glits Ladies Choir,http://www.glits.org.uk/,Glits Ladies Choir,,,website,26/08/2019,False,Music,MUSIC : CHOIRS,,"Site of a female voice choir based in Bruntsfield, Edinburgh.","Edinburgh, Bruntsfield",
96754,Gleniffer Singers,http://www.thegleniffersingers.performers.co.uk/,"Gleniffer Singers, The",,,website,26/08/2019,False,Music,MUSIC : CHOIRS,,"Site of a female voice choir based in Paisley, Renfrewshire.","Paisley",
96777,"Jazz Choir Scotland, Glasgow",https://jazzchoirscotland.org.uk/,Jazz Choir Scotland,,,website,27/08/2019,False,Music,MUSIC : CHOIRS,,"Site of a choir based in Glasgow, singing a repertoire of Jazz and American Songbook standards.","Glasgow",
96778,"Jolly B's, The / Stonehouse Male Voice Choir",http://www.thejollybs.co.uk/,Stonehouse Male Voice Choir,,,website,27/08/2019,False,Music,MUSIC : CHOIRS,,"Site of a small male voice choir based in Stonehouse, Lanarkshire, s smaller choir of the Stonehouse Male Voice Choir. See also http://www.stonehousemalevoicechoir.com/.","Stonehouse",
96827,Kirkintilloch Male Voice Choir [old],http://www.kmvc.co.uk/,Kirkintilloch Male Voice Choir,,,website,28/08/2019,False,Music,MUSIC : CHOIRS,,"Site of a male voice choir based in Kirkintilloch, East Dunbartonshire.","East Dunbartonshire, Kirkintilloch",
96880,Liltin' Lads and Lassies,http://www.liltinlassies.co.uk/,Liltin’ Lassies,,,website,29/08/2019,False,Music,MUSIC : CHOIRS,,"Site of a female voice choir based in Dunblane, Stirlingshire.","Dunblane",
96884,Livingston Chorale Society,http://www.livingstonchorale.co.uk/,Livingston Chorale Society,,,website,29/08/2019,False,Music,MUSIC : CHOIRS,,"Site of a choir based in Livingston, West Lothian.","West Lothian, Livingston",
96890,Oksana Mavrodii,http://www.oksanamavrodii.com/,Oksana Mavrodii,,,website,29/08/2019,False,Music,MUSIC : CHOIRS,,"Site of a soprano and choir conductor based in Glasgow, and originally from Ukraine.","Glasgow, Ukraine",
97002,"SongWorks, Edinburgh, Scotland",http://www.songworks.info/,SongWorks,,,website,02/09/2019,False,Music,MUSIC : CHOIRS,,"Site of a mixd voice choir based in Morningside, Edinburgh.","Edinburgh",
97005,Sounds International,http://singglasgow.co.uk/,Sounds International,,,website,02/09/2019,False,Music,MUSIC : CHOIRS,,Site of a mixed voice community choir based in Glasgow.,"Glasgow",
97009,St. Andrews Chorus,https://standrewschorus.weebly.com/,St. Andrews Chorus,,,website,02/09/2019,False,Music,MUSIC : CHOIRS,,"Site of a choral society and choir based in St. Andrews, Fife.","St. Andrews",
97011,St. Andrews University Madrigal Group,http://madgroupsta.weebly.com/,St. Andrews University Madrigal Group,,,website,02/09/2019,False,Music,MUSIC : CHOIRS,,"Site of a vocal group made up of students and staff at the University of St. Andrews, Fife, and specialising in performing English madrigals and secular part songs.",,
97107,Morven Singers,https://morvensingers.wixsite.com/morvensingers/,The Morven Singers,,,website,03/09/2019,False,Music,MUSIC : CHOIRS,,"Site of a mixed voice (soprano, alto, tenor and bass) choir based in Aberdeen.","Aberdeen",
97226,Perth Choral Society,http://www.perthchoral.co.uk/,Perth Choral Society,,,website,04/09/2019,False,Music,MUSIC : CHOIRS,,Site of a choir based in Perth.,"Perth",
97229,Peterhead Choral Society,http://www.peterheadchoral.org.uk/,Peterhead Choral Society,,,website,04/09/2019,False,Music,MUSIC : CHOIRS,,"Site of a choir based in Peterhead, Aberdeenshire.","Peterhead, Aberdeenshire",
97281,"Sirens of Titan Choir, Glasgow, Scotland",http://www.sirensoftitan.org.uk/,The Sirens of Titan Choir,,,website,05/09/2019,False,Music,MUSIC : CHOIRS,,Site of a choir based in Glasgow.,"Glasgow",
97282,Stevenston Musical Society,http://www.stevenstonmusicalsociety.co.uk/,Stevenston Musical Society,,,website,05/09/2019,False,Music,MUSIC : CHOIRS,,Site of a choir based in Ayrshire.,"Ayrshire",
97283,"Siancio Singers, The",http://sianciosingers.com/,The Siancio Singers,,,website,05/09/2019,False,Music,MUSIC : CHOIRS,,"Site of a social choir based in Haddington, East Lothian.","East Lothian, Haddington",
97284,Shetland Choral Society,http://www.shetlandchoralsociety.org.uk/,Shetland Choral Society,,,website,05/09/2019,False,Music,MUSIC : CHOIRS,,Site of a choir and choral society based in Shetland.,,
97305,Ludus Baroque,http://www.ludusbaroque.co.uk/,Ludus Baroque,,,website,05/09/2019,False,Music,MUSIC,,"Site of a Scottish chamber orchestra and chorus specialising in works of the early music repertoire, based in Edinburgh.","Edinburgh",
97361,Sistema Scotland,https://makeabignoise.org.uk/,Sistema Scotland,,,website,09/09/2019,False,Music,MUSIC : ORCHESTRAS,,Site of an orchestral music charity teaching and bringing clasical music to challenged communities in Scotland.,,
97368,High Heels and Horsehair,https://www.highheelsandhorsehair.com/,High Heels and Horsehair,,,website,09/09/2019,False,Music,MUSIC,,Site of a string duo (violin and cello) playing chamber music and based in Glasgow.,"Glasgow",
97731,Musica Nordica Cic,http://musicanordica.org/,Musica Nordica,,,website,13/09/2019,False,Music,MUSIC,,"Site of a musical organsation which creates and curates live music promoting collaboration and cultural exchange between Scotland and the Nordic nations: Åland, Denmark, the Faroe Islands, Finland, Greenland, Iceland, Norway and Sweden.","the Faroe Islands, Denmark, Finland, Sweden, Norway, Iceland, Greenland",
97792,Opera Bamba Ltd.,http://www.operabamba.co.uk/,Opera Bamba Ltd.,,,website,16/09/2019,False,Music,"THEATRE / VENUE, THEATRE COMPANY",,"Site of a semi-professional opera company based in Paisley, Renfrewshire.","Paisley",
97848,Paisley Pipers Limited,https://www.paisleypipers.com/,The Paisley Pipers Limited,,,website,17/09/2019,False,Music,MUSIC : PIPING,,"Site of a company offering the services for hire of Scottish bagpipers, and accompanists, based in Paisley.","Paisley",
97874,Paragon Ensemble Limited,http://www.paragon-music.org/,Paragon Ensemble Ltd,,,website,18/09/2019,False,Music,MUSIC,,"Site of an inclusive music company inspiring people to create and perform their own music, and using music and the arts to raise people's aspirations, promoting positive self-image, teamwork, communication and learning.",,
98018,Red Hot Chilli Pipers Ltd.,https://redhotchillipipers.co.uk/,Red Hot Chilli Pipers Ltd,,,website,20/09/2019,False,Music,MUSIC : PIPING,,Site of a music group from Scotland fusing traditional bagpipe music with rock music.,,
98057,Woot Music Limited,https://wootmusic.co.uk/,Woot Music Ltd,,,website,20/09/2019,False,Music,MUSIC,,Site of a company staging music events in the Stirling area.,,
98534,Vessel Music Limited,https://www.vesselmusic.co.uk/,Vessel Music Limited,,,website,26/09/2019,False,Music,MUSIC,,Site of music and events producers and promoters based in Glasgow.,"Glasgow",
102556,Opera on a Shoestring,http://www.operaonashoestring.co.uk/,Opera On a Shoestring,,,website,05/12/2019,False,Music,MUSIC,,"Site of a small, independent opera company based in Glasgow.","Glasgow",
102887,Caledonian Voices,http://caledonianvoices.co.uk/,Caledonian Voices,,,website,10/12/2019,False,Music,MUSIC : CHOIRS,,Site of a Scottish professional chamber choir based in central Scotland.,,
102891,Academy of Sacred Music,https://www.aosm.org.uk/,Academy of Sacred Music,,,website,10/12/2019,False,Music,MUSIC,,"Site of a music education organisation based in Glasgow, offering specialist programmes for young people, aged between 5 and 25, that draw out their talent and provide a rich source of inspiration for their personal lives and careers, including, choral singing; individual tuition in singing, piano and music theory; scholarships in voice, composition and other specialist areas.","Glasgow",
112372,DILEAB: a legacy,http://www.dileabalegacy.com/,Comhairle nan Eilean Siar,,,website,06/05/2020,False,Music,MUSIC,,"Site of a programme of work undertaken by the young people of the Outer Hebrides in partnership with the Education, Skills & Children's Services Department of Comhairle nan Eilean Siar and Local Musicians designed to draw on their language, history and culture as a bridge between generations focussing on the future.",,
112477,BeatRoot,http://www.beatrootbeat.org.uk/,Beat Root Beat,,,website,07/05/2020,False,Music,MUSIC,,"Site of a community djembe group located at Cupar, Fife.",,
113300,Torphichen Summer Nights Music Society,https://torphichensummernights.org.uk/,Torphichen Summer Nights,,,website,15/05/2020,False,Music,MUSIC : ORCHESTRAS,,"Site of a series of summer concerts raising funds for local organisations at Torphichen, West Lothian.","West Lothian, Torphichen",
113628,Argyll & Bute Concert Tours,http://argyllandbuteconcerttours.org.uk/,Argyll & Bute Concert Tours,,,website,19/05/2020,False,Music,MUSIC : ORCHESTRAS,,Site of an organisation that promotes classical music and classical music education in Argyll & Bute through it's member organisations and the organisation of events.,,
113635,"Berwick Concert Band, The",https://berwickconcertband.wixsite.com/informationinformation,The Berwick Concert Band,,,website,19/05/2020,False,Music,MUSIC : ORCHESTRAS,,"Site of an amatuer classical music orchestra based in Berwick, Northumberland, performing in that county and in the Scottish Borders.","Berwick",
113789,Charlotte Sager,http://charlottesager.weebly.com/,Charlotte Sager,,,website,20/05/2020,False,Music,MUSIC : ORCHESTRAS,,Site of a professional harp player based in Glasgow.,"Glasgow",
113795,Daniel's Beard,http://danielsbeard.org.uk/,Daniel's Beard,,,website,20/05/2020,False,Music,MUSIC : ORCHESTRAS,,Site of a professional calssical chamber ensemble based in Glasgow.,"Glasgow",
113997,Edinburgh Players Opera Group,https://www.epogwagner.org/,Edinburgh Players Opera Group,,,website,22/05/2020,False,Music,MUSIC : ORCHESTRAS,,"Site of a group of professional, semi-professional and amateur musicians and singers who rehearse and perform an opera by Richard Wagner year - located in Edinmrburgh.","Edinburgh",
113998,Edinburgh Studio Orchestra,http://edinburghstudioorchestra.org/,Edinburgh Studio Orchestra,,,website,22/05/2020,False,Music,MUSIC : ORCHESTRAS,,"Site of an amateur rehearsal orchestra. playing for pleasure rather than performance, and based in Edinburgh.","Edinburgh",
114074,Edinburgh Wind Orchestra,http://www.edinburghwindorchestra.webs.com/,Edinburgh Wind Orchestra,,,website,22/05/2020,False,Music,MUSIC : ORCHESTRAS,,Site of a concert band in based in Edinburgh.,"Edinburgh",
114077,Fejes Quartet,http://www.fejesquartet.co.uk/,Fejes Quartet,,,website,22/05/2020,False,Music,MUSIC : ORCHESTRAS,,Site of a classical music quartet based in Scotland.,,
114080,"Fiddlesticks (Rock, Pop and Folk) Orchestras",http://car5334.wixsite.com/fiddlesticks-tuition/,Fiddlesticks Orchestra,,,website,22/05/2020,False,Music,MUSIC : ORCHESTRAS,,"Site of a rock, pop and folk orchestra located in East Lothian, and for all ages and abilities.","East Lothian",
114223,Genovia Quartet,https://www.genoviaquartet.com/,https://www.genoviaquartet.com/sitemap.xml,,,website,26/05/2020,False,Music,MUSIC : ORCHESTRAS,,Site of a classical bassoon quartet based in Glasgow.,"Glasgow",
114237,Glasgow Recorder Players,http://www.glasgowsrp.org.uk/,Glasgow Recorder Players,,,website,26/05/2020,False,Music,MUSIC : ORCHESTRAS,,Site of a recorder orchestra located in Glasgow.,"Glasgow",
114239,Glasgow Sinfonia,http://www.glasgowsinfonia.org.uk/,Glasgow Sinfonia,,,website,26/05/2020,False,Music,MUSIC : ORCHESTRAS,,Site of a classical music orchestra based in Glasgow.,"Glasgow",
114291,Ian Watt,http://ianwattguitarist.com/,Ian Watt : Guitarist,,,website,26/05/2020,False,Music,MUSIC : ORCHESTRAS,,Site of a Scottish classical guitarist.,,
114362,Methilhill Community Pipe Band,http://www.mcpipeband.org.uk/,Methilhill Community Pipe Band,,,website,27/05/2020,False,Music,MUSIC : PIPING,,Site of a community Highland pipe band located at Methilhill,,
114386,Opus 8,http://www.opus8.org.uk/,Opus 8,,,website,27/05/2020,False,Music,MUSIC : CHOIRS,,Site of an a cappella based in West Fife (around Culross and Limekilns).,"West Fife",
114400,Lanarkshire Cecilian Orchestra,http://www.lanarkshirececilianorchestra.co.uk/,Lanarkshire Cecilian Orchestra,,,website,27/05/2020,False,Music,MUSIC : ORCHESTRAS,,"Site of an amateur orchestra located in Blantyre, Lanarkshire","Blantyre",
114442,Strike A Chord,http://www.strikeachord.org.uk/,Strike A Chord,,,website,27/05/2020,False,Music,MUSIC,,"Site of a community music group based in Coaltown of Wemyss, Fife.","Coaltown",
114498,Lockerbie Music Society,http://www.lockerbiemusicsociety.co.uk/,Lockerbie & District Music Society,,,website,28/05/2020,False,Music,MUSIC : ORCHESTRAS,,"Site of a music society located in Lockerbie, which stages classical music concerts in the town.","Lockerbie",
114499,Lomond & Clyde Community Orchestra,http://www.locco.org.uk/,Lomond and Clyde Community Orchestra,,,website,28/05/2020,False,Music,MUSIC : ORCHESTRAS,,"Site of a community orchestra located in Helensburgh, Argyll & Bute.","Helensburgh",
114500,Lothian Schools Strathspey and Reel Society,http://lssrs.org.uk/,Lothian Schools Strathspey and Reel Society,,,website,28/05/2020,False,Music,MUSIC : ORCHESTRAS,,Site of a Scottish traditional music orchestra located in,,
114597,Music in Thurso,http://www.musicinthurso.com/,Music in Thurso,,,website,28/05/2020,False,Music,MUSIC : ORCHESTRAS,,"Site of an organisation which stages classical music concerets in Thurso, Caithness, Highland.","Thurso",
117985,Opera Alba,http://www.operaalba.com/,Opera Alba,,,website,30/06/2020,False,Music,MUSIC : ORCHESTRAS,,"Site of a small operatic group based in Bearsden ,East Dunbartonshire.","East Dunbartonshire, Bearsden",
117994,No Strings Attached Community Wind Band,http://www.nsaband.co.uk/,No Strings Attached Community Wind Band,,,website,30/06/2020,False,Music,MUSIC : ORCHESTRAS,,Site of a community wind basnd based in Edinburgh. See also https://www.facebook.com/No-Strings-Attached-186233711421587/.,"Edinburgh",
117997,Roger Paterson,https://www.rogerpaterson.co.uk/,Roger Paterson,,,website,30/06/2020,False,Music,MUSIC : ORCHESTRAS,,Site of an opera singer based in Glasgow.,"Glasgow",
118055,Stewarton Winds [old],https://www.stewartonwinds.co.uk/,Stewarton Winds,,,website,01/07/2020,False,Music,MUSIC : ORCHESTRAS,,"Site of an amateur wind orchestra located in Stewarton, Ayrshire. See also http://stewartonwinds.band/.","Stewarton",
118063,"Yetholm Sinfonia, The",http://www.yetholmsinfonia.com/,The Yetholm Sinfonia,,,website,01/07/2020,False,Music,MUSIC : ORCHESTRAS,,"Site of an amateur orchestra based in Yetholm, the Scottish Borders.","Yetholm",
118064,YMCA Glasgow Wind Orchestra,http://www.ywoglasgow.org.uk/,YMCA Glasgow Wind Orchestra,,,website,01/07/2020,False,Music,MUSIC : ORCHESTRAS,,Site of a community wind band based in Glasgow.,"Glasgow",
118065,Scottish Fiddle Society,http://www.thescottishfiddlesociety.org.uk/,Scottish Fiddle Society,,,website,01/07/2020,False,Music,MUSIC : ORCHESTRAS,,Site of a Scottish traditional music society.,,
118089,Bathgate Brass Band,https://www.thebathgateband.com/,Bathgate Brass Band,,,website,01/07/2020,False,Music,MUSIC : BRASS BAND,,"Site of a competitive brass band located in Bathgate, West Lothian.","West Lothian, Bathgate",
118100,Coalburn Silver Band,http://www.coalburnsilverband.co.uk/,Coalburn Silver Band,,,website,01/07/2020,False,Music,MUSIC : BRASS BAND,,"Site of a competitive brass band located in Coalburn, South Lanarkshire.","Coalburn, South Lanarkshire",
118107,Creetown Silver Band,https://www.creetownband.org.uk/,Creetown Silver Band,,,website,01/07/2020,False,Music,MUSIC : BRASS BAND,,"Site of a competitive brass band located in Creetown, Dumfries & Galloway.",,
118112,City of Discovery Brass Band,http://www.cityofdiscoverybrassband.co.uk/,City of Discovery Brass Band,,,website,01/07/2020,False,Music,MUSIC : BRASS BAND,,Site of a competitive brass band located in Dundee.,"Dundee",
118114,Dumfries Town Band,http://dumfriestownband.simplesite.com/,Dumfries Town Band,,,website,01/07/2020,False,Music,MUSIC : BRASS BAND,,"Site of a competitive brass band located in Dumfries, Dumfries & Galloway.",,
118142,Fife Charites Band Association,http://www.fcba.org.uk/,Fife Charities Band Association,,,website,02/07/2020,False,Music,MUSIC : BRASS BAND,,Site of a brass band association located in Fife.,,
118149,Johnstone Band,http://www.johnstoneband.co.uk/,Johnstone Band,,,website,02/07/2020,False,Music,MUSIC : BRASS BAND,,"Site of a competitive brass band located in Johnstone, Renfrewshire.","Johnstone",
118151,Kingdom Brass  Band,http://www.kingdombrass.org.uk/,Kingdom Brass,Q6412466,https://www.wikidata.org/wiki/Q6412466,website,02/07/2020,False,Music,MUSIC : BRASS BAND,,"Site of a competitive brass band located in Cowdenbeath, Fife.","Cowdenbeath",
118152,"Kirkintilloch Brass Band, The",http://www.thekirkintillochband.org.uk/,The Kirkintilloch Brass Band,,,website,02/07/2020,False,Music,MUSIC : BRASS BAND,,"Site of a competitive brass band located in Kirkintilloch, East Dunbartonshire.","East Dunbartonshire, Kirkintilloch",
118154,Langholm Town Band,https://www.langholmtownband.com/,Langholm Town Band,,,website,02/07/2020,False,Music,MUSIC : BRASS BAND,,"Site of a competitive brass bans located in Langholm, Dumfries & Galloway.",,
118157,National Youth Brass Band of Scotland,http://nybbs.co.uk/,National Youth Brass Band of Scotland,,,website,02/07/2020,False,Music,MUSIC : BRASS BAND,,Site of a national youth brass band for Scotland - see also https://www.sbba.org.uk/.,,
118158,Newland Concert Brass,http://www.newlandconcertbrass.org.uk/,Newland Concert Brass,,,website,02/07/2020,False,Music,MUSIC : BRASS BAND,,"Site of a competitive brass band located in Bathgate, West Lothian","Bathgate",
118171,Scottish Borders Brass Band Association,http://www.bordersbrass.org.uk/,Scottish Borders Brass Band Association,,,website,02/07/2020,False,Music,MUSIC : BRASS BAND,,Site of a competitive brass association for the Scottish Boreders. See also https://www.facebook.com/bordersbrass/.,,
118174,Selkirk Silver Brass Band,http://selkirksilverband.co.uk/,Selkirk Silver Brass Band,,,website,02/07/2020,False,Music,MUSIC : BRASS BAND,,"Site of a competitive brass band located in Selkirk, Scottish Borders.","Selkirk",
118192,Whitburn Band,https://www.whitburnband.co.uk/,Whitburn Band,Q37334971,https://www.wikidata.org/wiki/Q37334971,website,02/07/2020,False,Music,MUSIC : BRASS BAND,,"Site of a competitive brass band located in Whitburn, West Lothian.","West Lothian",
123769,Edinburgh Folk Club Photo Page,http://www.efcphotos.co.uk/,Edinburgh Folk Club,,,website,07/10/2020,False,Music,MUSIC : TRADITIONAL / FOLK,,Site documenting the activities of the Edinburgh Folk Club through photographs.,"Edinburgh",
123926,Loanhead Brass Roots,https://loanheadbrassrootsyouth.com/,Loanhead Brass Roots,,,website,12/10/2020,False,Music,MUSIC : BRASS BAND,SC038823,"Site of a Scottish charity located in Loanhead, Midlothian providing young people with opportunities to play brass band instruments and join the local brass band.","Loanhead, Midlothian",EH13 0HL
129003,Royal Scottish Pipe Band Association : Glasgow & West of Scotland Branch,http://www.rspbagwos.com/,Royal Scottish Pipe Band Association : Glasgow & West of Scotland Branch,,,website,20/01/2021,False,Music,MUSIC : PIPING,,Site of the regional branch of the Royal Scottish Pipe Band Association located in the West of Scotland.,,
129070,Royal Scottish Pipe Band Association : Midlands Branch,http://www.rspbamidlands.org.uk/,Royal Scottish Pipe Band Association : Midlands Branch,,,website,21/01/2021,False,Music,MUSIC : PIPING,,Site of the regional section of the Royal Scottish Pipe Band Association in the Midlands of England.,"England",
129228,Colchester & District Pipes & Drums,http://www.cadpad.co.uk/,Colchester & District Pipes & Drums,,,website,25/01/2021,False,Music,MUSIC : PIPING,,"Site of a pipe band afficliated to the Royal Scottish Pipe Band Association, located in Colchester, Essex.","Essex, Colchester",
129229,College of Piping,http://www.college-of-piping.co.uk/,"College of Piping, The",,,website,25/01/2021,False,Music,MUSIC : PIPING,,Site of the central Scottish school of Highland piping. See also https://www.collegeofpiping.org/.,,
129230,Fraserburgh Royal British Legion Pipe Band,http://www.fraserburghrblpipeband.co.uk/,Fraserburgh Royal British Legion Pipe Band,,,website,25/01/2021,False,Music,MUSIC : PIPING,,"Site of a pipe band afficliated to the Royal Scottish Pipe Band Association, located in Fraserburgh, Aberdeenshire. See also https://www.facebook.com/Fraserburgh-RBL-Pipe-Band-142522912441355/.","Fraserburgh, Aberdeenshire",
129235,Penicuik and District Pipe Band,http://www.penicuikpipeband.co.uk/,Penicuik and District Pipe Band,,,website,25/01/2021,False,Music,MUSIC : PIPING,,"Site of a pipe band afficliated to the Royal Scottish Pipe Band Association, located in Penicuik, Midlothian. See also https://www.facebook.com/PandDPB/.","Penicuik, Midlothian",
129240,Stonehaven Pipe Band [old],http://www.stonehavenpipeband.com/,Stonehaven Pipe Band,,,website,25/01/2021,False,Music,MUSIC : PIPING,,"Site of a pipe band afficliated to the Royal Scottish Pipe Band Association, located in Stonehaven, Aberdeenshire. See also http://www.stonehavenpipeband.co.uk/.","Stonehaven, Aberdeenshire",
129276,Torphichen and Bathgate Pipe Band,http://www.torphichenandbathgate.com/,Torphichen and Bathgate Pipe Band,Q7826757,https://www.wikidata.org/wiki/Q7826757,website,25/01/2021,False,Music,MUSIC : PIPING,,"Site of a pipe band afficliated to the Royal Scottish Pipe Band Association, located in Torphichen and Bathgate, West Lothian. See also https://www.facebook.com/torphichenandbathgate/.","West Lothian, Torphichen, Bathgate",
129280,Coupar Angus Burgh Pipe Band,http://couparanguspipeband.com/,Coupar Angus Burgh Pipe Band,,,website,25/01/2021,False,Music,MUSIC : PIPING,,"Site of a pipe band afficliated to the Royal Scottish Pipe Band Association, located in Cupar Angus, Perth & Kinross.",,
129283,City of Plymouth Pipe Band,http://cityofplymouthpipeband.webs.com/,City of Plymouth Pipe Band,,,website,25/01/2021,False,Music,MUSIC : PIPING,,"Site of a pipe band afficliated to the Royal Scottish Pipe Band Association, located in Plymouth, Devon.","Plymouth",
129284,Grampian District Pipes & Drums,http://www.grampiandistrictpipesanddrums.com/,Grampian District Pipes & Drums,,,website,25/01/2021,False,Music,MUSIC : PIPING,,"Site of a pipe band afficliated to the Royal Scottish Pipe Band Association, located in , Aberdeen.","Aberdeen",
129285,Davidson's Mains and District Pipe Band,http://dmdpb.com/,Davidson's Mains and District Pipe Band,,,website,25/01/2021,False,Music,MUSIC : PIPING,,"Site of a pipe band afficliated to the Royal Scottish Pipe Band Association, located in Davidson's Mains, Edinburgh.","Edinburgh",
129287,City of Discovery Pipe Band,http://www.cityofdiscoverypb.com/,City of Discovery Pipe Band,,,website,25/01/2021,False,Music,MUSIC : PIPING,,"Site of a pipe band afficliated to the Royal Scottish Pipe Band Association, located in Dundee.","Dundee",
129292,Clan Colquhoun Pipe Band,http://www.colquhounpipeband.org/,Clan Colquhoun Pipe Band,,,website,25/01/2021,False,Music,MUSIC : PIPING,,"Site of a pipe band afficliated to the Royal Scottish Pipe Band Association, located in Helensburgh, Argyll & Bute.","Helensburgh",
129358,Lomond and Clyde Pipe Band,http://www.lomondandclydepb.com/,Lomond and Clyde Pipe Band,,,website,26/01/2021,False,Music,MUSIC : PIPING,,"Site of a pipe band afficliated to the Royal Scottish Pipe Band Association, located in Glasgow.","Glasgow",
129363,"Govan Schools Pipes & Drums Association, The",https://gspda.co/,The Govan Schools Pipes & Drums Association,,,website,26/01/2021,False,Music,MUSIC : PIPING,,"Site of a pipe band association affiliated to the Royal Scottish Pipe Band Association, located in Govan, Glasgow. SC044971.","Govan",
129368,Glasgow Police Pipe Band,https://www.glasgowpolicepipeband.com/,Greater Glasgow Police Scotland Pipe Band,Q7622048,https://www.wikidata.org/wiki/Q7622048,website,26/01/2021,False,Music,MUSIC : PIPING,,"Site of a pipe band affiliated to the Royal Scottish Pipe Band Association, located in Glasgow.","Glasgow",
129375,Inverclyde Juvenile Pipe Band & Lower Clyde Pipes & Drums.,https://inverpbs.com/,Inverclyde Juvenile Pipe Band & Lower Clyde Pipes & Drums,,,website,26/01/2021,False,Music,MUSIC : PIPING,,"Site of a pipe band affiliated to the Royal Scottish Pipe Band Association, located in Inverclyde.","Inverclyde",
129377,Bothwell Castle Pipe Band,https://bcpb.webs.com/,Bothwell Castle Pipe Band,,,website,26/01/2021,False,Music,MUSIC : PIPING,,"Site of a pipe band affiliated to the Royal Scottish Pipe Band Association, located in Uddingston, South Lanarkshire.","South Lanarkshire, Uddingston",
129379,Kilrea Pipe Band,http://www.kilreapipeband.org/www.kilreapipeband.com/,Kilrea Pipe Band,,,website,26/01/2021,False,Music,MUSIC : PIPING,,"Site of a pipe band affiliated to the Royal Scottish Pipe Band Association, located in Kilrea, County Derry / Londonderry, Northern Ireland.","Kilrea, Northern Ireland",
129380,Mains of Fintry Pipe Band,http://www.mainsoffintrypipeband.com/,Mains of Fintry Pipe Band,,,website,26/01/2021,False,Music,MUSIC : PIPING,,"Site of a pipe band affiliated to the Royal Scottish Pipe Band Association, located in Fintry, Dundee.","Fintry",
129439,Alyth and District Pipe Band,http://www.alythpipeband.org.uk/,Alyth and District Pipe Band,,,website,26/01/2021,False,Music,MUSIC : PIPING,,"Site of a pipe band affiliated to the Royal Scottish Pipe Band Association, located in Alyth, Perth & Kinross.","Alyth",
129440,Duns Pipe Band,http://www.dunspipeband.org/,Duns Pipe Band,,,website,26/01/2021,False,Music,MUSIC : PIPING,,"Site of a pipe band affiliated to the Royal Scottish Pipe Band Association, located in Duns, Scottish Borders.","Duns",
129443,Edradour Pitlochry and Blair Atholl Pipe Band,http://www.pbapb.org/,Edradour Pitlochry and Blair Atholl Pipe Band,,,website,26/01/2021,False,Music,MUSIC : PIPING,,"Site of a pipe band affiliated to the Royal Scottish Pipe Band Association, located in Perth & Kinross.","Perth and Kinross",
129448,Inverurie Pipeband,http://www.inveruriepipeband.org.uk/,Inverurie Pipeband,,,website,26/01/2021,False,Music,MUSIC : PIPING,,"Site of a pipe band affiliated to the Royal Scottish Pipe Band Association, located in Inverurie, Aberdeenshire.","Inverurie, Aberdeenshire",
129454,Gatwick Caledonian Pipe Band,http://www.gatwickcaledonianpipeband.co.uk/,Gatwick Caledonian Pipe Band,,,website,26/01/2021,False,Music,MUSIC : PIPING,,"Site of a pipe band affiliated to the Royal Scottish Pipe Band Association, located in Copthorne, West Sussex.","West Sussex, Copthorne",
129460,Elgin & District Pipe Band,http://www.elginpipeband.com/,Elgin & District Pipe Band,,,website,26/01/2021,False,Music,MUSIC : PIPING,,"Site of a pipe band affiliated to the Royal Scottish Pipe Band Association, located in Elgin, Moray.",,
129462,City of Preston Pipe Band,https://www.cityofprestonpipesanddrums.org/,City of Preston Pipe Band,,,website,26/01/2021,False,Music,MUSIC : PIPING,,"Site of a pipe band affiliated to the Royal Scottish Pipe Band Association, located in Preston, Lancashire.","Lancashire, Preston",
129482,Royal Corps of Signals Pipes and Drums,https://royalsignals.org/r-signals-pipes-and-drums/,Royal Corps of Signals,Q1322747,https://www.wikidata.org/wiki/Q1322747,website,27/01/2021,False,Music,MUSIC : PIPING,,"Site of a pipe band affiliated to the Royal Scottish Pipe Band Association, located in Blandford Camp, Dorset, attached to the Royal Corps of Signals in the British Army.",,
129488,Oban High School Pipe Band,http://ohspipeband.org.uk/,Oban High School Pipe Band,,,website,27/01/2021,False,Music,MUSIC : PIPING,,"Site of a pipe band affiliated to the Royal Scottish Pipe Band Association, located in Oban, Argyll & Bute. See also",,
129489,Stonehaven Pipe Band,http://www.stonehavenpipeband.co.uk/,Stonehaven Pipe Band,,,website,27/01/2021,False,Music,MUSIC : PIPING,,"Site of a pipe band affiliated to the Royal Scottish Pipe Band Association, located in Stonehaven, Aberdeenshire. See also http://www.stonehavenpipeband.com/.","Stonehaven, Aberdeenshire",
129490,Lewis Pipe Band,http://www.lewispipeband.co.uk/,Lewis Pipe Band,,,website,27/01/2021,False,Music,MUSIC : PIPING,,"Site of a pipe band affiliated to the Royal Scottish Pipe Band Association, located in Stornoway, Isle of Lewis, Western Isles.","Stornoway, Isle of Lewis",
129505,Warrington Pipe Band,http://www.warringtonpipeband.co.uk/,Warrington Pipe Band,,,website,27/01/2021,False,Music,MUSIC : PIPING,,"Site of a pipe band affiliated to the Royal Scottish Pipe Band Association, located in Warrington, Cheshire.","Warrington",
129506,Wick RBLS Pipe Band,http://www.wickpipeband.org/,Wick Royal British Legion Scotland Pipe Band,,,website,27/01/2021,False,Music,MUSIC : PIPING,,"Site of a pipe band affiliated to the Royal Scottish Pipe Band Association, located in Wick, Caithness, Highland. See also https://www.facebook.com/Wick-RBLS-Pipe-Band-296728761121/.",,
129512,Practical Pipers,http://www.practicalpipers.co.uk/,Practical Pipers Society,,,website,27/01/2021,False,Music,MUSIC : PIPING,,"Site of a pipe band affiliated to the Royal Scottish Pipe Band Association, located in Broughty Ferry, Dundee.","Broughty Ferry",
129553,Gairloch & District Pipe Band,https://gairlochpipeband.co.uk/,Gairloch & District Pipe Band,,,website,27/01/2021,False,Music,MUSIC : PIPING,,"Site of a pipe band affiliated to the Royal Scottish Pipe Band Association, located in Gairloch, Highland. SC045569.","Gairloch",
129555,Northern Ireland Piping and Drumming School,https://nipds.org/,Northern Ireland Piping and Drumming School,,,website,27/01/2021,False,Music,MUSIC : PIPING,,"Site of a pipe band tuition school affiliated to the Royal Scottish Pipe Band Association, with locations in Enniskillen, Lisburn and Dungannon, Northern Ireland.","Northern Ireland Piping",
129558,Scots Association Pipes and Drums (South),https://sgapanddsouth.com/,Scots Association Pipes and Drums (South),,,website,27/01/2021,False,Music,MUSIC : PIPING,,"Site of a pipe band affiliated to the Royal Scottish Pipe Band Association, located in London.","London",
129559,Scottish Power Pipe Band,https://www.scottishpowerpipeband.com/,Scottish Power Pipe Band,,,website,27/01/2021,False,Music,MUSIC : PIPING,,"Site of a pipe band affiliated to the Royal Scottish Pipe Band Association, and attached to the energy company Scottish Power.",,
129566,City of Bristol Pipes and Drums,https://bristolpipeband.org/,City of Bristol Pipes and Drums,,,website,27/01/2021,False,Music,MUSIC : PIPING,,"Site of a pipe band affiliated to the Royal Scottish Pipe Band Association, located in Bristol.","Bristol",
129571,Forres & Disctrict Pipe Band,https://forrespipeband.co.uk/,Forres & Disctrict Pipe Band,,,website,27/01/2021,False,Music,MUSIC : PIPING,,"Site of a pipe band affiliated to the Royal Scottish Pipe Band Association, located in Forres, Moray.",,
129614,Stromness RBL Pipe Band,https://stromnesspipeband.co.uk/,Stromness RBL Pipe Band,,,website,28/01/2021,False,Music,MUSIC : PIPING,,"Site of a pipe band affiliated to the Royal Scottish Pipe Band Association, located in Stromness, Orkney.","Stromness",
129617,Closkelt Pipe Band,https://www.closkelt.co.uk/,Closkelt Pipe Band,,,website,28/01/2021,False,Music,MUSIC : PIPING,,"Site of a pipe band affiliated to the Royal Scottish Pipe Band Association, located in Closkelt, County Down, Northern Ireland.","Closkelt, County Down, Northern Ireland",
129620,Manchester Phoenix Pipe Band,https://www.manchesterphoenixpipeband.co.uk/,Manchester Phoenix Pipe Band,,,website,28/01/2021,False,Music,MUSIC : PIPING,,"Site of a pipe band affiliated to the Royal Scottish Pipe Band Association, located in Manchester.","Manchester",
129622,Williamwood Pipe Band,https://www.williamwoodpipeband.com/,Williamwood Pipe Band,,,website,28/01/2021,False,Music,MUSIC : PIPING,,"Site of a pipe band affiliated to the Royal Scottish Pipe Band Association, located in Clarkston, Glasgow.","Clarkston",
130563,FiddleFolk,http://www.fiddlefolk.co.uk/,FiddleFolk,,,website,08/02/2021,False,Music,MUSIC : TRADITIONAL / FOLK,,"Site of an organisation located in Lochgoilhead, Argyll & Bute whic offers tuition in traditional Scottish fiddle music. SC038185.",,
134186,Sonas,http://www.sonas.me.uk/,Sonas,,,website,17/03/2021,False,Music,MUSIC : CHOIRS,,Site of an acappella music group located in the North East of Scotland.,,
141434,Hipsway,https://hipswayofficial.com/,Hipsway,Q5768687,https://www.wikidata.org/wiki/Q5768687,website,25/06/2021,False,Music,"MUSIC : INDIE, POP, ALTERNATIVE & ROCK",,Site of a Scottish rock & pop music group.,,
141452,BMX Bandits,https://bmxbandits.net/,BMX Bandits,Q4836098,https://www.wikidata.org/wiki/Q4836098,website,25/06/2021,False,Music,"MUSIC : INDIE, POP, ALTERNATIVE & ROCK",,Site of a Scottish alternative music group.,,
143827,Bad Name : a tribute to Bon Jovi,http://bad-name.com/,Bad Name,,,website,06/07/2021,False,Music,"MUSIC : INDIE, POP, ALTERNATIVE & ROCK",,Site of a Scottish Bon Jovi tribute band.,"Bon Jovi",
143832,Cruise Wedding Band,https://www.cruiseweddingband.co.uk/,Cruise Wedding Band,,,website,06/07/2021,False,Music,MUSIC : FUNCTION BAND,,Site of a Scottish function band.,,
143835,Greater Lanarkshire Auricular Research Council (GLARC),https://glarc.net/,Greater Lanarkshire Auricular Research Council (GLARC),,,website,06/07/2021,False,Music,MUSIC : RECORD COMPANY,,Site of a Scottish music production and record company.,,
141896,Colon Open Bracket,http://colonopenbracket.co.uk/,Colon Open Bracket,,,website,12/07/2021,False,Music,"MUSIC : INDIE, POP, ALTERNATIVE & ROCK",,Site of a Scottish alternative music group.,,
141897,"Birthday Suit, The",http://thebirthdaysuit.co.uk/,The Birthday Suit,Q7718149,https://www.wikidata.org/wiki/Q7718149,website,12/07/2021,False,Music,"MUSIC : INDIE, POP, ALTERNATIVE & ROCK",,Site of a Scottish alternative music group.,,
141901,Miniature Dinosaurs,http://www.miniaturedinosaurs.co.uk/,Miniature Dinosaurs,Q6865133,https://www.wikidata.org/wiki/Q6865133,website,12/07/2021,False,Music,"MUSIC : INDIE, POP, ALTERNATIVE & ROCK",,Site of a Scottish pop / rock music group.,,
141903,"Fakes, The",http://thefakes.scot/,The Fakes,,,website,12/07/2021,False,Music,"MUSIC : INDIE, POP, ALTERNATIVE & ROCK",,Site of a Scottish alternative music group.,,
141905,Kevin McDermott Orchestra,https://www.kevinmcdermottorchestra.co.uk/,Kevin McDermott,,,website,12/07/2021,False,Music,"MUSIC : INDIE, POP, ALTERNATIVE & ROCK",,Site of a Scottish rock music group.,,
141965,"Leg, The",http://www.ihatetheleg.co.uk/,The Leg,,,website,13/07/2021,False,Music,"MUSIC : INDIE, POP, ALTERNATIVE & ROCK",,Site of a Scottish rock music group.,,
141968,"Poets, The",http://www.the-poets.co.uk/,The Poets,,,website,13/07/2021,False,Music,"MUSIC : INDIE, POP, ALTERNATIVE & ROCK",,Site of a Scottish rock music group.,,
141969,Spare Snare,http://www.wearethesnare.com/,Spare Snare,Q3492690,https://www.wikidata.org/wiki/Q3492690,website,13/07/2021,False,Music,"MUSIC : INDIE, POP, ALTERNATIVE & ROCK",,Site of a Scottish rock music group.,,
141970,Nazareth (band),https://www.nazarethdirect.co.uk/,Nazareth,,,website,13/07/2021,False,Music,"MUSIC : INDIE, POP, ALTERNATIVE & ROCK",,Site of a Scottish rock music group.,,
141971,"Almighty, The (band)",https://www.thealmighty.co.uk/,The Almighty,Q447908,https://www.wikidata.org/wiki/Q447908,website,13/07/2021,False,Music,"MUSIC : INDIE, POP, ALTERNATIVE & ROCK",,Site of a Scottish rock music group.,,
141974,"Phantom Band, The",http://www.phantomband.co.uk/,The Phantom Band,Q2413440,https://www.wikidata.org/wiki/Q2413440,website,13/07/2021,False,Music,"MUSIC : INDIE, POP, ALTERNATIVE & ROCK",,Site of a Scottish alternative music group.,,
141983,Coast,https://www.coast.band/,Coast,,,website,13/07/2021,False,Music,"MUSIC : INDIE, POP, ALTERNATIVE & ROCK",,Site of a Scottish rock music group.,,
141992,Friends Again (band),https://www.friendsagain.co.uk/,Friends Again,Q5504155,https://www.wikidata.org/wiki/Q5504155,website,13/07/2021,False,Music,"MUSIC : INDIE, POP, ALTERNATIVE & ROCK",,Site of a Scottish alternative music group.,,
141998,"Hedrons, The",https://www.tippimusic.com/,The Hedrons,Q7739296,https://www.wikidata.org/wiki/Q7739296,website,13/07/2021,False,Music,"MUSIC : INDIE, POP, ALTERNATIVE & ROCK",,Site of a Scottish rock music group.,,
142003,Kid Canaveral,https://www.kidcanaveral.com/,Kid Canaveral,Q14159346,https://www.wikidata.org/wiki/Q14159346,website,13/07/2021,False,Music,"MUSIC : INDIE, POP, ALTERNATIVE & ROCK",,Site of a Scottish rock music group.,,
142008,Little Eye (band),http://littleeyeband.com/,Little Eye,Q16237907,https://www.wikidata.org/wiki/Q16237907,website,13/07/2021,False,Music,"MUSIC : INDIE, POP, ALTERNATIVE & ROCK",,Site of a Scottish pop / rock music group.,,
142013,Modern Studies,https://modernstudiestheband.com/,Modern Studies,Q96393620,https://www.wikidata.org/wiki/Q96393620,website,13/07/2021,False,Music,"MUSIC : INDIE, POP, ALTERNATIVE & ROCK",,Site of a Scottish pop music group.,,
142017,"Silencers, The",https://www.thesilencersmusic.com/,The Silencers,Q495973,https://www.wikidata.org/wiki/Q495973,website,13/07/2021,False,Music,"MUSIC : INDIE, POP, ALTERNATIVE & ROCK",,Site of a Scottish rock music group.,,
142062,"Kazoo Funk Orchestra, The",http://kazoofunkorchestra.co.uk/,The Kazoo Funk Orchestra,Q7744021,https://www.wikidata.org/wiki/Q7744021,website,13/07/2021,False,Music,"MUSIC : INDIE, POP, ALTERNATIVE & ROCK",,Site of a Scottish alternative music group.,,
142071,"Hurricanes, The",https://thehurricanesrockabilly.com/,The Hurricanes,,,website,13/07/2021,False,Music,"MUSIC : INDIE, POP, ALTERNATIVE & ROCK",,Site of a Scottish alternative music group.,,
142084,Sand,http://www.sandtheband.com/,Sand,,,website,13/07/2021,False,Music,"MUSIC : INDIE, POP, ALTERNATIVE & ROCK",,Site of a Scottish rock music group.,,
142098,Supermarionation (band),http://www.supermarionation.co.uk/,Supermarionation,Q7643943,https://www.wikidata.org/wiki/Q7643943,website,13/07/2021,False,Music,"MUSIC : INDIE, POP, ALTERNATIVE & ROCK",,Site of a Scottish rock music group.,,
142133,Astrid (band),https://www.astridmusic.net/,Astrid,,,website,14/07/2021,False,Music,"MUSIC : INDIE, POP, ALTERNATIVE & ROCK",,Site of a Scottish pop music group.,,
142143,Glasband 80,http://www.glasband80.co.uk/,Glasband 80,,,website,14/07/2021,False,Music,"MUSIC : INDIE, POP, ALTERNATIVE & ROCK",Music history,Site chronicling the pub / rock music scene in Glasgow.,"Glasgow",
142144,Borded Teenagers,https://www.boredteenagers.co.uk/,Detour Records,Q5265793,https://www.wikidata.org/wiki/Q5265793,website,14/07/2021,False,Music,"MUSIC : INDIE, POP, ALTERNATIVE & ROCK",Music history,Site chronicling the youth music explosion during the late 1970s and early 1980s.,,
142150,Punky Gibbon,http://www.falkirkmusicscene.co.uk/,Falkirk Music Scene,,,website,14/07/2021,False,Music,"MUSIC : INDIE, POP, ALTERNATIVE & ROCK",Music history,Site of a database of popular music groups based in the Falkirk area.,,
142151,Benny Gallagher,http://www.bennygallagher.com/,Benny Gallagher,,,website,14/07/2021,False,Music,"MUSIC : INDIE, POP, ALTERNATIVE & ROCK",,Site of a Scottish rock musician.,,
142153,Brian Joseph Friel,http://www.brianfriel.co.uk/,Brian Joseph Friel,,,website,14/07/2021,False,Music,"MUSIC : INDIE, POP, ALTERNATIVE & ROCK",,Site of a Scottish folk/country/rock'n'roll singer/songwriter and guitar player.,,
142155,Maeve O'Boyle,http://www.maeveoboyle.co.uk/,Maeve O'Boyle,,,website,14/07/2021,False,Music,"MUSIC : INDIE, POP, ALTERNATIVE & ROCK",,Site of a Scottish singer-songwriter.,,
142156,Rico [aka Rico Capuano],http://www.rico.co.uk/,Rico,Q765104,https://www.wikidata.org/wiki/Q765104,website,14/07/2021,False,Music,"MUSIC : INDIE, POP, ALTERNATIVE & ROCK",,Site of a Scottish musician also known as Rico Capuano.,,
142171,Angela McCluskey,http://www.angelamccluskey.com/,Angela McCluskey,,,website,14/07/2021,False,Music,"MUSIC : INDIE, POP, ALTERNATIVE & ROCK",,Site of a Scottish singer and songwriter.,,
142185,Paul Haig,http://www.paulhaig.com/,Paul Haig,,,website,14/07/2021,False,Music,"MUSIC : INDIE, POP, ALTERNATIVE & ROCK",,"Site of a Scottish musician and songwriter, and member of the alternative rock band Josef K.",,
142193,Astrid Williamson,https://astridwilliamson.co.uk/,Astrid Williamson,,,website,14/07/2021,False,Music,"MUSIC : INDIE, POP, ALTERNATIVE & ROCK",,Site of a Scottish singer and songwriter.,,
142208,Babe,http://www.babeband.co.uk/,Babe,,,website,14/07/2021,False,Music,"MUSIC : INDIE, POP, ALTERNATIVE & ROCK",,Site of a Scottish rock / pop band based in Glasgow.,"Glasgow",
142431,Army of Moths,https://armyofmoths.com/,Army of Moths,,,website,19/07/2021,False,Music,"MUSIC : INDIE, POP, ALTERNATIVE & ROCK",,Site of a Scottish rock band.,,
142441,Louise McConnell,https://louiseconnell.com/,Louise McConnell,,,website,19/07/2021,False,Music,"MUSIC : INDIE, POP, ALTERNATIVE & ROCK",,"Site of a Scottish singer-songwriter, formerly performing under the name Reverieme.",,
142479,Tommy Reilly (Scottish musician),https://www.tommyreillymusic.com/,Tommy Reilly,,,website,20/07/2021,False,Music,"MUSIC : INDIE, POP, ALTERNATIVE & ROCK",,Site of a Scottish singer-songwriter.,,
142481,Hed Swim,http://www.hedswim.com/,Hed Swim,,,website,20/07/2021,False,Music,"MUSIC : INDIE, POP, ALTERNATIVE & ROCK",,Site of a Scottish alternative rock band.,,
142502,Alex Hodgson,https://www.alexhodgson.net/,Alex Hodgson,,,website,20/07/2021,False,Music,MUSIC : TRADITIONAL / FOLK,,Site of a Scottish singer-songwriter.,,
142509,"Byson Family, The",https://www.thebysonfamily.com/,The Byson Family,,,website,20/07/2021,False,Music,"MUSIC : INDIE, POP, ALTERNATIVE & ROCK",,Site of a Scottish band.,,
142511,Electrobuddha,http://www.electrobuddha.com/,Electrobuddha,,,website,20/07/2021,False,Music,"MUSIC : INDIE, POP, ALTERNATIVE & ROCK",,Site of a Scottish psychedelic rock musician.,,
142617,Herschel 36,http://www.herschel36.com/,Herschel 36,,,website,21/07/2021,False,Music,MUSIC : JAZZ,,"Site of a Scottish jazz music project to create a score for the 1925 German silent film 'Wunder der Schöpfung', in conjunction with the Bo'ness Hippodrome Silent Film Festival.",,
142633,Paul Research,https://paulresearch.co.uk/,Paul Research,,,website,21/07/2021,False,Music,"MUSIC : INDIE, POP, ALTERNATIVE & ROCK",,Site of a Scottish musician.,,
142636,"Ninth Wave, The",https://theninthwave.online/,The Ninth Wave,,,website,21/07/2021,False,Music,"MUSIC : INDIE, POP, ALTERNATIVE & ROCK",,Site of a Scottish alternative rock band.,,
142651,Peter Cat,https://www.petercat.co.uk/,Peter Cat,,,website,21/07/2021,False,Music,"MUSIC : INDIE, POP, ALTERNATIVE & ROCK",,Site of a Scottish band.,,
142679,Kevin MacKenzie,http://www.kevinmackenzie.co.uk/Kevin_Mackenzie/,Kevin MacKenzie,,,website,22/07/2021,False,Music,MUSIC,,Site of a Scottish composer and musician.,,
142682,Sean Focus,http://www.badmanfocus.com/,Sean Focus,,,website,22/07/2021,False,Music,"MUSIC : INDIE, POP, ALTERNATIVE & ROCK",,Site of a musician based in Scotland.,,
142723,Calum MacCrimmon,https://calummaccrimmon.co.uk/,Calum MacCrimmon,,,website,22/07/2021,False,Music,MUSIC : TRADITIONAL / FOLK,,Site of a Scottish traditional / folk musician.,,
142735,"Shee, The",https://theshee.com/,The Shee,,,website,22/07/2021,False,Music,MUSIC : TRADITIONAL / FOLK,,Site of a Scottish folk band.,,
142740,Innes White,https://www.inneswhite.com/,Innes White,,,website,22/07/2021,False,Music,MUSIC : TRADITIONAL / FOLK,,Site of a Scottish traditional / folk musician.,,
142745,Randolph's Leap,https://www.randolphsleap.co.uk/,Randolph's Leap,Q18217203,https://www.wikidata.org/wiki/Q18217203,website,22/07/2021,False,Music,MUSIC : TRADITIONAL / FOLK,,Site of a Scottish folk band.,,
142752,Rory Butler,https://www.rorybutler.co.uk/,Rory Butler / Vertical Records,,,website,22/07/2021,False,Music,"MUSIC : INDIE, POP, ALTERNATIVE & ROCK",,Site of a Scottish singer-songwriter.,,
142757,Sianar,https://www.sianarofficial.com/,Sianar,,,website,22/07/2021,False,Music,"MUSIC : INDIE, POP, ALTERNATIVE & ROCK",,Site of a Scottish rock band.,,
142762,Steven Blake,https://www.stevenblakemusic.co.uk/,Steven Blake,,,website,22/07/2021,False,Music,MUSIC : TRADITIONAL / FOLK,,Site of a Scottish traditional / folk musician.,,
142765,Tom Stephenson,https://www.tomstephensonmusic.com/,Tom Stephenson,,,website,22/07/2021,False,Music,"MUSIC : INDIE, POP, ALTERNATIVE & ROCK",,Site of a musician based in Scotland.,,
142770,Moolah Rouge,https://www.moolahrouge.co.uk/,Moolah Rouge,,,website,22/07/2021,False,Music,MUSIC : RECORD COMPANY,Recording,Site of a Scottish record company co-located in Manchester and the Scottish Highlands.,"Manchester",
142863,John Knox Sex Cub,http://www.johnknoxsexclub.com/,John Knox Sex Cub,,,website,23/07/2021,False,Music,"MUSIC : INDIE, POP, ALTERNATIVE & ROCK",,Site of a Scottish alternative / indie band.,,
142864,Over the Wall,http://www.weareoverthewall.com/,Over the Wall,,,website,23/07/2021,False,Music,"MUSIC : INDIE, POP, ALTERNATIVE & ROCK",,Site of a Scottish alternative / indie band.,,
142871,Out of the Swim,https://outoftheswim.com/,Out of the Swim,,,website,23/07/2021,False,Music,"MUSIC : INDIE, POP, ALTERNATIVE & ROCK",,Site of a Scottish electronica band.,,
142874,Paper Birch,https://www.paperbirch.band/,Paper Birch,,,website,23/07/2021,False,Music,"MUSIC : INDIE, POP, ALTERNATIVE & ROCK",,Site of an Anglo-Scots alternative music band.,,
142885,"Vegan Leather, The",https://www.theveganleather.co.uk/,The Vegan Leather,,,website,23/07/2021,False,Music,"MUSIC : INDIE, POP, ALTERNATIVE & ROCK",,Site of a Scottish alternative / indie band.,,
142886,WHYTE,https://www.whytenoise.co.uk/,WHYTE,,,website,23/07/2021,False,Music,"MUSIC : INDIE, POP, ALTERNATIVE & ROCK",,Site of a Scottish traditional / folk band crossing over into electronica.,,
142990,Chris Stout,http://www.chrisstout.co.uk/,Chris Stout,,,website,26/07/2021,False,Music,MUSIC : TRADITIONAL / FOLK,,Site of a Scottish traditional / folk musician.,,
142991,Errors,http://www.weareerrors.com/,Errors,,,website,26/07/2021,False,Music,"MUSIC : INDIE, POP, ALTERNATIVE & ROCK",,Site of a Scottish electronica band.,,
142994,C Duncan,http://www.c-duncan.co.uk/,C Duncan,,,website,26/07/2021,False,Music,MUSIC,,Site of a Scottish composer and musician.,,
143000,Be Charlotte [Charlotte Brimner],https://iambecharlotte.com/,Be Charlotte,,,website,26/07/2021,False,Music,"MUSIC : INDIE, POP, ALTERNATIVE & ROCK",,"Site of a Scottish singer-songwriter and musician, also known as Charlotte Brimner.",,
143001,Afro Celt Sound System,https://www.afroceltsoundsystem.org.uk/,Afro Celt Sound System,Q325111,https://www.wikidata.org/wiki/Q325111,website,26/07/2021,False,Music,MUSIC : TRADITIONAL / FOLK,,Site of a band combining electronic music with traditional Gaelic and West African music.,,
143007,Ded Rabbit,https://www.dedrabbit.net/,Ded Rabbit,,,website,26/07/2021,False,Music,"MUSIC : INDIE, POP, ALTERNATIVE & ROCK",,Site of a Scottish alternative / indie band.,,
143009,Edwin Organ,https://www.edwinorgan.com/,Edwin Organ,,,website,26/07/2021,False,Music,"MUSIC : INDIE, POP, ALTERNATIVE & ROCK",,Site of a Scottish singer-songwriter and musician.,,
143023,Fiddlers˚ Bid,http://www.fiddlersbid.com/,Fiddlers' Bid,Q5446699,https://www.wikidata.org/wiki/Q5446699,website,26/07/2021,False,Music,MUSIC : TRADITIONAL / FOLK,,Site of a Scottish traditional / folk band.,,
143034,Happy Particles,https://www.happyparticles.com/,Happy Particles,,,website,26/07/2021,False,Music,"MUSIC : INDIE, POP, ALTERNATIVE & ROCK",,Site of a Scottish alternative / indie band.,,
143096,JR Green,https://www.jrgreenmusic.co.uk/,JR Green,,,website,27/07/2021,False,Music,MUSIC : TRADITIONAL / FOLK,,Site of a Scottish traditional / folk band.,,
143098,Malcom Middleton,https://www.malcolmmiddleton.com/,Malcolm Middleton,,,website,27/07/2021,False,Music,"MUSIC : INDIE, POP, ALTERNATIVE & ROCK",,Site of a Scottish indie-alternative musician.,,
143105,Little Love & the Friendly Vibes,http://www.littleloveandthefriendlyvibes.com/,Little Love & the Friendly Vibes,,,website,27/07/2021,False,Music,"MUSIC : INDIE, POP, ALTERNATIVE & ROCK",,Site of a Scottish alternative / indie band.,,
143107,Out Lines,https://outlinesmusic.com/,Out Lines,,,website,27/07/2021,False,Music,"MUSIC : INDIE, POP, ALTERNATIVE & ROCK",,Site of a Scottish alternative-indie band.,,
143109,Kevin Henderson,http://kevinhenderson.co.uk/,Kevin Henderson,,,website,27/07/2021,False,Music,MUSIC : TRADITIONAL / FOLK,,Site of a Scottish traditional / folk musician.,,
143129,scottish-folk-music.com,http://www.scottish-folk-music.com/,scottish-folk-music.com,,,website,27/07/2021,False,Music,MUSIC : TRADITIONAL / FOLK,,"Site listing information about musicians, bands, venues, festivals, clubs and songs in Scotland.",,
143182,Rascalton,https://rascalton.com/,Rascalton,,,website,28/07/2021,False,Music,"MUSIC : INDIE, POP, ALTERNATIVE & ROCK",,Site of a Scottish alternative-indie band.,,
143187,Treacherous Orchestra,https://www.treacherousorchestra.com/,Treacherous Orchestra,Q28966551,https://www.wikidata.org/wiki/Q28966551,website,28/07/2021,False,Music,MUSIC : TRADITIONAL / FOLK,,Site of a Scottish traditional / folk band.,,
143190,RM Hubbert,http://www.rmhubbert.com/,RM Hubbert,,,website,28/07/2021,False,Music,"MUSIC : INDIE, POP, ALTERNATIVE & ROCK",,Site of a Scottish singer-songwriter and musician.,,
143201,"Spooks, The",http://www.egomaniaenterprises.com/joomla/,Spooks,Q1834129,https://www.wikidata.org/wiki/Q1834129,website,28/07/2021,False,Music,"MUSIC : INDIE, POP, ALTERNATIVE & ROCK",,Site of a Scottish alternative-indie band.,,
143211,Paul McGeechan,https://www.paulmcgeechan.co.uk/,Paul McGeechan,,,website,28/07/2021,False,Music,MUSIC,,"Site of a Scottish musician, and member of bands Friends Again, Love & Money and Starless.",,
143212,Brass Jaw,http://www.brassjaw.co.uk/,Brass Jaw,,,website,28/07/2021,False,Music,MUSIC : JAZZ,,Site of a Scottish jazz band.,,
143214,Brass Jaw,https://artistecard.com/brassjaw/,Brass Jaw,,,website,28/07/2021,False,Music,MUSIC : JAZZ,,Site of a Scottish jazz band.,,
143219,Declan Forde,https://declanfordemusic.com/,Declan Forde,,,website,28/07/2021,False,Music,MUSIC : JAZZ,,"Site of a Scottish jazz pianist, improviser and composer.",,
143257,JazzMain,http://www.jazzmain.com/,JazzMain,,,website,29/07/2021,False,Music,MUSIC : JAZZ,,Site of a Scottish jazz band.,,
143277,Steve Hamilton,https://stevehamilton.co.uk/,Steve Hamilton,,,website,29/07/2021,False,Music,MUSIC : JAZZ,,Site of a Scottish jazz musician.,,
143279,Brodie Jarvie,https://brodiejarvie.com/,Brodie Jarvie,,,website,29/07/2021,False,Music,MUSIC : JAZZ,,Site of a Scottish jazz musician.,,
143281,Laura Wilkie,http://www.laurawilkiemusic.com/,Laura Wilkie,,,website,29/07/2021,False,Music,MUSIC : TRADITIONAL / FOLK,,Site of a Scottish traditional / folk musician.,,
143283,Richard Ingham,https://www.saxingham.com/,Largo Music / saxingham.com,,,website,29/07/2021,False,Music,MUSIC,,"Site of a saxophonist, composer, conductor and educator based in Scotland.",,
143284,Ian Millar & Dominic Spencer,https://www.millarandspencer.co.uk/,Ian Millar / Dominic Spencer,,,website,29/07/2021,False,Music,MUSIC : JAZZ,,Site of a Scottish jazz duo.,,
143286,"Classic Jazz Orchestra, The",http://www.classicjazzorchestra.org.uk/,The Classic Jazz Orchestra,,,website,29/07/2021,False,Music,MUSIC : JAZZ,,Site of a Scottish jazz band.,,
143287,Stephen Duffy,https://stephenduffyjazz.com/,Stephen Duffy,,,website,29/07/2021,False,Music,MUSIC : JAZZ,,"Site of a Scottish jazz vocalist, broadcaster and voice artist.",,
143288,Michael Owers,http://www.michaelowers.com/,Michael Owers,,,website,29/07/2021,False,Music,MUSIC : JAZZ,,Site of a Scottish jazz musician.,,
143289,Questio io,http://www.questio.io/,Questio Io,,,website,29/07/2021,False,Music,MUSIC : TRADITIONAL / FOLK,,Site of a Scottish jazz / folk band.,,
143314,Bob Knight,http://www.knightfolk.com/,Bob Knight,,,website,29/07/2021,False,Music,MUSIC : TRADITIONAL / FOLK,,Site of a Scottish traditional / folk musician.,,
143320,"Banana Sessions, The",https://www.thebananasessions.com/,The Banana Sessions,,,website,29/07/2021,False,Music,"MUSIC : INDIE, POP, ALTERNATIVE & ROCK",,Site of a Scottish band.,,
143329,Boys of the Lough,http://boysofthelough.info/,The Boys of the Lough,Q896059,https://www.wikidata.org/wiki/Q896059,website,29/07/2021,False,Music,MUSIC : TRADITIONAL / FOLK,,Site of a Scottish-Irish traditional / folk band.,,
143347,CherryGrove,http://www.cherrygrovemusic.com/,Cherry Grove,,,website,30/07/2021,False,Music,MUSIC : TRADITIONAL / FOLK,,Site of a Scottish traditional / folk band.,,
143348,Corralach,https://www.corralach.co.uk/,Corralach,,,website,30/07/2021,False,Music,MUSIC : TRADITIONAL / FOLK,,Site of a Scottish traditional / folk duo.,,
143349,Eilidh Grant,https://www.eilidhgrant.com/,Eilidh Grant,,,website,30/07/2021,False,Music,MUSIC : TRADITIONAL / FOLK,,Site of a Scottish traditional / folk singer-songwriter and musician.,,
143350,Gibby MacNaught,https://www.gibbymac.co.uk/,Gibbymac Music,,,website,30/07/2021,False,Music,MUSIC : TRADITIONAL / FOLK,,Site of a Scottish traditional / folk singer-songwriter and musician.,,
143378,Dante,https://www.dantemusic.com/,Dante,,,website,30/07/2021,False,Music,MUSIC : TRADITIONAL / FOLK,,Site of a Scottish traditional / folk band.,,
143395,Gaberlunzie,http://www.gaberlunzie.com/,Gaberlunzie,,,website,30/07/2021,False,Music,MUSIC : TRADITIONAL / FOLK,,Site of a Scottish traditional / folk duo.,,
143398,Haggerdash,http://haggerdash.co.uk/,Haggerdash,,,website,30/07/2021,False,Music,MUSIC : TRADITIONAL / FOLK,,Site of a Scottish traditional / folk band.,,
143400,Heidrum,http://heidrum.com/,Heidrum,,,website,30/07/2021,False,Music,MUSIC : TRADITIONAL / FOLK,,,,
143440,Jo Philby Band,http://www.jophilby.co.uk/,Jo Philby,,,website,02/08/2021,False,Music,MUSIC : TRADITIONAL / FOLK,,Site of a folk / traditional musician based in Scotland.,,
143442,Makadin,http://www.mak-a-din.co.uk/,Mak a din,,,website,02/08/2021,False,Music,MUSIC : TRADITIONAL / FOLK,,Site of a Scots-Irish traditional / folk duo.,,
143444,Tarneybackle,http://www.tarneybackle.co.uk/,Tarneybackle,,,website,02/08/2021,False,Music,MUSIC : TRADITIONAL / FOLK,,Site of a Scottish traditional / folk band.,,
143446,Linsey Aitken and Ken Campbell,http://www.theidealbandscotland.co.uk,Linsey Aitken and Ken Campbell,,,website,02/08/2021,False,Music,MUSIC : TRADITIONAL / FOLK,,Site of a Scottish traditional / folk duo.,,
143465,Lilian Ross,https://lilianross.com/,Lilian Ross,,,website,02/08/2021,False,Music,MUSIC : TRADITIONAL / FOLK,,Site of a Scottish traditional / folk singer and musician.,,
143467,Steven Clark,http://www.stevenclarksongs.me.uk/,Steven Clark,,,website,02/08/2021,False,Music,MUSIC : TRADITIONAL / FOLK,,Site of a Scottish traditional / folk musician.,,
143468,Tim Wright and his Band,http://www.thetimwrightsound.co.uk/,Tim Wright and his Band,,,website,02/08/2021,False,Music,MUSIC : TRADITIONAL / FOLK,,Site dedicated to the history of the Scottish traditional / folk big band Tim Wright and his Band.,,
143474,Carrie On Dancing,https://carrieondancing.co.uk/,Carrie On Dancing,,,website,02/08/2021,False,Music,MUSIC : TRADITIONAL / FOLK,,Site of a Scottish ceilidh band.,,
143482,Sax Ecosse,https://www.saxecosse.com/,Sax Ecosse,,,website,02/08/2021,False,Music,MUSIC,,Site of a Scottish musical ensemble.,,
143490,Nigel Gatherer,http://www.nigelgatherer.com/,Nigel Gatherer,,,website,02/08/2021,False,Music,MUSIC : TRADITIONAL / FOLK,,"Site of a Scottish traditional / folk musician involved in the performing, teaching, collecting and publishing of Scottish traditional music, as well as being a historian of Scottish traditional music.",,
143495,Christine Hanson,https://www.christinehanson.com/,Christine Hanson,,,website,02/08/2021,False,Music,MUSIC : TRADITIONAL / FOLK,,Site of a traditional / folk musician based in Scotland.,,
143498,Malcolm Bushby,https://www.malcolmbushby.com/,Malcolm Bushby,,,website,02/08/2021,False,Music,MUSIC : TRADITIONAL / FOLK,,,,
143514,Scottish Saxophone Ensemble,https://www.scottishsaxophoneensemble.co.uk/,Scottish Saxophone Ensemble,,,website,03/08/2021,False,Music,MUSIC,,Site of a Scottish musical ensemble.,,
143534,Jeana Leslie & Siobhan Miller,http://www.jeanaleslie-siobhanmiller.co.uk/,Jeana Leslie & Siobhan Miller,,,website,03/08/2021,False,Music,MUSIC : TRADITIONAL / FOLK,,Site of a Scottish traditional / folk duo.,,
143535,Mairearad & Anna,https://www.mairearadandanna.com/,Site of a Scottish traditional / folk duo.,,,website,03/08/2021,False,Music,MUSIC : TRADITIONAL / FOLK,,"Site of a Scottish traditional / folk duo, Mairearad Green and Anna Massie.",,
143536,Bellevue Rendezvous,http://www.bvrz.co.uk/,Bellevue Rendezvous,,,website,03/08/2021,False,Music,MUSIC : TRADITIONAL / FOLK,,Site of a Scottish traditional / folk group.,,
143549,Ragged Glory,http://www.raggedglory.co.uk/,Ragged Glory,,,website,03/08/2021,False,Music,MUSIC : TRADITIONAL / FOLK,,Site of a Scottish traditional / folk group.,,
143572,Schiltrum,http://www.schiltrum.co.uk/,Schiltrum,,,website,04/08/2021,False,Music,MUSIC : TRADITIONAL / FOLK,,Site of a Scottish traditional / folk group.,,
143574,Silver Darlings,http://www.silverdarlingsmusic.co.uk/,Silver Darlings,,,website,04/08/2021,False,Music,MUSIC : TRADITIONAL / FOLK,,Site of a Scottish traditional / folk group.,,
143587,Whiterose,http://www.whiterose.me.uk/,Whiterose,,,website,04/08/2021,False,Music,MUSIC : TRADITIONAL / FOLK,,Site of a Scottish traditional / folk duo.,,
143603,"Wrigley Sisters, The",http://www.wrigleysisters.com/,Jennifer and Hazel Wrigley,Q7776317,https://www.wikidata.org/wiki/Q7776317,website,04/08/2021,False,Music,MUSIC : TRADITIONAL / FOLK,,Site of a Scottish traditional / folk group. See https://wrigleyandthereel.godaddysites.com/.,,
143615,Seafarers,https://www.seafarersmusic.com/,Seafarers,,,website,04/08/2021,False,Music,MUSIC : TRADITIONAL / FOLK,,Site of a folk group.,,
143622,Sophie Ramsay,https://www.sophieramsay.com/,Sophie Ramsay,,,website,04/08/2021,False,Music,MUSIC : TRADITIONAL / FOLK,,Site of a Scottish traditional / folk musician.,,
143626,Whigmaleerie Ceilidh Band,http://www.scots-ceilidh.co.uk/,Whigmaleerie Ceilidh Band,,,website,04/08/2021,False,Music,MUSIC : TRADITIONAL / FOLK,,Site of a Scottish traditional / folk ceilidh band.,,
143731,4 Past Midnight,http://www.4pastmidnight.co.uk/,4 Past Midnight,,,website,05/08/2021,False,Music,"MUSIC : INDIE, POP, ALTERNATIVE & ROCK",,Site of a Scottish alternative rock band.,,
143734,Georgia Crawl,http://www.georgiacrawl.co.uk/,Georgia Crawl,,,website,05/08/2021,False,Music,"MUSIC : INDIE, POP, ALTERNATIVE & ROCK",,Site of a Scottish blues and rock band.,,
143737,15 Times Dead,https://15timesdead.com/,15 Times Dead,,,website,05/08/2021,False,Music,"MUSIC : INDIE, POP, ALTERNATIVE & ROCK",,Site of a Scottish alternative rock band.,,
143754,Acoustic Butterfly,https://www.acousticbutterfly.com/,Acoustic Butterfly,,,website,05/08/2021,False,Music,MUSIC : TRADITIONAL / FOLK,,Site of a Scottish traditional / folk band.,,
143759,CopperCeilidh,https://www.copperceilidh.co.uk/,CopperCeilidh,,,website,05/08/2021,False,Music,MUSIC : TRADITIONAL / FOLK,,Site of a Scottish ceilidh band.,,
143952,Bobby Gillespie & Jehnny Beth,https://bobbyjehnny.com/,Bobby Gillespie & Jehnny Beth.,,,website,09/08/2021,False,Music,"MUSIC : INDIE, POP, ALTERNATIVE & ROCK",,Site of a Scottish indie-duo.,,
143993,Dosca,https://www.doscamusic.com/,Dosca,,,website,10/08/2021,False,Music,MUSIC : TRADITIONAL / FOLK,,Site of a Scottish traditional / folk band.,,
143995,Drew Mulholland on Bandcamp,https://drewmulholland-cis.bandcamp.com/,Drew Mulholland on Bandcamp,,,website,10/08/2021,False,Music,"MUSIC : INDIE, POP, ALTERNATIVE & ROCK",,Site of a Scottish electronica musician.,,
144019,DJ Ritchie Ruftone,http://www.ritchieruftone.com/,DJ Ritchie Ruftone,,,website,10/08/2021,False,Music,"MUSIC : INDIE, POP, ALTERNATIVE & ROCK",,Site of a Scottish DJ and producer.,,
144088,"Numbers, The",https://www.numberstheband.co.uk/,The Numbers,Q30122092,https://www.wikidata.org/wiki/Q30122092,website,11/08/2021,False,Music,MUSIC : FUNCTION BAND,,Site of a Scottish function band.,,
144089,"Gorms, The on Bandcamp",https://thegorms.bandcamp.com/,The Gorms,,,website,11/08/2021,False,Music,MUSIC : TRADITIONAL / FOLK,,Site of a Scottish traditional / folk band.,,
144090,cop graveyard on Bandcamp,https://copgraveyard.bandcamp.com/,cop graveyard,,,website,11/08/2021,False,Music,"MUSIC : INDIE, POP, ALTERNATIVE & ROCK",,Site of a Scottish alternative-indie band.,,
144093,ev.exi on Bandcamp,https://evexi.bandcamp.com/,ev.exi,,,website,11/08/2021,False,Music,"MUSIC : INDIE, POP, ALTERNATIVE & ROCK",,Site of a Scottish electronica musician.,,
144094,Everyday Dust on Bandcamp,https://everydaydust-cis.bandcamp.com/,Everyday Dust,,,website,11/08/2021,False,Music,"MUSIC : INDIE, POP, ALTERNATIVE & ROCK",,Site of a Scottish electronica musician.,,
144096,"Fish Pilots, The on Bandcamp",https://thefishpilots.bandcamp.com/,The Fish Pilots,,,website,11/08/2021,False,Music,"MUSIC : INDIE, POP, ALTERNATIVE & ROCK",,Site of a Scottish alternative-indie band.,,
144097,Frontierer on Bandcamp,https://frontierer.bandcamp.com/,Frontierer,,,website,11/08/2021,False,Music,"MUSIC : INDIE, POP, ALTERNATIVE & ROCK",,Site of a Scottish rock band.,,
144098,GASP on Bandcamp,https://gasp.bandcamp.com/,GASP,,,website,11/08/2021,False,Music,"MUSIC : INDIE, POP, ALTERNATIVE & ROCK",,Site of a Scottish hip-hop artist.,,
144101,Informa Records,https://informarecords.bandcamp.com/,Informa Records,,,website,11/08/2021,False,Music,MUSIC : RECORD COMPANY,,Site of a Scottish record company based in Glasgow.,"Glasgow",
144106,Jofis Mighty Oak on Bandcamp,https://jofis.bandcamp.com/,Jofis Mighty Oak,,,website,11/08/2021,False,Music,"MUSIC : INDIE, POP, ALTERNATIVE & ROCK",,Site of a Scottish band.,,
144108,Makina Scotland on Bandcamp,https://makinascotland.bandcamp.com/,Makina Scotland,,,website,11/08/2021,False,Music,"MUSIC : INDIE, POP, ALTERNATIVE & ROCK",,Site of a Scottish record company based in Glasgow.,"Glasgow",
144111,Real Landscape on Bandcamp,https://reallandscape.bandcamp.com/,Real Landscape,,,website,11/08/2021,False,Music,MUSIC : RECORD COMPANY,,Site of a Scottish record company based in Glasgow.,"Glasgow",
144113,Scumpulse on Bandcamp,https://scumpulse.bandcamp.com/,Scumpulse,,,website,11/08/2021,False,Music,MUSIC : RECORD COMPANY,,Site of a Scottish record company based in Edinburgh.,"Edinburgh",
144117,Hamish Napier,https://hamishnapier.com/,Hamish Napier,,,website,11/08/2021,False,Music,MUSIC : TRADITIONAL / FOLK,,Site of a Scottish folk musician and composer.,,
144119,hausfrau on Bandcamp,https://hausfraumusik.bandcamp.com/,hausfrau,,,website,11/08/2021,False,Music,"MUSIC : INDIE, POP, ALTERNATIVE & ROCK",,Site of a Scottish electronica musician.,,
144120,healthyliving on Bandcamp,https://healthylivingband.bandcamp.com/,Healthyliving,,,website,11/08/2021,False,Music,"MUSIC : INDIE, POP, ALTERNATIVE & ROCK",,Site of a Scottish alternative rock band.,,
144122,Heron Valley on Bandcamp,https://heronvalley.bandcamp.com/,Heron Valley,,,website,11/08/2021,False,Music,MUSIC : TRADITIONAL / FOLK,,Site of a Scottish traditional / folk band.,,
144126,Headless Kross on Bandcamp,https://headlesskross.bandcamp.com/,Headless Kross,,,website,11/08/2021,False,Music,"MUSIC : INDIE, POP, ALTERNATIVE & ROCK",,Site of a Scottish alternative rock band.,,
144130,Finn LeMarinel on Bandcamp,https://finnlemarinelmusic.bandcamp.com/,Finn LeMarinel on Bandcamp,,,website,11/08/2021,False,Music,"MUSIC : INDIE, POP, ALTERNATIVE & ROCK",,Site of a Scottish musician.,,
144131,Flowers For Algernon on Bandcamp,https://flowersforalgernon.bandcamp.com/,Flowers For Algernon,,,website,11/08/2021,False,Music,"MUSIC : INDIE, POP, ALTERNATIVE & ROCK",,Site of a Scottish alternative-indie band.,,
144132,FOREIGNFOX on Bandcamp,https://foreignfox.bandcamp.com/,FOREIGNFOX,,,website,11/08/2021,False,Music,"MUSIC : INDIE, POP, ALTERNATIVE & ROCK",,Site of a Scottish alternative-indie band.,,
144134,Godeater on Bandcamp,https://godeateruk.bandcamp.com/,Godeater,,,website,11/08/2021,False,Music,"MUSIC : INDIE, POP, ALTERNATIVE & ROCK",,Site of a Scottish rock band.,,
144135,Gothzilla on Bandcamp,https://gothzilla.bandcamp.com/,Gothzilla,,,website,11/08/2021,False,Music,"MUSIC : INDIE, POP, ALTERNATIVE & ROCK",,Site of a Scottish rock band.,,
144138,Fusion,https://www.fusionweddingband.co.uk/,Coast Entertainments,,,website,11/08/2021,False,Music,MUSIC : FUNCTION BAND,,Site of a Scottish function band.,,
144140,Doug Johnstone on Bandcamp,https://dougjohnstone.bandcamp.com/,Doug Johnstone on Bandcamp,,,website,11/08/2021,False,Music,"MUSIC : INDIE, POP, ALTERNATIVE & ROCK",,Site of a Scottish alternative-indie musician.,,
144144,"Fatalists, The on Bandcamp",https://thefatalists.bandcamp.com/,The Fatalists,,,website,11/08/2021,False,Music,"MUSIC : INDIE, POP, ALTERNATIVE & ROCK",,Site of a Scottish alternative-indie band.,,
144200,Cut Records,http://cutrecs.com/,Cut Records,,,website,12/08/2021,False,Music,MUSIC : RECORD COMPANY,,Site of a Scottish record company based in Edinburgh..,"Edinburgh",
144202,Highland Harmony,http://www.highlandharmony.uk/,Highland Harmony,,,website,12/08/2021,False,Music,MUSIC : FUNCTION BAND,,Site of a Scottish function band.,,
144204,Huntleys + Palmers,http://www.huntleyspalmers.com/,Huntley & Palmers,Q836679,https://www.wikidata.org/wiki/Q836679,website,12/08/2021,False,Music,MUSIC : RECORD COMPANY,,Site of a Scottish record company based in Glasgow.,"Glasgow",
144216,Iain Wilson on Bandcamp,https://iainwilson.bandcamp.com/,Iain Wilson on Bandcamp,,,website,12/08/2021,False,Music,"MUSIC : INDIE, POP, ALTERNATIVE & ROCK",,Site of a Scottish singer-songwriter.,,
144240,jack.josh on Bandcamp,https://jackjosh.bandcamp.com/,jack.josh on Bandcamp,,,website,13/08/2021,False,Music,"MUSIC : INDIE, POP, ALTERNATIVE & ROCK",,Site of a Scottish electronica musician.,,
144255,"Inward Circles, The on Bandcamp",https://theinwardcircles.bandcamp.com/,The Inward Circles,,,website,13/08/2021,False,Music,"MUSIC : INDIE, POP, ALTERNATIVE & ROCK",,Site of a Scottish electronica musician.,,
144256,Jamie Sutherland on Bandcamp,https://jamiesutherlandmusic.bandcamp.com/,Jamie Sutherland on Bandcamp,,,website,13/08/2021,False,Music,"MUSIC : INDIE, POP, ALTERNATIVE & ROCK",,Site of a Scottish alternative-indie musician.,,
144260,Kouncil Cuts on Bandcamp,https://kouncilcuts.bandcamp.com/,Kouncil Cuts,,,website,13/08/2021,False,Music,MUSIC : RECORD COMPANY,,Site of a Scottish record company.,,
144322,Kmac2021 on Bandcamp,https://kmac2021.bandcamp.com/,Kmac2021,,,website,16/08/2021,False,Music,"MUSIC : INDIE, POP, ALTERNATIVE & ROCK",,Site of a Scottish rock band.,,
144323,Esoteric Rhythms on Bandcamp,https://esotericrhythmsuk.bandcamp.com/,Esoteric Rhythms,,,website,16/08/2021,False,Music,MUSIC : RECORD COMPANY,,Site of a Scottish record company based in Glasgow.,"Glasgow",
144324,Josef Akin on Bandcamp,https://josefakin.bandcamp.com/,Josef Akin on Bandcamp,,,website,16/08/2021,False,Music,MUSIC : JAZZ,,Site of a Scottish jazz musician.,,
144325,Kaddish on Bandcamp,https://kaddishuk.bandcamp.com/,Kaddish,,,website,16/08/2021,False,Music,"MUSIC : INDIE, POP, ALTERNATIVE & ROCK",,Site of a Scottish punk rock band.,,
144327,Karawane on Bandcamp,https://karawane.bandcamp.com/,Karawane,,,website,16/08/2021,False,Music,"MUSIC : INDIE, POP, ALTERNATIVE & ROCK",,Site of a Scottish world music band.,,
144332,KAVARI on Bandcamp,https://kavarimusic.bandcamp.com/,KAVARI,,,website,16/08/2021,False,Music,"MUSIC : INDIE, POP, ALTERNATIVE & ROCK",,Site of a Scottish electronica group.,,
144334,Kevin Robertson on Bandcamp,https://kevinrobertson.bandcamp.com/,Kevin Robertson on Bandcamp,,,website,16/08/2021,False,Music,"MUSIC : INDIE, POP, ALTERNATIVE & ROCK",,Site of a Scottish musician.,,
144335,King Witch on Bandcamp,https://kingwitchband.bandcamp.com/,King Witch,,,website,16/08/2021,False,Music,"MUSIC : INDIE, POP, ALTERNATIVE & ROCK",,Site of a Scottish rock band.,,
144336,Kitchen Cynics on Bandcamp,https://kitchencynics.bandcamp.com/,Kitchen Cynics,,,website,16/08/2021,False,Music,MUSIC : TRADITIONAL / FOLK,,Site of a Scottish folk band.,,
144337,Kamus & PinballSpider on Bandcamp,https://kpsmovement.bandcamp.com/,Kamus & PinballSpider,,,website,16/08/2021,False,Music,"MUSIC : INDIE, POP, ALTERNATIVE & ROCK",,Site of a Scottish electronica group.,,
144340,Kusht on Bandcamp,https://kusht.bandcamp.com/,Kusht,,,website,16/08/2021,False,Music,"MUSIC : INDIE, POP, ALTERNATIVE & ROCK",,Site of a Scottish electronica musician.,,
144341,Lavinia Blackwall on Bandcamp,https://laviniablackwall.bandcamp.com/,Lavinia Blackwall on Bandcamp,,,website,16/08/2021,False,Music,MUSIC : TRADITIONAL / FOLK,,Site of a folk musician and songwriter based in Glasgow.,"Glasgow",
144342,Leo Fox on Bandcamp,https://leofox1.bandcamp.com/,Leo Fox on Bandcamp,,,website,16/08/2021,False,Music,"MUSIC : INDIE, POP, ALTERNATIVE & ROCK",,Site of a Scottish singer-songwriter from Edinburgh.,"Edinburgh",
144343,Lewis Aitcheson on Bandcamp,https://lewisaitcheson.bandcamp.com/,Lewis Aitcheson on Bandcamp,,,website,16/08/2021,False,Music,"MUSIC : INDIE, POP, ALTERNATIVE & ROCK",,Site of a Scottish rock musician.,,
144344,LF System on Bandcamp,https://lfsystem.bandcamp.com/,LF System,Q113022702,https://www.wikidata.org/wiki/Q113022702,website,16/08/2021,False,Music,"MUSIC : INDIE, POP, ALTERNATIVE & ROCK",,Site of a Scottish electronica duo.,,
144348,Lindsay & The Storm on Bandcamp,https://lindsayandthestorm.bandcamp.com/,Lindsay & The Storm,,,website,16/08/2021,False,Music,MUSIC : TRADITIONAL / FOLK,,Site of a Scottish folk band.,,
144349,"Label, The on Bandcamp",https://listentothelabel.bandcamp.com/,The Label,Q61793219,https://www.wikidata.org/wiki/Q61793219,website,16/08/2021,False,Music,"MUSIC : INDIE, POP, ALTERNATIVE & ROCK",,Site of a Scottish alternative-indie band.,,
144350,Lloyd's House on Bandcamp,https://lloydshouse.bandcamp.com/,Lloyd's House,,,website,16/08/2021,False,Music,"MUSIC : INDIE, POP, ALTERNATIVE & ROCK",,Site of a Scottish singer-songwriter.,,
144351,Lose a Leg on Bandcamp,https://losealeg.bandcamp.com/,Lose a Leg,,,website,16/08/2021,False,Music,MUSIC : TRADITIONAL / FOLK,,Site of a Scottish folk band.,,
144352,Lucid Sins on Bandcamp,https://lucidsins.bandcamp.com/,Lucid Sins,,,website,16/08/2021,False,Music,"MUSIC : INDIE, POP, ALTERNATIVE & ROCK",,Site of a Scottish rock band.,,
144353,Lunar Mantra on Bandcamp,https://lunarmantra.bandcamp.com/,Lunar Mantra,,,website,16/08/2021,False,Music,"MUSIC : INDIE, POP, ALTERNATIVE & ROCK",,Site of a Scottish rock band.,,
144354,Paradise Palms Records on Bandcamp,https://paradisepalmsrecords.bandcamp.com/,Paradise Palms Records,,,website,16/08/2021,False,Music,MUSIC : RECORD COMPANY,,Site of a Scottish record company based in Edinburgh.,"Edinburgh",
144355,Seated Records on Bandcamp,https://seatedrecords.bandcamp.com/,Seated Records,,,website,16/08/2021,False,Music,MUSIC : RECORD COMPANY,,Site of a Scottish record company based in Glasgow.,"Glasgow",
144356,"Kundalini Genie, The on Bandcamp",https://the-kundalini-genie.bandcamp.com/,The Kundalini Genie,,,website,16/08/2021,False,Music,"MUSIC : INDIE, POP, ALTERNATIVE & ROCK",,Site of a Scottish experimental music group.,,
144391,"Lowest Bitter, The on Bandcamp",https://thelowestbitter.bandcamp.com/,The Lowest Bitter,,,website,17/08/2021,False,Music,"MUSIC : INDIE, POP, ALTERNATIVE & ROCK",,Site of a Scottish alternative-indie band.,,
144396,Joanne Matthews,https://www.jojomatthews.art/,Joanne Matthews,,,website,17/08/2021,False,Music,"MUSIC : INDIE, POP, ALTERNATIVE & ROCK",,Site of an artist and musician based in Edinburgh.,"Edinburgh",
144400,"Knowe O'Deil, The on Bandcamp",https://theknoweodeil.bandcamp.com/,The Knowe O'Deil,,,website,17/08/2021,False,Music,MUSIC : TRADITIONAL / FOLK,,Site of a Scottish folk band.,,
144401,Krokakai on Bandcamp,https://krokakai.bandcamp.com/releases,Krokakai,,,website,17/08/2021,False,Music,"MUSIC : INDIE, POP, ALTERNATIVE & ROCK",,Site of a Scottish electronica band.,,
144402,"Last Days of Pompeii, The on Bandcamp",https://thelastdaysofpompeii.bandcamp.com/,The Last Days of Pompeii,,,website,17/08/2021,False,Music,"MUSIC : INDIE, POP, ALTERNATIVE & ROCK",,Site of a Scottish electronica musician.,,
144403,Lord Of The Isles on Bandcamp,https://lordoftheisles.bandcamp.com/,Lord Of The Isles,,,website,17/08/2021,False,Music,"MUSIC : INDIE, POP, ALTERNATIVE & ROCK",,Site of a Scottish electronica band.,,
144404,Los Lucha on Bandcamp,https://loslucha.bandcamp.com/,Los Lucha,,,website,17/08/2021,False,Music,"MUSIC : INDIE, POP, ALTERNATIVE & ROCK",,Site of a Scottish alternative-indie band.,,
144414,Small Town Sounds,https://www.smalltownsounds.co.uk/,Small Town Sounds,,,website,18/08/2021,False,Music,MUSIC : LISTING,,"Music news, gig reviews and interviews from the Dumfries & Galloway music scene.",,
144416,Jukebox Hero,https://www.jukeboxheroband.uk/,Jukebox Hero,,,website,18/08/2021,False,Music,MUSIC : FUNCTION BAND,,Site of a Scottish function band.,,
144421,Lizzie and the Banshees,http://www.lizzie-and-the-banshees.com/,Lizzie and the Banshees,,,website,18/08/2021,False,Music,"MUSIC : INDIE, POP, ALTERNATIVE & ROCK",,Site of a Scottish Siouxsie & the Banshees tribute band.,,
144426,Alice Brown,http://www.alicejbrownmusic.co.uk/,Alice Brown,,,website,18/08/2021,False,Music,"MUSIC : INDIE, POP, ALTERNATIVE & ROCK",,Site of a Scottish singer-songrwriter.,,
144428,"Written Apology, A on Bandcamp",https://awrittenapology.bandcamp.com/,A Written Apology,,,website,18/08/2021,False,Music,"MUSIC : INDIE, POP, ALTERNATIVE & ROCK",,Site of a Scottish rock band.,,
144429,Abagail Grey on Bandcamp,https://abagailgrey.bandcamp.com/,Abagail Grey,,,website,18/08/2021,False,Music,"MUSIC : INDIE, POP, ALTERNATIVE & ROCK",,"Site of a Scottish singer-songrwriter, also known as Claire Campbell.",,
144430,Admlithi on Bandcamp,https://admlithi.bandcamp.com/,Admlithi,,,website,18/08/2021,False,Music,"MUSIC : INDIE, POP, ALTERNATIVE & ROCK",,Site of a Scottish electronica band.,,
144431,Alan Duncan on Bandcamp,https://alanduncan.bandcamp.com/,Alan Duncan on Bandcamp,,,website,18/08/2021,False,Music,"MUSIC : INDIE, POP, ALTERNATIVE & ROCK",,Site of a Scottish rock musician.,,
144432,Algernon Doll on Bandcamp,https://algernondoll.bandcamp.com/,Algernon Doll,,,website,18/08/2021,False,Music,"MUSIC : INDIE, POP, ALTERNATIVE & ROCK",,Site of a Scottish alternative-indie band.,,
144433,Ammonium on Bandcamp,https://ammonium1.bandcamp.com/,Ammonium,,,website,18/08/2021,False,Music,"MUSIC : INDIE, POP, ALTERNATIVE & ROCK",,Site of a Scottish rock band.,,
144449,Ampoule Records,http://ampoulerecords.com/,Ampoule Records,,,website,18/08/2021,False,Music,MUSIC : RECORD COMPANY,,Site of a Scottish record company based in Glasgow.,"Glasgow",
144452,3hours on Bandcamp,https://3hours.bandcamp.com/,3hours,,,website,18/08/2021,False,Music,"MUSIC : INDIE, POP, ALTERNATIVE & ROCK",,Site of a Scottish electronica band.,,
144453,909 Junkies on Bandcamp,https://909junkies.bandcamp.com/,909 Junkies,,,website,18/08/2021,False,Music,"MUSIC : INDIE, POP, ALTERNATIVE & ROCK",,Site of a Scottish electronica band.,,
144454,Abscesssucker on Bandcamp,https://abscesssucker.bandcamp.com/,Abscesssucker,,,website,18/08/2021,False,Music,"MUSIC : INDIE, POP, ALTERNATIVE & ROCK",,Site of a Scottish rock band.,,
144456,"Hand Raised in Blessing, A on Bandcamp",https://ahandraisedinblessing.bandcamp.com/,A Hand Raised in Blessing,,,website,18/08/2021,False,Music,"MUSIC : INDIE, POP, ALTERNATIVE & ROCK",,Site of a Scottish avant-garde / experimental music group.,,
144457,Alkanes on Bandcamp,https://alkanes.bandcamp.com/,Alkanes,,,website,18/08/2021,False,Music,"MUSIC : INDIE, POP, ALTERNATIVE & ROCK",,Site of a Scottish alternative-indie band.,,
144504,Altres on Bandcamp,https://altres-dundee.bandcamp.com/,Altres,,,website,19/08/2021,False,Music,"MUSIC : INDIE, POP, ALTERNATIVE & ROCK",,Site of a Scottish electronica band.,,
144505,"Anderson, McGinty, Webster, Ward & Fisher (AMWWF) on Bandcamp",https://amwwf.bandcamp.com/,"Anderson, McGinty, Webster, Ward & Fisher",,,website,19/08/2021,False,Music,MUSIC : TRADITIONAL / FOLK,,"Site of a Scottish Americana, traditional and folk band.",,
144506,Black Lake Records on Bandcamp,https://blacklakerecords.bandcamp.com/,Black Lake Records,,,website,19/08/2021,False,Music,MUSIC : RECORD COMPANY,,Site of a Scottish record company located in Aberdeen.,"Aberdeen",
144507,Komodo Kolektif on Bandcamp,https://komodokolektif.bandcamp.com/,Komodo Kolektif,,,website,19/08/2021,False,Music,"MUSIC : INDIE, POP, ALTERNATIVE & ROCK",,Site of a Scottish world music band.,,
144508,Logan's Close on Bandcamp,https://logansclose.bandcamp.com/,Logan's Close,,,website,19/08/2021,False,Music,"MUSIC : INDIE, POP, ALTERNATIVE & ROCK",,Site of a Scottish rock band.,,
144509,Macka on Bandcamp,https://mackaroons.bandcamp.com/,Macka,,,website,19/08/2021,False,Music,"MUSIC : INDIE, POP, ALTERNATIVE & ROCK",,Site of a Scottish electronica.,,
144510,"Alien Cormorant, The on Bandcamp",https://thealiencormorant.bandcamp.com/,The Alien Cormorant,,,website,19/08/2021,False,Music,"MUSIC : INDIE, POP, ALTERNATIVE & ROCK",,"Site of a Scottish pop-punk producer and musician, also known as Alan Cormack.",,
144511,"20:20 Youth on Bandcamp (Anna Barton, Joseph Upton)",https://2020youth.bandcamp.com/,20:20 Youth,,,website,19/08/2021,False,Music,"MUSIC : INDIE, POP, ALTERNATIVE & ROCK",,Site of a Scottish music project in Aberdeen.,"Aberdeen",
144512,Annoying Ringtone on Bandcamp,https://annoyingringtone.bandcamp.com/,Annoying Ringtone,,,website,19/08/2021,False,Music,"MUSIC : INDIE, POP, ALTERNATIVE & ROCK",,Site of a Scottish electronica band.,,
144513,Arbitrium選択 on Bandcamp,https://arbitrium.bandcamp.com/,Arbitrium選択,,,website,19/08/2021,False,Music,"MUSIC : INDIE, POP, ALTERNATIVE & ROCK",,Site of a Scottish ambient music band.,,
144514,Atlas HiFi on Bandcamp,https://atlashifi.bandcamp.com/,Atlas HiFi,,,website,19/08/2021,False,Music,"MUSIC : INDIE, POP, ALTERNATIVE & ROCK",,Site of a Scottish reggae band.,,
144515,Attack Pattern: Delta on Bandcamp,https://attackpatterndelta.bandcamp.com/,Attack Pattern: Delta,,,website,19/08/2021,False,Music,"MUSIC : INDIE, POP, ALTERNATIVE & ROCK",,Site of a Scottish rock band.,,
144516,Athenia on Bandcamp,https://athenia.bandcamp.com/,Athenia,,,website,19/08/2021,False,Music,"MUSIC : INDIE, POP, ALTERNATIVE & ROCK",,Site of a Scottish rock band.,,
144517,Audiokicks on Bandcamp,https://audiokicks.bandcamp.com/,Audiokicks,,,website,19/08/2021,False,Music,"MUSIC : INDIE, POP, ALTERNATIVE & ROCK",,Site of a Scottish alternative-indie band.,,
144518,Autumn In Disguise on Bandcamp,https://autumnindisguise.bandcamp.com/,Autumn In Disguise,Q4827159,https://www.wikidata.org/wiki/Q4827159,website,19/08/2021,False,Music,"MUSIC : INDIE, POP, ALTERNATIVE & ROCK",,Site of a Scottish rock band.,,
144519,Avast! On Bandcamp,https://avastuk.bandcamp.com/,Avast!,,,website,19/08/2021,False,Music,"MUSIC : INDIE, POP, ALTERNATIVE & ROCK",,Site of a Scottish alternative-indie band.,,
144520,Barstow Bats on Bandcamp,https://barstowbats.bandcamp.com/,Barstow Bats,,,website,19/08/2021,False,Music,"MUSIC : INDIE, POP, ALTERNATIVE & ROCK",,Site of a Scottish alternative-indie band.,,
144521,Bed Of Wasps on Bandcamp,https://bedofwasps.bandcamp.com/,Bed Of Wasps,,,website,19/08/2021,False,Music,"MUSIC : INDIE, POP, ALTERNATIVE & ROCK",,Site of a Scottish rock band.,,
144522,Billy The Mountain Band on Bandcamp,https://billythemountain.bandcamp.com/,Billy The Mountain Band,,,website,19/08/2021,False,Music,"MUSIC : INDIE, POP, ALTERNATIVE & ROCK",,Site of a Scottish alternative-indie band.,,
144523,Bird Law on Bandcamp,https://birdlawpunx.bandcamp.com/,Bird Law,,,website,19/08/2021,False,Music,"MUSIC : INDIE, POP, ALTERNATIVE & ROCK",,Site of a Scottish alternative-indie band.,,
144524,Bitterwood on Bandcamp,https://bitterwoodhc.bandcamp.com/,Bitterwood,,,website,19/08/2021,False,Music,"MUSIC : INDIE, POP, ALTERNATIVE & ROCK",,Site of a Scottish rock band.,,
144525,BLNTSDE on Bandcamp,https://blntsde.bandcamp.com/,BLNTSDE,,,website,19/08/2021,False,Music,"MUSIC : INDIE, POP, ALTERNATIVE & ROCK",,Site of a Scottish electronica band.,,
144526,Bonehouse on Bandcamp,https://bonehouseuk.bandcamp.com/,Bonehouse,Q15789312,https://www.wikidata.org/wiki/Q15789312,website,19/08/2021,False,Music,"MUSIC : INDIE, POP, ALTERNATIVE & ROCK",,Site of a Scottish rock band.,,
144527,Bonesaw on Bandcamp,https://bonesaw.bandcamp.com/,Bonesaw,,,website,19/08/2021,False,Music,"MUSIC : INDIE, POP, ALTERNATIVE & ROCK",,Site of a Scottish rock band.,,
144528,BRACE on Bandcamp,https://braceuk.bandcamp.com/,BRACE,,,website,19/08/2021,False,Music,"MUSIC : INDIE, POP, ALTERNATIVE & ROCK",,Site of a Scottish rock band.,,
144529,BREAKABLES on Bandcamp,https://breakables.bandcamp.com/,BREAKABLES,,,website,19/08/2021,False,Music,"MUSIC : INDIE, POP, ALTERNATIVE & ROCK",,Site of a Scottish rock band.,,
144530,Cameo Colours on Bandcamp,https://cameocoloursuk.bandcamp.com/,Cameo Colours on Bandcamp,,,website,19/08/2021,False,Music,"MUSIC : INDIE, POP, ALTERNATIVE & ROCK",,,,
144531,Bucket on Bandcamp,https://bucketbanduk.bandcamp.com/,Bucket,,,website,19/08/2021,False,Music,"MUSIC : INDIE, POP, ALTERNATIVE & ROCK",,Site of a Scottish rock band.,,
144532,Buffalo Heart on Bandcamp,https://buffaloheart.bandcamp.com/,Buffalo Heart,,,website,19/08/2021,False,Music,"MUSIC : INDIE, POP, ALTERNATIVE & ROCK",,Site of a Scottish alternative-indie band.,,
144533,Callahan on Bandcamp,https://callahan4.bandcamp.com/,Callahan,,,website,19/08/2021,False,Music,"MUSIC : INDIE, POP, ALTERNATIVE & ROCK",,Site of a Scottish rock band.,,
144534,Call To Mind on Bandcamp,https://calltomind.bandcamp.com/,Call To Mind,,,website,19/08/2021,False,Music,"MUSIC : INDIE, POP, ALTERNATIVE & ROCK",,Site of a Scottish alternative-indie band.,,
144535,bubu on Bandcamp,https://bubu.bandcamp.com/,bubu,,,website,19/08/2021,False,Music,"MUSIC : INDIE, POP, ALTERNATIVE & ROCK",,Site of a Scottish electronica musician.,,
144540,Boy With Compass on Bandcamp,https://boywithcompass.bandcamp.com/,Boy With Compass,,,website,19/08/2021,False,Music,MUSIC : TRADITIONAL / FOLK,,Site of a Scottish indie-folk band.,,
144541,Broken Stories on Bandcamp,https://brokenstories.bandcamp.com/,Broken Stories,,,website,19/08/2021,False,Music,"MUSIC : INDIE, POP, ALTERNATIVE & ROCK",,Site of a Scottish rock band.,,
144544,Aspire UK on Bandcamp,https://aspireuk.bandcamp.com/,Aspire,,,website,19/08/2021,False,Music,"MUSIC : INDIE, POP, ALTERNATIVE & ROCK",,Site of a Scottish rock band.,,
144545,Barrett's Dottled Beauty,https://barrettsdottledbeauty.bandcamp.com/,Barrett's Dottled Beauty,,,website,19/08/2021,False,Music,"MUSIC : INDIE, POP, ALTERNATIVE & ROCK",,Site of a Scottish experimental music group.,,
144546,"Cairngorms Youngteam, The on Bandcamp",https://thecairngormsyoungteam.bandcamp.com/,The Cairngorms Youngteam,,,website,19/08/2021,False,Music,"MUSIC : INDIE, POP, ALTERNATIVE & ROCK",,Site of a Scottish alternative-indie band.,,
144547,Cara Mitchell on Bandcamp,https://caramitchellmusic.bandcamp.com/,Cara Mitchell on Bandcamp,,,website,19/08/2021,False,Music,"MUSIC : INDIE, POP, ALTERNATIVE & ROCK",,Site of a Scottish folk pop singer and musician.,,
144548,Casual Look on Bandcamp,https://casuallook.bandcamp.com/,Casual Look,,,website,19/08/2021,False,Music,"MUSIC : INDIE, POP, ALTERNATIVE & ROCK",,Site of a Scottish electronica musician.,,
144549,astral cat on Bandcamp,https://astralcat.bandcamp.com/,astral cat,,,website,19/08/2021,False,Music,"MUSIC : INDIE, POP, ALTERNATIVE & ROCK",,Site of a Scottish electronica band.,,
144550,Atticus Lake on Bandcamp,https://atticuslake.bandcamp.com/,Atticus Lake,,,website,19/08/2021,False,Music,"MUSIC : INDIE, POP, ALTERNATIVE & ROCK",,Site of a Scottish ambient musician.,,
144551,Audio Cynic on Bandcamp,https://audiocynic.bandcamp.com/,Audio Cynic,,,website,19/08/2021,False,Music,"MUSIC : INDIE, POP, ALTERNATIVE & ROCK",,Site of a Scottish alternative rock band.,,
144552,Before Stories on Bandcamp,https://beforestories.bandcamp.com/,Before Stories,,,website,19/08/2021,False,Music,"MUSIC : INDIE, POP, ALTERNATIVE & ROCK",,Site of a Scottish alternative-indie band.,,
144553,Below The Neck on Bandcamp,https://belowtheneck.bandcamp.com/,Below The Neck,,,website,19/08/2021,False,Music,"MUSIC : INDIE, POP, ALTERNATIVE & ROCK",,Site of a Scottish rock band.,,
144562,Benjamin Blue on Bandcamp,https://benjaminblue.bandcamp.com/,Benjamin Blue,,,website,20/08/2021,False,Music,"MUSIC : INDIE, POP, ALTERNATIVE & ROCK",,Site of a Scottish alternative-indie band.,,
144563,Blatant Flaws on Bandcamp,https://blatantflaws.bandcamp.com/,Blatant Flaws,,,website,20/08/2021,False,Music,"MUSIC : INDIE, POP, ALTERNATIVE & ROCK",,Site of a Scottish rock band.,,
144564,Boneslinger on Bandcamp,https://boneslinger.bandcamp.com/,Boneslinger,,,website,20/08/2021,False,Music,"MUSIC : INDIE, POP, ALTERNATIVE & ROCK",,Site of a Scottish electronica band.,,
144565,"Brothel Corpse Trio, The on Bandcamp",https://thebrothelcorpsetrio.bandcamp.com/,The Brothel Corpse Trio,,,website,20/08/2021,False,Music,"MUSIC : INDIE, POP, ALTERNATIVE & ROCK",,Site of a Scottish rock band.,,
144570,Casper Heyzeus on Bandcamp,https://casperheyzeus1.bandcamp.com/,Casper Heyzeus,,,website,20/08/2021,False,Music,"MUSIC : INDIE, POP, ALTERNATIVE & ROCK",,Site of a Scottish alternative rock band.,,
144571,"Chairmaker, The on Bandcamp",https://thechairmaker.bandcamp.com/,The Chairmaker,,,website,20/08/2021,False,Music,"MUSIC : INDIE, POP, ALTERNATIVE & ROCK",,Site of a Scottish alternative rock band.,,
144573,Cherbourg Harps Assembly on Bandcamp,https://cherbourgharpsassembly.bandcamp.com/,Cherbourg Harps Assembly,,,website,20/08/2021,False,Music,"MUSIC : INDIE, POP, ALTERNATIVE & ROCK",,Site of a Scottish alternative covers band.,,
144574,Cherry Bleach on Bandcamp,https://cherrybleach.bandcamp.com/,Cherry Bleach,,,website,20/08/2021,False,Music,"MUSIC : INDIE, POP, ALTERNATIVE & ROCK",,Site of a Scottish alternative-indie band.,,
144576,"Chosen Lonely, The on Bandcamp",https://thechosenlonely.bandcamp.com/,The Chosen Lonely,,,website,20/08/2021,False,Music,"MUSIC : INDIE, POP, ALTERNATIVE & ROCK",,Site of a Scottish alternative-indie band.,,
144579,Cold Years on Bandcamp,https://coldyears.bandcamp.com/,Cold Years,Q111758780,https://www.wikidata.org/wiki/Q111758780,website,20/08/2021,False,Music,"MUSIC : INDIE, POP, ALTERNATIVE & ROCK",,Site of a Scottish rock band.,,
144582,Condolences on Bandcamp,https://condolencesband.bandcamp.com/,Condolences,,,website,20/08/2021,False,Music,"MUSIC : INDIE, POP, ALTERNATIVE & ROCK",,Site of a Scottish rock band.,,
144583,Orienteering on Bandcamp,https://orienteering.bandcamp.com/,Orienteering,,,website,20/08/2021,False,Music,"MUSIC : INDIE, POP, ALTERNATIVE & ROCK",,Site of a Scottish alternative-indie band.,,
144584,Catharist on Bandcamp,https://catharist.bandcamp.com/,Catharist,,,website,20/08/2021,False,Music,"MUSIC : INDIE, POP, ALTERNATIVE & ROCK",,Site of a Scottish rock band.,,
144585,Cats in Capes on Bandcamp,https://catsincapes.bandcamp.com/,Cats in Capes,,,website,20/08/2021,False,Music,"MUSIC : INDIE, POP, ALTERNATIVE & ROCK",,Site of a Scottish alternative-indie band.,,
144586,Cavalcades on Bandcamp,https://cavalcadesuk.bandcamp.com/,Cavalcades,,,website,20/08/2021,False,Music,"MUSIC : INDIE, POP, ALTERNATIVE & ROCK",,Site of a Scottish punk rock band.,,
144588,Complexi-Tales on Bandcamp,https://complexi-tales.bandcamp.com/,Complexi-Tales on Bandcamp,,,website,20/08/2021,False,Music,"MUSIC : INDIE, POP, ALTERNATIVE & ROCK",,Site of a Scottish electronica band.,,
144589,Cool Your Jets on Bandcamp,https://coolyrjets.net/,Cool Your Jets,,,website,20/08/2021,False,Music,"MUSIC : INDIE, POP, ALTERNATIVE & ROCK",,Site of a Scottish record company.,,
144590,Savage Mansion on Bandcamp,https://savagemansion.bandcamp.com/,Savage Mansion on Bandcamp,,,website,20/08/2021,False,Music,"MUSIC : INDIE, POP, ALTERNATIVE & ROCK",,Site of a Scottish alternative-indie band.,,
144591,everythingwesayisfact on Bandcamp,https://everythingwesayisfact.bandcamp.com/,everythingwesayisfact,,,website,20/08/2021,False,Music,"MUSIC : INDIE, POP, ALTERNATIVE & ROCK",,Site of a Scottish rock band.,,
144592,Dirty Harry,http://www.dirtyharryblondietribute.co.uk/,Dirty Harry,,,website,20/08/2021,False,Music,"MUSIC : INDIE, POP, ALTERNATIVE & ROCK",,Site of a Scottish Blondie tribute band from Edinburgh.,"Edinburgh",
144593,Corn Mars,https://cornmars.bandcamp.com/,Corn Mars,,,website,20/08/2021,False,Music,"MUSIC : INDIE, POP, ALTERNATIVE & ROCK",,Site of a Scottish electronica artist.,,
144594,SIDCA on Bandcamp,https://sidca.bandcamp.com/,SIDCA,,,website,20/08/2021,False,Music,"MUSIC : INDIE, POP, ALTERNATIVE & ROCK",,Site of a Scottish alternative-indie band.,,
144596,Corry Young on Bandcamp,https://corryyoung.bandcamp.com/,Corry Young on Bandcamp,,,website,20/08/2021,False,Music,"MUSIC : INDIE, POP, ALTERNATIVE & ROCK",,Site of a Scottish electronica artist.,,
144597,Annabel Strange,https://countingtozero.com/,Annabel Strange,,,website,20/08/2021,False,Music,"MUSIC : INDIE, POP, ALTERNATIVE & ROCK",,Site of a Scottish musician and movement artist.,,
144598,Cow Catcher on Bandcamp,https://cowcatcherband.bandcamp.com/,Cow Catcher,,,website,20/08/2021,False,Music,"MUSIC : INDIE, POP, ALTERNATIVE & ROCK",,Site of a Scottish progressive rock band.,,
144599,Sharted Jeggings on Bandcamp,https://shartedjeggings.bandcamp.com/,Sharted Jeggings,,,website,20/08/2021,False,Music,MUSIC : RECORD COMPANY,,Site of a Scottish record company.,,
144600,Cyclops Cataract,https://cyclopscataract.bandcamp.com/,Cyclops Cataract,,,website,20/08/2021,False,Music,"MUSIC : INDIE, POP, ALTERNATIVE & ROCK",,Site of a Scottish rock band.,,
144649,CS Buchan,http://www.csbuchan.com/,CS Buchan,,,website,23/08/2021,False,Music,MUSIC : TRADITIONAL / FOLK,,Site of a Scottish folk singer-sonwriter and musician.,,
144650,Craig John Davidson on Bandcamp,https://craigjohndavidson.bandcamp.com/,Craig John Davidson on Bandcamp,,,website,23/08/2021,False,Music,MUSIC : TRADITIONAL / FOLK,,"Site of a Scottish folk singer-sonwriter, musician and producer.",,
144651,Daniel Gillespie on Bandcamp,https://danielgillespie.bandcamp.com/,Daniel Gillespie on Bandcamp,,,website,23/08/2021,False,Music,"MUSIC : INDIE, POP, ALTERNATIVE & ROCK",,Site of a Scottish alternative rock musician and songwriter.,,
144652,Daryll Bensley on Bandcamp,https://daryllbensley.bandcamp.com/,Daryll Bensley on Bandcamp,,,website,23/08/2021,False,Music,"MUSIC : INDIE, POP, ALTERNATIVE & ROCK",,Site of a Scottish singer-songwriter and musician.,,
144653,Davy Shanks on Bandcamp,https://davyshanks.bandcamp.com/,Davy Shanks on Bandcamp,,,website,23/08/2021,False,Music,MUSIC : TRADITIONAL / FOLK,,Site of a Scottish singer-songwriter and musician.,,
144654,Debukas on Bandcamp,https://debukas.bandcamp.com/,Debukas,,,website,23/08/2021,False,Music,"MUSIC : INDIE, POP, ALTERNATIVE & ROCK",,Site of a Scottish electronica musician.,,
144655,Delay Utopia on Bandcamp,https://delayutopia.bandcamp.com/,Delay Utopia,,,website,23/08/2021,False,Music,"MUSIC : INDIE, POP, ALTERNATIVE & ROCK",,Site of a Scottish electronica musician.,,
144656,Delinquents on Bandcamp,https://delinquentsdundee.bandcamp.com/,Delinquents,,,website,23/08/2021,False,Music,"MUSIC : INDIE, POP, ALTERNATIVE & ROCK",,Site of a Scottish punk rock band.,,
144657,Devil's Anxiety on Bandcamp,https://devilsanxiety.bandcamp.com/,Devil's Anxiety,,,website,23/08/2021,False,Music,"MUSIC : INDIE, POP, ALTERNATIVE & ROCK",,Site of a Scottish hip-hop collective.,,
144658,Dirtdrinker on Bandcamp,https://dirtdrinker.bandcamp.com/,Dirtdrinker,,,website,23/08/2021,False,Music,"MUSIC : INDIE, POP, ALTERNATIVE & ROCK",,Site of a Scottish rock band.,,
144659,Depardoo on Bandcamp,https://depardoo.bandcamp.com/,Depardoo,,,website,23/08/2021,False,Music,"MUSIC : INDIE, POP, ALTERNATIVE & ROCK",,Site of a Scottish SKA band.,,
144660,Dirty Judas on Bandcamp,https://dirtyjudas.bandcamp.com/,Dirty Judas,,,website,23/08/2021,False,Music,"MUSIC : INDIE, POP, ALTERNATIVE & ROCK",,Site of a Scottish rock band.,,
144661,DIS KID on Bandcamp,https://diskid.bandcamp.com/,DIS KID,,,website,23/08/2021,False,Music,"MUSIC : INDIE, POP, ALTERNATIVE & ROCK",,Site of a Scottish hop hop artist.,,
144662,Distance Between Us on Bandcamp,https://distancebetweenus.bandcamp.com/,Distance Between Us,,,website,23/08/2021,False,Music,"MUSIC : INDIE, POP, ALTERNATIVE & ROCK",,Site of a Scottish rock band.,,
144663,Drencher on Bandcamp,https://drencher.bandcamp.com/,Drencher,,,website,23/08/2021,False,Music,"MUSIC : INDIE, POP, ALTERNATIVE & ROCK",,Site of a Scottish rock band.,,
144664,"Drever, McGuire, Young on Bandcamp",https://drevermcguireyoung.bandcamp.com/,"Drever, McGuire, Young",,,website,23/08/2021,False,Music,MUSIC : TRADITIONAL / FOLK,,Site of a Scottish folk band.,,
144665,Dr. Wook on Bandcamp,https://drwookmusic.bandcamp.com/,Dr. Wook,,,website,23/08/2021,False,Music,MUSIC : TRADITIONAL / FOLK,,Site of a Scottish folk musician.,,
144666,Duke on Bandcamp,https://duketheband.bandcamp.com/,Duke,,,website,23/08/2021,False,Music,"MUSIC : INDIE, POP, ALTERNATIVE & ROCK",,Site of a Scottish alternative-indie band.,,
144667,Dog Eared on Bandcamp,https://dogeared111.bandcamp.com/,Dog Eared,,,website,23/08/2021,False,Music,"MUSIC : INDIE, POP, ALTERNATIVE & ROCK",,Site of a Scottish punk rock band.,,
144668,Dr Creamy Lips on Bandcamp,https://drcreamylips.bandcamp.com/,Dr Creamy Lips,,,website,23/08/2021,False,Music,"MUSIC : INDIE, POP, ALTERNATIVE & ROCK",,Site of a Scottish alternative-indie musician.,,
144669,Drekavac on Bandcamp,https://drekavac1.bandcamp.com/,Drekavac,,,website,23/08/2021,False,Music,"MUSIC : INDIE, POP, ALTERNATIVE & ROCK",,Site of a Scottish rock band.,,
144670,DeathacatedBeats on Bandcamp,https://deathacatedbeats.bandcamp.com/,DeathacatedBeats,,,website,23/08/2021,False,Music,"MUSIC : INDIE, POP, ALTERNATIVE & ROCK",,Site of a Scottish electronica musician.,,
144671,Electric Vandalism on Bandcamp,https://electricvandalism.bandcamp.com/,Electric Vandalism,,,website,23/08/2021,False,Music,"MUSIC : INDIE, POP, ALTERNATIVE & ROCK",,Site of a Scottish rock band.,,
144672,ElevenEleven on Bandcamp,https://officialeleveneleven.bandcamp.com/,ElevenEleven,,,website,23/08/2021,False,Music,"MUSIC : INDIE, POP, ALTERNATIVE & ROCK",,Site of a Scottish rock band.,,
144673,Emerald Sunday on Bandcamp,https://emeraldsundayofficial.bandcamp.com/,Emerald Sunday,,,website,23/08/2021,False,Music,"MUSIC : INDIE, POP, ALTERNATIVE & ROCK",,Site of a Scottish alternative-indie band.,,
144674,Empty Maps on Bandcamp,https://emptymaps.bandcamp.com/,Empty Maps,,,website,23/08/2021,False,Music,"MUSIC : INDIE, POP, ALTERNATIVE & ROCK",,Site of a Scottish alternative rock band.,,
144675,Fallen Riot on Bandcamp,https://fallenriot.bandcamp.com/,Fallen Riot,,,website,23/08/2021,False,Music,"MUSIC : INDIE, POP, ALTERNATIVE & ROCK",,Site of a Scottish rock band.,,
144676,FinalShift on Bandcamp,https://finalshift.bandcamp.com/,FinalShift,,,website,23/08/2021,False,Music,"MUSIC : INDIE, POP, ALTERNATIVE & ROCK",,Site of a Scottish electronica band.,,
144677,Hilltown Disco on Bandcamp,https://hilltowndiscouk.bandcamp.com/,Hilltown Disco,,,website,23/08/2021,False,Music,MUSIC : RECORD COMPANY,,Site of a Scottish record label based in Dundee.,"Dundee",
144678,Erskine Lynas on Bandcamp,https://erskinelynas.bandcamp.com/,Erskine Lynas on Bandcamp,,,website,23/08/2021,False,Music,"MUSIC : INDIE, POP, ALTERNATIVE & ROCK",,Site of a Scottish musician and producer also known as Thomas Emslie.,,
144696,CS Buchan on Bandcamp,https://csbuchan.bandcamp.com/,CS Buchan,,,website,24/08/2021,False,Music,MUSIC : TRADITIONAL / FOLK,,Site of a Scottish folk singer-sonwriter and musician.,,
144697,Das McManus on Bandcamp,https://dasmcmanus.bandcamp.com/,Das McManus on Bandcamp,,,website,24/08/2021,False,Music,"MUSIC : INDIE, POP, ALTERNATIVE & ROCK",,Site of a Scottish rock band.,,
144698,Deejay Bloom on Bandcamp,https://deejaybloom.bandcamp.com/,Deejay Bloom on Bandcamp,,,website,24/08/2021,False,Music,"MUSIC : INDIE, POP, ALTERNATIVE & ROCK",,Site of a Scottish electronica musician.,,
144699,Depeche Choad on Bandcamp,https://depeche-choad.bandcamp.com/,Depeche Choad,,,website,24/08/2021,False,Music,"MUSIC : INDIE, POP, ALTERNATIVE & ROCK",,Site of a Scottish alternative-indie band.,,
144700,Drainpipe on Bandcamp,https://drainpipe.bandcamp.com/,Drainpipe,,,website,24/08/2021,False,Music,"MUSIC : INDIE, POP, ALTERNATIVE & ROCK",,Site of a Scottish alternative-indie band.,,
144701,Dredd or Alive on Bandcamp,https://dreddoralive.bandcamp.com/,Dredd or Alive,,,website,24/08/2021,False,Music,"MUSIC : INDIE, POP, ALTERNATIVE & ROCK",,Site of a Scottish reggae band.,,
144702,DRÖNE on Bandcamp,https://godvoice.bandcamp.com/,DRÖNE,,,website,24/08/2021,False,Music,"MUSIC : INDIE, POP, ALTERNATIVE & ROCK",,Site of a Scottish rock band.,,
144703,Dud Fence on Bandcamp,https://dudfence.bandcamp.com/,Dud Fence,,,website,24/08/2021,False,Music,"MUSIC : INDIE, POP, ALTERNATIVE & ROCK",,Site of a Scottish electronica band.,,
144704,Fitthefunk on Bandcamp,https://fitthefunk.bandcamp.com/,Fitthefunk,,,website,24/08/2021,False,Music,MUSIC : RECORD COMPANY,,Site of a Scottish record label based in Aberdeen.,"Aberdeen",
144705,Fionnag NicChoinnich on Bandcamp,https://fionnagnicchoinnich.bandcamp.com/,Fionnag NicChoinnich on Bandcamp,,,website,24/08/2021,False,Music,MUSIC : TRADITIONAL / FOLK,,Site of a Scottish Gaelic folk musician and singer.,,
144706,"Ghost Tape, The on Bandcamp",https://theghosttape.bandcamp.com/,The Ghost Tape,,,website,24/08/2021,False,Music,"MUSIC : INDIE, POP, ALTERNATIVE & ROCK",,Site of a Scottish electronica band.,,
144707,Gerils on Bandcamp,https://gerils.bandcamp.com/,Gerils,,,website,24/08/2021,False,Music,"MUSIC : INDIE, POP, ALTERNATIVE & ROCK",,Site of a Scottish alternative-indie band.,,
144708,Gold Mold Records on Bandcamp on Bandcamp,https://goldmoldrecords.bandcamp.com/,Gold Mold Records,,,website,24/08/2021,False,Music,MUSIC : RECORD COMPANY,,Site of a Scottish record label based in Glasgow.,"Glasgow",
144709,Gone Wishing on Bandcamp,https://gonewishing.bandcamp.com/,Gone Wishing,,,website,24/08/2021,False,Music,"MUSIC : INDIE, POP, ALTERNATIVE & ROCK",,Site of a Scottish alternative-indie musician.,,
144710,Goodbye Blue Monday on Bandcamp,https://goodbye-blue-monday-1.bandcamp.com/,Goodbye Blue Monday,,,website,24/08/2021,False,Music,"MUSIC : INDIE, POP, ALTERNATIVE & ROCK",,Site of a Scottish punk rock group.,,
144711,goodhuman on Bandcamp,https://goodhumanband.bandcamp.com/,Goodhuman,,,website,24/08/2021,False,Music,"MUSIC : INDIE, POP, ALTERNATIVE & ROCK",,Site of a Scottish rock band.,,
144712,Flaming Katy on Bandcamp,https://flamingkaty.bandcamp.com/,Flaming Katy,,,website,24/08/2021,False,Music,"MUSIC : INDIE, POP, ALTERNATIVE & ROCK",,Site of a Scottish rock band.,,
144713,Frankly Maximum on Bandcamp,https://franklymaximum.bandcamp.com/,Frankly Maximum,,,website,24/08/2021,False,Music,"MUSIC : INDIE, POP, ALTERNATIVE & ROCK",,Site of a Scottish rock band.,,
144714,Gracefell on Bandcamp,https://gracefell.bandcamp.com/,Gracefell,,,website,24/08/2021,False,Music,"MUSIC : INDIE, POP, ALTERNATIVE & ROCK",,Site of a Scottish alternative rock band.,,
144715,Grader on Bandcamp,https://graderhc.bandcamp.com/,Grader,,,website,24/08/2021,False,Music,"MUSIC : INDIE, POP, ALTERNATIVE & ROCK",,Site of a Scottish punk rock group.,,
144716,Flying Batteries on Bandcamp,https://theflyingbatteries.bandcamp.com/,Flying Batteries,,,website,24/08/2021,False,Music,"MUSIC : INDIE, POP, ALTERNATIVE & ROCK",,Site of a Scottish alternative-indie band.,,
144717,Dawn Coulshed,https://www.dawncoulshed.com/,Dawn Coulshed,,,website,24/08/2021,False,Music,MUSIC : TRADITIONAL / FOLK,,Site of a Scottish singer-songwriter and musician.,,
144720,Daniel Herd,https://music.danielherd.com/,Daniel Herd,,,website,24/08/2021,False,Music,"MUSIC : INDIE, POP, ALTERNATIVE & ROCK",,Site of a Scottish electronica musician.,,
144721,Darth Elvis & The Imperials,https://www.darthelvis.co.uk/,Darth Elvis & The Imperials,,,website,24/08/2021,False,Music,"MUSIC : INDIE, POP, ALTERNATIVE & ROCK",,Site of a Scottish Star Wars / Elvis Presley parody band.,,
144723,Fire Brigade on Bandcamp,https://firebrigade.bandcamp.com/,Fire Brigade,,,website,24/08/2021,False,Music,"MUSIC : INDIE, POP, ALTERNATIVE & ROCK",,Site of a Scottish electronica band.,,
144725,Floating Heads on Bandcamp,https://floatingheads.bandcamp.com/,Floating Heads,,,website,24/08/2021,False,Music,"MUSIC : INDIE, POP, ALTERNATIVE & ROCK",,Site of a Scottish rock band.,,
144739,CTRL on Bandcamp,https://ctrldj.bandcamp.com/,CTRL on Bandcamp,,,website,25/08/2021,False,Music,"MUSIC : INDIE, POP, ALTERNATIVE & ROCK",,Site of a Scottish electronica musician and DJ.,,
144741,Flaxman on Bandcamp,https://flaxman.bandcamp.com/,Flaxman,,,website,25/08/2021,False,Music,"MUSIC : INDIE, POP, ALTERNATIVE & ROCK",,Site of a Scottish jazz-rock fusion band.,,
144742,Frank Sui on Bandcamp,https://franksuimusic.bandcamp.com/,Frank Sui on Bandcamp,,,website,25/08/2021,False,Music,MUSIC : SPIRITUAL,,Site of a Christian devotional musician based in Scotland.,,
144743,Gerry Jablonski & The Electric Band on Bandcamp,https://gerryjablonskiband.bandcamp.com/,Gerry Jablonski & The Electric Band,,,website,25/08/2021,False,Music,"MUSIC : INDIE, POP, ALTERNATIVE & ROCK",,Site of a Scottish blues band.,,
144744,Hakon on Bandcamp,https://hakon1.bandcamp.com/,Hakon,,,website,25/08/2021,False,Music,"MUSIC : INDIE, POP, ALTERNATIVE & ROCK",,Site of a Norwegian electronica musician based in Inverness.,"Inverness",
144754,Hamfisted on Bandcamp,https://hamfisted.bandcamp.com/,Hamfisted,,,website,25/08/2021,False,Music,"MUSIC : INDIE, POP, ALTERNATIVE & ROCK",,Site of a Scottish alternative-indie band.,,
144755,Human Power on Bandcamp,https://humanpower.bandcamp.com/,Human Power,,,website,25/08/2021,False,Music,"MUSIC : INDIE, POP, ALTERNATIVE & ROCK",,Site of a Scottish electronica band.,,
144756,Iain Macaulay on Bandcamp,https://iainmacaulay.bandcamp.com/,Iain Macaulay on Bandcamp,,,website,25/08/2021,False,Music,"MUSIC : INDIE, POP, ALTERNATIVE & ROCK",,Site of a Scottish singer-songwriter and musician.,,
144757,igetbulliedbytheghostinmyattic on Bandcamp,https://igetbulliedbytheghostinmyattic.bandcamp.com/,igetbulliedbytheghostinmyattic,,,website,25/08/2021,False,Music,"MUSIC : INDIE, POP, ALTERNATIVE & ROCK",,Site of a Scottish alternative-indie band.,,
144758,Ilhan on Bandcamp,https://ilhan.bandcamp.com/,Ilhan on Bandcamp,,,website,25/08/2021,False,Music,"MUSIC : INDIE, POP, ALTERNATIVE & ROCK",,Site of a Scottish electronica musician.,,
144759,Industrial Ferret on Bandcamp,https://industrialferret.bandcamp.com/,Industrial Ferret,,,website,25/08/2021,False,Music,"MUSIC : INDIE, POP, ALTERNATIVE & ROCK",,Site of a Scottish rock band.,,
144760,Forest Fires on Bandcamp,https://forest-firesuk.bandcamp.com/,Forest Fires,,,website,25/08/2021,False,Music,"MUSIC : INDIE, POP, ALTERNATIVE & ROCK",,Site of a Scottish alternative-indie band.,,
144761,Gauze on Bandcamp,https://gauzemusic.bandcamp.com/,Gauze,Q5527946,https://www.wikidata.org/wiki/Q5527946,website,25/08/2021,False,Music,"MUSIC : INDIE, POP, ALTERNATIVE & ROCK",,Site of a Scottish electronica band.,,
144762,Gavin Forbes Music on Bandcamp,https://gavinforbesmusic.bandcamp.com/,Gavin Forbes Music on Bandcamp,,,website,25/08/2021,False,Music,"MUSIC : INDIE, POP, ALTERNATIVE & ROCK",,Site of a Scottish rock musician.,,
144763,gazaxian on Bandcamp,https://gazaxian.bandcamp.com/,Gazaxian,,,website,25/08/2021,False,Music,"MUSIC : INDIE, POP, ALTERNATIVE & ROCK",,Site of a Scottish electronica musician.,,
144764,Ghosts on the Tracks on Bandcamp,https://ghostsonthetracks.bandcamp.com/,Ghosts on the Tracks,,,website,25/08/2021,False,Music,MUSIC : TRADITIONAL / FOLK,,Site of a Scottish folk rock band.,,
144765,GlenLyon:Lion on Bandcamp,https://glenlyonlion1.bandcamp.com/,GlenLyon:Lion,,,website,25/08/2021,False,Music,MUSIC : TRADITIONAL / FOLK,,Site of a Scottish indie-folk musician.,,
144766,Frozen Shores on Bandcamp,https://frozenshoresmusic.bandcamp.com/,Frozen Shores,,,website,25/08/2021,False,Music,"MUSIC : INDIE, POP, ALTERNATIVE & ROCK",,Site of a Scottish alternative rock band.,,
144767,IRL Latency on Bandcamp,https://darkchildhupu.bandcamp.com/,IRL Latency,,,website,25/08/2021,False,Music,"MUSIC : INDIE, POP, ALTERNATIVE & ROCK",,Site of a Scottish electronica band.,,
144768,Green Beers on Bandcamp,https://greenbeers.bandcamp.com/,Green Beers,,,website,25/08/2021,False,Music,"MUSIC : INDIE, POP, ALTERNATIVE & ROCK",,Site of a Scottish punk group.,,
144769,GROBBIE on Bandcamp,https://grobbie.bandcamp.com/,GROBBIE,,,website,25/08/2021,False,Music,"MUSIC : INDIE, POP, ALTERNATIVE & ROCK",,Site of a Scottish electronica musician.,,
144770,Guillaume Tiberghien on Bandcamp,https://guillaumetiberghien.bandcamp.com/,Guillaume Tiberghien on Bandcamp,,,website,25/08/2021,False,Music,MUSIC : TRADITIONAL / FOLK,,Site of a French folk musician based in Dumfries & Galloway.,,
144771,Hail Of Teeth on Bandcamp,https://hailofteeth.bandcamp.com/,Hail Of Teeth,,,website,25/08/2021,False,Music,"MUSIC : INDIE, POP, ALTERNATIVE & ROCK",,Site of a Scottish alternative-indie band.,,
144772,Helene Fleming on Bandcamp,https://helenefleming.bandcamp.com/,Helene Fleming on Bandcamp,,,website,25/08/2021,False,Music,"MUSIC : INDIE, POP, ALTERNATIVE & ROCK",,Site of a Scottish ambient / healing music creator.,,
144773,Hemp Fandango on Bandcamp,https://hempfandango.bandcamp.com/,Hemp Fandango,,,website,25/08/2021,False,Music,"MUSIC : INDIE, POP, ALTERNATIVE & ROCK",,Site of a Scottish alternative-indie band.,,
144774,He's Dead Jim on Bandcamp,https://hesdeadjim1.bandcamp.com/,He's Dead Jim,,,website,25/08/2021,False,Music,"MUSIC : INDIE, POP, ALTERNATIVE & ROCK",,Site of a Scottish alternative-indie band.,,
144775,Holy Snakes on Bandcamp,https://holysnakes.bandcamp.com/,Holy Snakes,,,website,25/08/2021,False,Music,"MUSIC : INDIE, POP, ALTERNATIVE & ROCK",,Site of a Scottish alternative-indie band.,,
144788,Howlinbear on Bandcamp,https://howlinbear.bandcamp.com/,Howlinbear,,,website,26/08/2021,False,Music,"MUSIC : INDIE, POP, ALTERNATIVE & ROCK",,Site of a Scottish rock band.,,
144789,iBengal on Bandcamp,https://ibengalmusic.bandcamp.com/,iBengal,,,website,26/08/2021,False,Music,"MUSIC : INDIE, POP, ALTERNATIVE & ROCK",,Site of a Scottish electronica band.,,
144790,Ice Cream For Crow on Bandcamp,https://icecreamforcrow.bandcamp.com/,Ice Cream For Crow,,,website,26/08/2021,False,Music,"MUSIC : INDIE, POP, ALTERNATIVE & ROCK",,Site of a Scottish electronica band.,,
144791,In Autumnus on Bandcamp,https://inautumnus.bandcamp.com/,In Autumnus,,,website,26/08/2021,False,Music,"MUSIC : INDIE, POP, ALTERNATIVE & ROCK",,,,
144792,IndianRedLopez on Bandcamp,https://indianredlopez.bandcamp.com/,IndianRedLopez,,,website,26/08/2021,False,Music,"MUSIC : INDIE, POP, ALTERNATIVE & ROCK",,Site of a Scottish alternative-indie band.,,
144793,Indica on Bandcamp,https://indica.bandcamp.com/,Indica,,,website,26/08/2021,False,Music,"MUSIC : INDIE, POP, ALTERNATIVE & ROCK",,Site of a Scottish rock band.,,
144795,Berta Kennedy,https://www.bertakennedy.co.uk/,Berta Kennedy,,,website,26/08/2021,False,Music,"MUSIC : INDIE, POP, ALTERNATIVE & ROCK",,Site of a Scottish producer and singer-songwriter from Greenock.,,
144799,Kate Kyle,https://www.katekylemusic.com/,Kate Kyle,,,website,26/08/2021,False,Music,MUSIC : TRADITIONAL / FOLK,,Site of a Scottish country folk singer-songwriter and musician.,,
144800,Isolates,https://www.isolatesmusic.com/,Isolates,,,website,26/08/2021,False,Music,"MUSIC : INDIE, POP, ALTERNATIVE & ROCK",,Site of a Scottish electronica band.,,
144803,Hideouts on Bandcamp,https://thisishideouts.bandcamp.com/,Hideouts,,,website,26/08/2021,False,Music,"MUSIC : INDIE, POP, ALTERNATIVE & ROCK",,Site of a Scottish electronica band.,,
144804,Jaar of Nezborlan on Bandcamp,https://jaarofnezborlan.bandcamp.com/,Jaar of Nezborlan,,,website,26/08/2021,False,Music,"MUSIC : INDIE, POP, ALTERNATIVE & ROCK",,Site of a Scottish electronica band.,,
144805,Jeep_Solid on Bandcamp,https://jeepsolid.bandcamp.com/,Jeep_Solid,,,website,26/08/2021,False,Music,"MUSIC : INDIE, POP, ALTERNATIVE & ROCK",,Site of a Scottish alternative-indie band.,,
144806,Joe Covenant on Bandcamp,https://joecovenant.bandcamp.com/,Joe Covenant on Bandcamp,,,website,26/08/2021,False,Music,"MUSIC : INDIE, POP, ALTERNATIVE & ROCK",,Site of a Scottish comedy singer-songwriter from Dundee.,,
144807,Kathy Storey on Bandcamp,https://kathystorey.bandcamp.com/,Kathy Storey on Bandcamp,,,website,26/08/2021,False,Music,"MUSIC : INDIE, POP, ALTERNATIVE & ROCK",,Site of a Scottish singer-songwriter and musician.,,
144808,KEKKER on Bandcamp,https://kekker.bandcamp.com/,KEKKER,,,website,26/08/2021,False,Music,"MUSIC : INDIE, POP, ALTERNATIVE & ROCK",,Site of a Scottish rock band.,,
144809,Kevin Thomson on Bandcamp,https://kevinthomson.bandcamp.com/,Kevin Thomson,,,website,26/08/2021,False,Music,"MUSIC : INDIE, POP, ALTERNATIVE & ROCK",,Site of a Scottish singer-songwriter and musician.,,
144810,"Jagged Violet, The on Bandcamp",https://thejaggedviolet.bandcamp.com/,The Jagged Violet,,,website,26/08/2021,False,Music,"MUSIC : INDIE, POP, ALTERNATIVE & ROCK",,Site of a Scottish blues band.,,
144811,Jackill on Bandcamp,https://jackill.bandcamp.com/,Jackill,,,website,26/08/2021,False,Music,"MUSIC : INDIE, POP, ALTERNATIVE & ROCK",,"Site of a Scottish rapper, producer, writer, tutor and youth worker from Aberdeen.","Aberdeen",
144828,Keys for Eclipse on Bandcamp,https://keysforeclipse.bandcamp.com/,Keys for Eclipse,,,website,27/08/2021,False,Music,"MUSIC : INDIE, POP, ALTERNATIVE & ROCK",,Site of a Scottish electronica artist.,,
144829,KFox on Bandcamp,https://kfoxmusic.bandcamp.com/,KFox,,,website,27/08/2021,False,Music,"MUSIC : INDIE, POP, ALTERNATIVE & ROCK",,Site of a Scottish electronica artist.,,
144830,Kilmory Day Trip on Bandcamp,https://kilmorydaytrip.bandcamp.com/,Kilmory Day Trip,,,website,27/08/2021,False,Music,"MUSIC : INDIE, POP, ALTERNATIVE & ROCK",,Site of a Scottish alternative-indie band.,,
144831,Kurnel Fist on Bandcamp,https://kurnelfist.bandcamp.com/,Kurnel Fist,,,website,27/08/2021,False,Music,"MUSIC : INDIE, POP, ALTERNATIVE & ROCK",,Site of a Scottish rock band.,,
144832,LadyWantsAudio on Bandcamp,https://ladywantsaudio.bandcamp.com/,LadyWantsAudio,,,website,27/08/2021,False,Music,"MUSIC : INDIE, POP, ALTERNATIVE & ROCK",,Site of a Scottish electronica band.,,
144833,Libby Thompson on Bandcamp,https://libbyj.bandcamp.com/,Libby Thompson on Bandcamp,,,website,27/08/2021,False,Music,"MUSIC : INDIE, POP, ALTERNATIVE & ROCK",,Site of a Scottish electronica musician.,,
144834,Sounding Board Records [NB sole outlet for Lewis Benzies] on Bandcamp,https://soundingboardrecords.bandcamp.com/,Sounding Board Records,,,website,27/08/2021,False,Music,MUSIC : RECORD COMPANY,,"Site of a Scottish record company, whose sole artist is jazz musician Lewis Benzies.",,
144835,KARDAH 9 on Bandcamp,https://kardah9.bandcamp.com/,KARDAH 9,,,website,27/08/2021,False,Music,"MUSIC : INDIE, POP, ALTERNATIVE & ROCK",,Site of a Scottish rock band.,,
144836,Karin on Bandcamp,https://karinsws.bandcamp.com/,Karin,,,website,27/08/2021,False,Music,"MUSIC : INDIE, POP, ALTERNATIVE & ROCK",,Site of a Scottish rock band.,,
144837,Kashmir Crows on Bandcamp,https://kashmircrows.bandcamp.com/,Kashmir Crows,,,website,27/08/2021,False,Music,"MUSIC : INDIE, POP, ALTERNATIVE & ROCK",,Site of a Scottish alternative-indie band.,,
144838,"Kimberly Steaks, The on Bandcamp",https://thekimberlysteaks.bandcamp.com/,The Kimberly Steaks,,,website,27/08/2021,False,Music,"MUSIC : INDIE, POP, ALTERNATIVE & ROCK",,Site of a Scottish rock band.,,
144839,Kobi on Bandcamp,https://kobimusic.bandcamp.com/,Kobi,,,website,27/08/2021,False,Music,"MUSIC : INDIE, POP, ALTERNATIVE & ROCK",,Site of a Scottish rock band.,,
144840,Lachance on Bandcamp,https://lachance.bandcamp.com/,Lachance,,,website,27/08/2021,False,Music,"MUSIC : INDIE, POP, ALTERNATIVE & ROCK",,Site of a Scottish rock band.,,
144841,Exiled Records on Bandcamp,https://exiled-records.bandcamp.com/,Exiled Records,,,website,27/08/2021,False,Music,MUSIC : RECORD COMPANY,,Site of a Scottish record company.,,
144842,Jay Ingram on Bandcamp,https://jayingram.bandcamp.com/,Jay Ingram on Bandcamp,,,website,27/08/2021,False,Music,MUSIC : TRADITIONAL / FOLK,,Site of a Scottish singer-songwriter and folk musician.,,
144843,King Kobalt on Bandcamp,https://kingkobalt.bandcamp.com/,King Kobalt,,,website,27/08/2021,False,Music,"MUSIC : INDIE, POP, ALTERNATIVE & ROCK",,Site of a Scottish rock band.,,
144844,Last Days on Bandcamp,https://thesafety.bandcamp.com/,Last Days,,,website,27/08/2021,False,Music,"MUSIC : INDIE, POP, ALTERNATIVE & ROCK",,Site of a Scottish electronica musician.,,
144845,Jazz at the Blue Lamp Community Jazz Big Band on Bandcamp,https://jazzatthebluelampcommunityjazzbigband.bandcamp.com/,Jazz at the Blue Lamp Community Jazz Big Band,,,website,27/08/2021,False,Music,MUSIC : JAZZ,,Site of a Scottish community jazz band located in Aberdeen. See also http://www.jazzatthebluelamp.com/.,"Aberdeen",
144847,Kobi,http://www.kobimusic.co.uk/,Kobi,,,website,27/08/2021,False,Music,"MUSIC : INDIE, POP, ALTERNATIVE & ROCK",,Site of a Scottish indie pop musician.,,
144848,Last Days,http://www.lastdaysmusic.co.uk/,Last days,,,website,27/08/2021,False,Music,"MUSIC : INDIE, POP, ALTERNATIVE & ROCK",,Site of a Scottish electronica musician.,,
144849,Foxhunting on Bandcamp,https://foxhunting.bandcamp.com/,Foxhunting,,,website,27/08/2021,False,Music,MUSIC : TRADITIONAL / FOLK,,Site of a Scottish indie-folk musician.,,
144850,Hayworth on Bandcamp,https://hayworth.bandcamp.com/,Hayworth,,,website,27/08/2021,False,Music,"MUSIC : INDIE, POP, ALTERNATIVE & ROCK",,Site of a Scottish rock band.,,
144851,Highland Soul Council on Bandcamp,https://highlandsoulcouncil.bandcamp.com/,Highland Soul Council,,,website,27/08/2021,False,Music,"MUSIC : INDIE, POP, ALTERNATIVE & ROCK",,Site of a Scottish electronica band.,,
144852,Haworth Hodgkinson on Bandcamp,https://highmoss.bandcamp.com/,Haworth Hodgkinson on Bandcamp,,,website,27/08/2021,False,Music,"MUSIC : INDIE, POP, ALTERNATIVE & ROCK",,Site of a Scottish electronica musician.,,
144853,Hymn Records on Bandcamp,https://hymnrecords.bandcamp.com/,Hymn Records,,,website,27/08/2021,False,Music,MUSIC : RECORD COMPANY,,Site of a Scottish record company.,,
144856,Joey Terrifying on Bandcamp,https://wearejoeyterrifying.bandcamp.com/,Joey Terrifying,,,website,27/08/2021,False,Music,"MUSIC : INDIE, POP, ALTERNATIVE & ROCK",,Site of a Scottish SKA band.,,
144928,Lung Season on Bandcamp,https://lung-season.bandcamp.com/,Lung Season,,,website,30/08/2021,False,Music,"MUSIC : INDIE, POP, ALTERNATIVE & ROCK",,Site of a Scottish alternative-indie band.,,
144929,Maxwell's Dead on Bandcamp,https://maxwellsdead.bandcamp.com/,Maxwell's Dead,,,website,30/08/2021,False,Music,"MUSIC : INDIE, POP, ALTERNATIVE & ROCK",,Site of a Scottish punk SKA band.,,
144930,Matthew Collings,http://mcollingsmusic.com/,Matthew Collings,,,website,30/08/2021,False,Music,"MUSIC : INDIE, POP, ALTERNATIVE & ROCK",,Site of a Scottish alternative-indie musician.,,
144932,Craigie Knowes,https://craigieknowes.com/,Craigie Knowes,,,website,30/08/2021,False,Music,MUSIC : RECORD COMPANY,,Site of a Scottish record company located in Perth.,"Perth",
144933,Lone Wolf,https://lonewolftunes.com/,Lone Wolf,,,website,30/08/2021,False,Music,"MUSIC : INDIE, POP, ALTERNATIVE & ROCK",,Site of a Scottish singer-songwriter and producer.,,
144937,Luna Park,https://lunaparkmusic.bandcamp.com/,Luna Park,,,website,30/08/2021,False,Music,"MUSIC : INDIE, POP, ALTERNATIVE & ROCK",,Site of a Scottish alternative-indie band.,,
144942,MellowJoe on Bandcamp,https://mellowjoe.bandcamp.com/,MellowJoe on Bandcamp,,,website,30/08/2021,False,Music,"MUSIC : INDIE, POP, ALTERNATIVE & ROCK",,Site of a Scottish hip-hop artist.,,
144943,"Marx, The on Bandcamp",https://themarxdundee.bandcamp.com/,The Marx,,,website,30/08/2021,False,Music,"MUSIC : INDIE, POP, ALTERNATIVE & ROCK",,Site of a Scottish rock band.,,
144944,"Little Mill Of Happiness, The on Bandcamp",https://tlmohband.bandcamp.com/,The Little Mill Of Happiness,,,website,30/08/2021,False,Music,"MUSIC : INDIE, POP, ALTERNATIVE & ROCK",,Site of a Scottish alternative-indie band.,,
144947,Man Gone Missing,https://mangonemissing.bandcamp.com/,Man Gone Missing,,,website,30/08/2021,False,Music,"MUSIC : INDIE, POP, ALTERNATIVE & ROCK",,Site of a Scottish blues band.,,
144950,Machine Speak on Bandcamp,https://machinespeak.bandcamp.com/,Machine Speak,,,website,30/08/2021,False,Music,"MUSIC : INDIE, POP, ALTERNATIVE & ROCK",,Site of a Scottish alternative-indie band.,,
144951,Mark Dunsmore on Bandcamp,https://soundjub.bandcamp.com/,Mark Dunsmore on Bandcamp,,,website,30/08/2021,False,Music,"MUSIC : INDIE, POP, ALTERNATIVE & ROCK",,Site of a Scottish electronica musician.,,
144952,"Mamoulean, The on Bandcamp",https://themamoulean.bandcamp.com/,The Mamoulean,,,website,30/08/2021,False,Music,"MUSIC : INDIE, POP, ALTERNATIVE & ROCK",,Site of a Scottish rock band.,,
144953,"Media Whores, The on Bandcamp",https://themediawhores.bandcamp.com/,The Media Whores,,,website,30/08/2021,False,Music,"MUSIC : INDIE, POP, ALTERNATIVE & ROCK",,Site of a Scottish alternative-indie band.,,
144954,Marionettes on Bandcamp,https://marionettes.bandcamp.com/,Marionettes,,,website,30/08/2021,False,Music,"MUSIC : INDIE, POP, ALTERNATIVE & ROCK",,Site of a Scottish alternative-indie band.,,
144973,Negative Spectrum on Bandcamp,https://negativespectrum.bandcamp.com/,Negative Spectrum,,,website,31/08/2021,False,Music,"MUSIC : INDIE, POP, ALTERNATIVE & ROCK",,Site of a Scottish electronica musician.,,
144974,Mickey 9s on Bandcamp,https://mickey9s.bandcamp.com/,Mickey 9s,,,website,31/08/2021,False,Music,"MUSIC : INDIE, POP, ALTERNATIVE & ROCK",,Site of a Scottish alternative-indie band.,,
144975,Miss Lucid on Bandcamp,https://misslucid.bandcamp.com/,Miss Lucid,,,website,31/08/2021,False,Music,"MUSIC : INDIE, POP, ALTERNATIVE & ROCK",,Site of a Scottish alternative-indie band.,,
144976,Neptune Discs on Bandcamp,https://neptunediscs.bandcamp.com/,Neptune Discs,,,website,31/08/2021,False,Music,MUSIC : RECORD COMPANY,,Site of a Scottish record company based in Edinburgh.,"Edinburgh",
144979,Naum Gabo on Bandcamp,https://naumgabo.bandcamp.com/,Naum Gabo,,,website,31/08/2021,False,Music,"MUSIC : INDIE, POP, ALTERNATIVE & ROCK",,Site of a Scottish electronica musician.,,
144980,Navoi [aka Garry Ferrier] on Bandcamp,https://navoi.bandcamp.com/,Navoi [aka Garry Ferrier] on Bandcamp,,,website,31/08/2021,False,Music,MUSIC : TRADITIONAL / FOLK,,Site of a Scottish folk musician also known as Garry Ferrier.,,
144981,"Mnemonics, The on Bandcamp",https://themnemonics.bandcamp.com/,The Mnemonics,,,website,31/08/2021,False,Music,"MUSIC : INDIE, POP, ALTERNATIVE & ROCK",,Site of a Scottish alternative-indie band.,,
144982,"Mystic Caves, The on Bandcamp",https://themysticcaves.bandcamp.com/,The Mystic Caves,,,website,31/08/2021,False,Music,"MUSIC : INDIE, POP, ALTERNATIVE & ROCK",,Site of a Scottish electronica band.,,
144983,Nobody-Buys-Records on Bandcamp,https://bankrupteuropeans.bandcamp.com/,Nobody-Buys-Records,,,website,31/08/2021,False,Music,MUSIC : RECORD COMPANY,,Site of a Scottish record company.,,
144985,MilkitSounds on Bandcamp,https://milkitsounds.bandcamp.com/,MilkitSounds,,,website,31/08/2021,False,Music,MUSIC : RECORD COMPANY,,Site of a Scottish record company.,,
144986,Million Dollar Disco on Bandcamp,https://milliondollardisco1.bandcamp.com/,Million Dollar Disco,,,website,31/08/2021,False,Music,"MUSIC : INDIE, POP, ALTERNATIVE & ROCK",,Site of a Scottish electronica musician.,,
144987,Mitchell Street on Bandcamp,https://mitchellstreet.bandcamp.com/,Mitchell Street,,,website,31/08/2021,False,Music,MUSIC : RECORD COMPANY,,Site of a Scottish record company.,,
144988,MJMusic on Bandcamp,https://mjm1928.bandcamp.com/,MJMusic,,,website,31/08/2021,False,Music,"MUSIC : INDIE, POP, ALTERNATIVE & ROCK",,Site of a Scottish musician.,,
144989,Monroe on Bandcamp,https://monroeofficial.bandcamp.com/,Monroe,,,website,31/08/2021,False,Music,"MUSIC : INDIE, POP, ALTERNATIVE & ROCK",,Site of a Scottish rock band.,,
144990,Monza Express on Bandcamp,https://monzaexpress.bandcamp.com/,Monza Express,,,website,31/08/2021,False,Music,"MUSIC : INDIE, POP, ALTERNATIVE & ROCK",,Site of a Scottish alternative-indie band.,,
144991,N4M3L355 on Bandcamp,https://n4m3l355.bandcamp.com/,N4M3L355,,,website,31/08/2021,False,Music,"MUSIC : INDIE, POP, ALTERNATIVE & ROCK",,Site of a Scottish rapper from Dundee.,,
144992,Nathan Fordyce-Wright on Bandcamp,https://nathanfw.bandcamp.com/,Nathan Fordyce-Wright on Bandcamp,,,website,31/08/2021,False,Music,"MUSIC : INDIE, POP, ALTERNATIVE & ROCK",,Site of a Scottish alternative-indie musician.,,
144993,Nick Shane on Bandcamp,https://nick-shane.bandcamp.com/,Nick Shane on Bandcamp,,,website,31/08/2021,False,Music,"MUSIC : INDIE, POP, ALTERNATIVE & ROCK",,Site of a Scottish alternative-indie musician.,,
144994,Night Fighter on Bandcamp,https://nightfighterglasgow.bandcamp.com/,Night Fighter,,,website,31/08/2021,False,Music,"MUSIC : INDIE, POP, ALTERNATIVE & ROCK",,Site of a Scottish rock band.,,
144995,Night School on Bandcamp,https://night-school.bandcamp.com/,Night School Studio,Q23761586,https://www.wikidata.org/wiki/Q23761586,website,31/08/2021,False,Music,MUSIC : RECORD COMPANY,,Site of a Scottish record company.,,
144997,Daves New Bike,https://davesnewbike.com/,Daves New Bike,,,website,31/08/2021,False,Music,MUSIC : TRADITIONAL / FOLK,,Site of a Scottish folk-rock band.,,
144998,Love Hz,https://love-hz.co.uk/,Love Hz,,,website,31/08/2021,False,Music,MUSIC : RECORD COMPANY,,Site of a Scottish record company based in Edinburgh.,"Edinburgh",
145002,Michigan,https://www.michiganband.co.uk/,Michigan,,,website,31/08/2021,False,Music,MUSIC : FUNCTION BAND,,Site of a Scottish function band.,,
145003,Memorex Memories on Bandcamp,https://memorexmemories.bandcamp.com/,Memorex Memories,,,website,31/08/2021,False,Music,"MUSIC : INDIE, POP, ALTERNATIVE & ROCK",,Site of a Scottish electronica musician.,,
145004,Mid Life Krysis on Bandcamp,https://midlifekrysis.bandcamp.com/,Mid Life Krysis,,,website,31/08/2021,False,Music,"MUSIC : INDIE, POP, ALTERNATIVE & ROCK",,Site of a Scottish hip-hop artist.,,
145005,Misled Youth on Bandcamp,https://misledyouth.bandcamp.com/,Misled Youth,,,website,31/08/2021,False,Music,"MUSIC : INDIE, POP, ALTERNATIVE & ROCK",,Site of a Scottish punk SKA band.,,
145006,Misty Twisty Enigma on Bandcamp,https://mistytwistyenigma.bandcamp.com/,Misty Twisty Enigma,,,website,31/08/2021,False,Music,"MUSIC : INDIE, POP, ALTERNATIVE & ROCK",,Site of a Scottish alternative-indie artist.,,
145007,Mr Still on Bandcamp,https://mrstill.bandcamp.com/,Mr Still,,,website,31/08/2021,False,Music,"MUSIC : INDIE, POP, ALTERNATIVE & ROCK",,Site of a Scottish singer-songwriter.,,
145008,MR TC on Bandcamp,https://mrtc.bandcamp.com/,MR TC,,,website,31/08/2021,False,Music,"MUSIC : INDIE, POP, ALTERNATIVE & ROCK",,Site of a Scottish electronica musician.,,
145009,My Heart Your Thunder on Bandcamp,https://myheartyourthunder.bandcamp.com/,My Heart Your Thunder,,,website,31/08/2021,False,Music,"MUSIC : INDIE, POP, ALTERNATIVE & ROCK",,Site of a Scottish musician creating free music to download.,,
145010,Neolunar on Bandcamp,https://neolunar.bandcamp.com/,Neolunar,,,website,31/08/2021,False,Music,"MUSIC : INDIE, POP, ALTERNATIVE & ROCK",,Site of a Scottish electronica band.,,
145011,Moray Newlands on Bandcamp,https://newlandsmusic.bandcamp.com/,Moray Newlands,,,website,31/08/2021,False,Music,"MUSIC : INDIE, POP, ALTERNATIVE & ROCK",,Site of a Scottish electronica musician.,,
145012,NIK Laidlaw Music on Bandcamp,https://niklaidlawmusic.bandcamp.com/,NIK Laidlaw Music,,,website,31/08/2021,False,Music,"MUSIC : INDIE, POP, ALTERNATIVE & ROCK",,Site of a Scottish rock musician.,,
145013,Miracle Glass Company,http://www.miracleglasscompany.com/,Miracle Glass Company,,,website,31/08/2021,False,Music,"MUSIC : INDIE, POP, ALTERNATIVE & ROCK",,Site of a Scottish alternative-indie band.,,
145017,Milo and Yonas on Bandcamp,https://miloandyonas.bandcamp.com/,Milo and Yonas,,,website,31/08/2021,False,Music,"MUSIC : INDIE, POP, ALTERNATIVE & ROCK",,Milo and Yonas on Bandcamp,"Yonas",
145019,Optimo Music on Bandcamp,https://optimomusic.bandcamp.com/,Optimo Music on Bandcamp,,,website,31/08/2021,False,Music,MUSIC : RECORD COMPANY,,Site of a Scottish record company.,,
145044,"Oxbow Lake Band, The",http://www.theoxbows.com/,The Oxbow Lake Band,,,website,01/09/2021,False,Music,"MUSIC : INDIE, POP, ALTERNATIVE & ROCK",,Site of a Scottish blues funk band.,,
145047,"NSA, The on Bandcamp",https://thensa.bandcamp.com/,The NSA,,,website,01/09/2021,False,Music,"MUSIC : INDIE, POP, ALTERNATIVE & ROCK",,Site of a Scottish rock band.,,
145048,nogroup on Bandcamp,https://nogroup1.bandcamp.com/,nogroup,,,website,01/09/2021,False,Music,"MUSIC : INDIE, POP, ALTERNATIVE & ROCK",,Site of a Scottish electronica band.,,
145050,North Sea Dialect on Bandcamp,https://northseadialect.bandcamp.com/,North Sea Dialect,,,website,01/09/2021,False,Music,"MUSIC : INDIE, POP, ALTERNATIVE & ROCK",,Site of a Scottish electronica band.,,
145051,OH!RIO on Bandcamp,https://ohrio.bandcamp.com/,OH!RIO,,,website,01/09/2021,False,Music,"MUSIC : INDIE, POP, ALTERNATIVE & ROCK",,Site of a Scottish alternative-indie band.,,
145052,Ommadon on Bandcamp,https://ommadon.bandcamp.com/,Ommadon,,,website,01/09/2021,False,Music,"MUSIC : INDIE, POP, ALTERNATIVE & ROCK",,Site of a Scottish rock band.,,
145053,OperationCuntDestroyer on Bandcamp,https://operationcuntdestroyer.bandcamp.com/,Operation Cunt Destroyer,,,website,01/09/2021,False,Music,"MUSIC : INDIE, POP, ALTERNATIVE & ROCK",,Site of a Scottish rock band.,,
145054,Orynthia on Bandcamp,https://orynthia.bandcamp.com/,Orynthia,,,website,01/09/2021,False,Music,"MUSIC : INDIE, POP, ALTERNATIVE & ROCK",,Site of a Scottish progressive rock band.,,
145055,Illuminated Death Mound Productions on Bandcamp,https://illuminateddeathmound.bandcamp.com/,Illuminated Death Mound Productions,,,website,01/09/2021,False,Music,MUSIC : RECORD COMPANY,,Site of a Scottish record company based in Edinburgh.,"Edinburgh",
145056,Campfires in Winter on Bandcamp,https://campfiresinwinter.bandcamp.com/,Campfires in Winter,,,website,01/09/2021,False,Music,"MUSIC : INDIE, POP, ALTERNATIVE & ROCK",,Site of a Scottish rock band.,,
145057,Giant Tank on Bandcamp,https://gianttank.bandcamp.com/r,Giant Tank,,,website,01/09/2021,False,Music,MUSIC : RECORD COMPANY,,Site of a Scottish record company.,,
145058,Henry & Fleetwood on Bandcamp,https://henryfleetwood.bandcamp.com/,Henry & Fleetwood,,,website,01/09/2021,False,Music,"MUSIC : INDIE, POP, ALTERNATIVE & ROCK",,Site of a Scottish alternative-indie duo.,,
145059,Jo Mango on Bandcamp,https://jomango.bandcamp.com/,Jo Mango on Bandcamp,,,website,01/09/2021,False,Music,MUSIC : TRADITIONAL / FOLK,,Site of a Scottish folk singer-songwriter and musician.,,
145060,Moonsoup on Bandcamp,https://moonsoup.bandcamp.com/,Moonsoup,,,website,01/09/2021,False,Music,"MUSIC : INDIE, POP, ALTERNATIVE & ROCK",,Site of a Scottish alternative-indie band.,,
145061,Nuff da Wikid on Bandcamp,https://nuffdawikid.bandcamp.com/,Nuff da Wikid,,,website,01/09/2021,False,Music,"MUSIC : INDIE, POP, ALTERNATIVE & ROCK",,Site of a Scottish hip-hop artist.,,
145062,Oath Sc on Bandcamp,https://oath1.bandcamp.com/,Oath SC,,,website,01/09/2021,False,Music,"MUSIC : INDIE, POP, ALTERNATIVE & ROCK",,Site of a Scottish rock band.,,
145063,Odd Tsar on Bandcamp,https://oddtsar.bandcamp.com/,Odd Tsar,,,website,01/09/2021,False,Music,"MUSIC : INDIE, POP, ALTERNATIVE & ROCK",,Site of a Scottish alternative-indie.,,
145064,Offshore on Bandcamp,https://offfshore.bandcamp.com/,Offshore,,,website,01/09/2021,False,Music,"MUSIC : INDIE, POP, ALTERNATIVE & ROCK",,Site of a Scottish electronica musician.,,
145065,Offworld Recordings on Bandcamp,https://offworldrecordings.bandcamp.com/,Offworld Recordings,,,website,01/09/2021,False,Music,MUSIC : RECORD COMPANY,,Site of a Scottish record company located in Edinburgh.,"Edinburgh",
145066,O/H Boy on Bandcamp,https://oh-boy-musician.bandcamp.com/,O/H,,,website,01/09/2021,False,Music,"MUSIC : INDIE, POP, ALTERNATIVE & ROCK",,Site of a Scottish electronica band.,,
145067,Oh! Paulo on Bandcamp,https://ohpaulo.bandcamp.com/,Oh! Paulo,,,website,01/09/2021,False,Music,"MUSIC : INDIE, POP, ALTERNATIVE & ROCK",,Site of a Scottish alternative-indie band.,,
145068,Old Guard on Bandcamp,https://oldguardskramz.bandcamp.com/,Old Guard,,,website,01/09/2021,False,Music,"MUSIC : INDIE, POP, ALTERNATIVE & ROCK",,Site of a Scottish alternative-indie.,,
145069,Order Of The Wolf on Bandcamp,https://orderofthewolf.bandcamp.com/,Order Of The Wolf,,,website,01/09/2021,False,Music,"MUSIC : INDIE, POP, ALTERNATIVE & ROCK",,Site of a Scottish rock band.,,
145070,Otis Green & The Blues Machine on Bandcamp,https://otisgreenbluesmachine.bandcamp.com/,Otis Green & The Blues Machine,,,website,01/09/2021,False,Music,"MUSIC : INDIE, POP, ALTERNATIVE & ROCK",,Site of a Scottish blues band.,,
145071,Our Lady of the Stars on Bandcamp,https://ourladyofthestars.bandcamp.com/,Our Lady of the Stars,,,website,01/09/2021,False,Music,"MUSIC : INDIE, POP, ALTERNATIVE & ROCK",,Site of a Scottish alternative-indie band.,,
145072,Outstandifold And The Wettygrippers on Bandcamp,https://outstandifold.bandcamp.com/,Outstandifold And The Wettygrippers,,,website,01/09/2021,False,Music,"MUSIC : INDIE, POP, ALTERNATIVE & ROCK",,Site of a Scottish rock band.,,
145073,Overdose on Bandcamp,https://overdosepunk.bandcamp.com/,Overdose,,,website,01/09/2021,False,Music,"MUSIC : INDIE, POP, ALTERNATIVE & ROCK",,Site of a Scottish rock band.,,
145074,"Nosuns, The on Bandcamp",https://thenosuns.bandcamp.com/,The Nosuns,,,website,01/09/2021,False,Music,"MUSIC : INDIE, POP, ALTERNATIVE & ROCK",,Site of a Scottish alternative-indie band.,,
145075,"Orc Mischief, The on Bandcamp",https://theorcmischief.bandcamp.com/,The Orc Mischief,,,website,01/09/2021,False,Music,"MUSIC : INDIE, POP, ALTERNATIVE & ROCK",,Site of a Scottish comedy band from Dundee.,,
145102,Palace Of Swords on Bandcamp,https://palaceofswords.bandcamp.com/,Palace Of Swords,,,website,02/09/2021,False,Music,"MUSIC : INDIE, POP, ALTERNATIVE & ROCK",,Site of a Scottish experimental electronica band.,,
145103,Palida Mors on Bandcamp,https://palidamors.bandcamp.com/,Palida Mors,,,website,02/09/2021,False,Music,"MUSIC : INDIE, POP, ALTERNATIVE & ROCK",,Site of a Scottish rock band.,,
145104,Philip Johnston on Bandcamp,https://philipjohnston.bandcamp.com/,Philip Johnston on Bandcamp,,,website,02/09/2021,False,Music,MUSIC : JAZZ,,Site of a Scottish jazz musician.,,
145105,Patchwork Academic on Bandcamp,https://patchworkacademic.bandcamp.com/,Patchwork Academic,,,website,02/09/2021,False,Music,"MUSIC : INDIE, POP, ALTERNATIVE & ROCK",,Site of a Scottish electronica band.,,
145106,Paul Grant on Bandcamp,https://paul-grant.bandcamp.com/,Paul Grant on Bandcamp,,,website,02/09/2021,False,Music,MUSIC : TRADITIONAL / FOLK,,Site of a Scottish folk singer-songwriter and musician.,,
145107,Pleasure Pool Bandcamp,https://pleasure-pool.bandcamp.com/,Pleasure Pool,,,website,02/09/2021,False,Music,"MUSIC : INDIE, POP, ALTERNATIVE & ROCK",,Site of a Scottish electronica band.,,
145108,PLTO on Bandcamp,https://plto.bandcamp.com/,PLTO,,,website,02/09/2021,False,Music,"MUSIC : INDIE, POP, ALTERNATIVE & ROCK",,Site of a Scottish electronica band.,,
145109,Post Coal Prom Queen on Bandcamp,https://postcoalpromqueen.bandcamp.com/,Post Coal Prom Queen,,,website,02/09/2021,False,Music,"MUSIC : INDIE, POP, ALTERNATIVE & ROCK",,Site of a Scottish electronica band.,,
145110,Proc Fiskal on Bandcamp,https://procfiskal.bandcamp.com/,Proc Fiskal,,,website,02/09/2021,False,Music,"MUSIC : INDIE, POP, ALTERNATIVE & ROCK",,Site of a Scottish electronica musician.,,
145111,Queen Of Thornhill on Bandcamp,https://queenofthornhill.bandcamp.com/,Queen Of Thornhill,,,website,02/09/2021,False,Music,"MUSIC : INDIE, POP, ALTERNATIVE & ROCK",,Site of a Scottish funk band.,,
145112,Ralph Kinsella on Bandcamp,https://ralphkinsella.bandcamp.com/,Ralph Kinsella on Bandcamp,,,website,02/09/2021,False,Music,"MUSIC : INDIE, POP, ALTERNATIVE & ROCK",,Site of a Scottish musician.,,
145113,"Project, The on Bandcamp",https://theproject11.bandcamp.com/,The Project,,,website,02/09/2021,False,Music,MUSIC : TRADITIONAL / FOLK,,Site of a Scottish traditional / folk duo.,,
145121,Psycho a Go-Go on Bandcamp,https://pagg.bandcamp.com/,Psycho a Go-Go,,,website,02/09/2021,False,Music,"MUSIC : INDIE, POP, ALTERNATIVE & ROCK",,Site of a Scottish rock band.,,
145122,Poster Paints on Bandcamp,https://posterpaints.bandcamp.com/,Poster Paints,,,website,02/09/2021,False,Music,"MUSIC : INDIE, POP, ALTERNATIVE & ROCK",,Site of a Scottish alternative-indie duo.,,
145123,Pussy Mothers on Bandcamp,https://pussymothers.bandcamp.com/,Pussy Mothers,,,website,02/09/2021,False,Music,"MUSIC : INDIE, POP, ALTERNATIVE & ROCK",,Site of a Scottish alternative-indie band.,,
145124,"Jammy Devils, The",https://www.thejammydevils.co.uk/,The Jammy Devils,,,website,02/09/2021,False,Music,MUSIC : FUNCTION BAND,,Site of a Scottish function band.,,
145138,Pathogen on Bandcamp,https://pathogen.bandcamp.com/,Pathogen,,,website,02/09/2021,False,Music,"MUSIC : INDIE, POP, ALTERNATIVE & ROCK",,Site of a Scottish rock band.,,
145139,Ramanan Ritual on Bandcamp,https://ramananritual.bandcamp.com/,Ramanan Ritual,,,website,02/09/2021,False,Music,"MUSIC : INDIE, POP, ALTERNATIVE & ROCK",,Site of a Scottish world music musian based in Inverness.,"Inverness",
145140,Pulse,https://www.pulseband.co.uk/,Pulse,,,website,02/09/2021,False,Music,MUSIC : FUNCTION BAND,,Site of a Scottish function band.,,
145144,"Please, Believe! on Bandcamp",https://pleasebelieve.bandcamp.com/,"Please, Believe",,,website,02/09/2021,False,Music,"MUSIC : INDIE, POP, ALTERNATIVE & ROCK",,Site of a Scottish alternative-indie band.,,
145145,Purple Divide on Bandcamp,https://purpledividemusic.bandcamp.com/,Purple Divide,,,website,02/09/2021,False,Music,"MUSIC : INDIE, POP, ALTERNATIVE & ROCK",,Site of a Scottish rock band.,,
145146,Paris Syndrome on Bandcamp,https://weareparissyndrome.bandcamp.com/,Paris Syndrome,,,website,02/09/2021,False,Music,"MUSIC : INDIE, POP, ALTERNATIVE & ROCK",,Site of a Scottish alternative-indie band.,,
145147,Monkey Puzzle on Bandcamp,https://monkeypuzzlemuzic.bandcamp.com/,Monkey Puzzle,,,website,02/09/2021,False,Music,"MUSIC : INDIE, POP, ALTERNATIVE & ROCK",,Site of a Scottish rock band.,,
145148,Pack Of Lies on Bandcamp,https://packofliesmusic.bandcamp.com/,Pack Of Lies,,,website,02/09/2021,False,Music,"MUSIC : INDIE, POP, ALTERNATIVE & ROCK",,Site of a Scottish blues band.,,
145149,Paper Rifles on Bandcamp,https://paper-rifles.bandcamp.com/,Paper Rifles,,,website,02/09/2021,False,Music,"MUSIC : INDIE, POP, ALTERNATIVE & ROCK",,Site of a Scottish punk band.,,
145150,Parkinson White on Bandcamp,https://parkinsonwhite.bandcamp.com/,Parkinson White,,,website,02/09/2021,False,Music,"MUSIC : INDIE, POP, ALTERNATIVE & ROCK",,Site of a Scottish electronica band.,,
145151,"Passionate People, The on Bandcamp",https://passionatepeople.bandcamp.com/,The Passionate People,,,website,02/09/2021,False,Music,"MUSIC : INDIE, POP, ALTERNATIVE & ROCK",,Site of a Scottish alternative-indie band.,,
145152,Paul Scotti on Bandcamp,https://paulscott1.bandcamp.com/,Paul Scotti on Bandcamp,,,website,02/09/2021,False,Music,"MUSIC : INDIE, POP, ALTERNATIVE & ROCK",,Site of a Scottish hip-hop artist.,,
145153,Pete Coutts on Bandcamp,https://petecoutts.bandcamp.com/,Pete Coutts on Bandcamp,,,website,02/09/2021,False,Music,MUSIC : TRADITIONAL / FOLK,,Site of a Scottish folk musician.,,
145154,Peter Watters on Bandcamp,https://peterwatters.bandcamp.com/,Peter Watters on Bandcamp,,,website,02/09/2021,False,Music,"MUSIC : INDIE, POP, ALTERNATIVE & ROCK",,Site of a Scottish alternative-indie musician.,,
145155,Pilljaw on Bandcamp,https://pilljaw.bandcamp.com/,Pilljaw,,,website,02/09/2021,False,Music,"MUSIC : INDIE, POP, ALTERNATIVE & ROCK",,Site of a Scottish rock band.,,
145156,Pilotcan on Bandcamp,https://pilotcan.bandcamp.com/,Pilotcan,,,website,02/09/2021,False,Music,"MUSIC : INDIE, POP, ALTERNATIVE & ROCK",,Site of a Scottish alternative-indie band.,,
145157,Polarities on Bandcamp,https://polaritiesuk.bandcamp.com/,Polarities,,,website,02/09/2021,False,Music,"MUSIC : INDIE, POP, ALTERNATIVE & ROCK",,Site of a Scottish rock band.,,
145158,Polyphonica on Bandcamp,https://polyphonica.bandcamp.com/,Polyphonica,,,website,02/09/2021,False,Music,MUSIC : JAZZ,,Site of a Scottish jazz band.,,
145159,Portland Vows on Bandcamp,https://portlandvows.bandcamp.com/,Portland Vows,,,website,02/09/2021,False,Music,"MUSIC : INDIE, POP, ALTERNATIVE & ROCK",,Site of a Scottish electronica band.,,
145160,Promises Promises on Bandcamp,https://promisespromises.bandcamp.com/,Promises Promises,,,website,02/09/2021,False,Music,"MUSIC : INDIE, POP, ALTERNATIVE & ROCK",,Site of a Scottish pop punk band.,,
145161,R.AGGS on Bandcamp,https://r4ggs.bandcamp.com/,R.AGGS on Bandcamp,,,website,02/09/2021,False,Music,"MUSIC : INDIE, POP, ALTERNATIVE & ROCK",,Site of a Scottish alternative-indie musician.,,
145212,Rachel Jack,https://www.racheljack.co.uk/,Rachel Jack,,,website,03/09/2021,False,Music,"MUSIC : INDIE, POP, ALTERNATIVE & ROCK",,Site of a Scottish alternative-indie artist.,,
145215,Redfish,http://www.redfishband.co.uk/,Redfish,,,website,03/09/2021,False,Music,"MUSIC : INDIE, POP, ALTERNATIVE & ROCK",,Site of a Scottish blues band.,,
145218,"Revel Sparks, The",https://www.therevelsparks.co.uk/,The Revel Sparks,,,website,03/09/2021,False,Music,MUSIC : FUNCTION BAND,,Site of a Scottish function band.,,
145230,Rats of Reality on Bandcamp,https://ratsofrealityband.bandcamp.com/,Rats of Reality,,,website,03/09/2021,False,Music,"MUSIC : INDIE, POP, ALTERNATIVE & ROCK",,Site of a Scottish rock band.,,
145233,Razorbills,http://www.therazorbills.co.uk/,The Razorbills,,,website,03/09/2021,False,Music,MUSIC : TRADITIONAL / FOLK,,Site of a Scottish folk-punk band.,,
145252,Running for Cover,http://www.runningforcover.co.uk/,Running for Cover,,,website,08/09/2021,False,Music,"MUSIC : INDIE, POP, ALTERNATIVE & ROCK",,Site of a Scottish covers band.,,
145258,Rotschreck on Bandcamp,https://rotschreck.bandcamp.com/,Rotschreck,,,website,08/09/2021,False,Music,"MUSIC : INDIE, POP, ALTERNATIVE & ROCK",,Site of a Scottish rock band.,,
145259,Roswell on Bandcamp,https://roswellproject.bandcamp.com/,Roswell,,,website,08/09/2021,False,Music,"MUSIC : INDIE, POP, ALTERNATIVE & ROCK",,Site of a Scottish rock band.,,
145260,Runemaster on Bandcamp,https://runemaster.bandcamp.com/,Runemaster,,,website,08/09/2021,False,Music,"MUSIC : INDIE, POP, ALTERNATIVE & ROCK",,Site of a Scottish rock band.,,
145261,RVINER on Bandcamp,https://rvinersnull.bandcamp.com/,RVINER,,,website,08/09/2021,False,Music,"MUSIC : INDIE, POP, ALTERNATIVE & ROCK",,Site of a Scottish electronica band.,,
145262,Samedia Shebeen on Bandcamp,https://samediashebeen.bandcamp.com/,Samedia Shebeen,,,website,08/09/2021,False,Music,"MUSIC : INDIE, POP, ALTERNATIVE & ROCK",,Site of a Scottish Caribbean themed entertainments organisation based in Edinburgh.,"Edinburgh",
145263,Samsara Velocity on Bandcamp,https://samsaravelocity.bandcamp.com/,Samsara Velocity,,,website,08/09/2021,False,Music,"MUSIC : INDIE, POP, ALTERNATIVE & ROCK",,Site of a Scottish producer and DJ.,,
145264,Saor on Bandcamp on Bandcamp,https://saor.bandcamp.com/,Saor,,,website,08/09/2021,False,Music,"MUSIC : INDIE, POP, ALTERNATIVE & ROCK",,Site of a Scottish rock band.,,
145265,Scarecrow Tribe on Bandcamp on Bandcamp,https://scarecrowtribe.bandcamp.com/,Scarecrow Tribe,,,website,08/09/2021,False,Music,"MUSIC : INDIE, POP, ALTERNATIVE & ROCK",,Site of a Scottish rock band.,,
145266,Scotch Bonnet Records on Bandcamp,https://scotchbonnetrecords.bandcamp.com/,Scotch Bonnet Records,Q18162739,https://www.wikidata.org/wiki/Q18162739,website,08/09/2021,False,Music,MUSIC : RECORD COMPANY,,Site of a Scottish record company based in Glasgow.,"Glasgow",
145268,Ross Couper and Tom Oakes,http://www.rossandtom.com/,Ross Couper / Tom Oakes,,,website,08/09/2021,False,Music,MUSIC : TRADITIONAL / FOLK,,Site of a folk duo from Shetland and Devon.,,
145270,"Rude Boys, The",https://therbs.uk/,The Rude Boys,,,website,08/09/2021,False,Music,"MUSIC : INDIE, POP, ALTERNATIVE & ROCK",,Site of a Scottish SKA band.,,
145272,Roscoe Wilson on Bandcamp,https://roscoe.bandcamp.com/,Roscoe Wilson,,,website,08/09/2021,False,Music,"MUSIC : INDIE, POP, ALTERNATIVE & ROCK",,Site of a Scottish singer-songwriter and musician.,,
145273,Ruadh on Bandcamp,https://ruadh.bandcamp.com/,Ruadh,,,website,08/09/2021,False,Music,"MUSIC : INDIE, POP, ALTERNATIVE & ROCK",,Site of a Scottish rock musician.,,
145274,Satellite Assembly on Bandcamp on Bandcamp,https://satelliteassembly.bandcamp.com/,Satellite Assembly,,,website,08/09/2021,False,Music,"MUSIC : INDIE, POP, ALTERNATIVE & ROCK",,Site of a Scottish electronica musician.,,
145275,"Rockalls, The on Bandcamp",https://therockalls.bandcamp.com/,The Rockalls,,,website,08/09/2021,False,Music,"MUSIC : INDIE, POP, ALTERNATIVE & ROCK",,Site of a Scottish alternative-indie band.,,
145276,"Sanity Club, The on Bandcamp",https://thesanityclub.bandcamp.com/,The Sanity Club,,,website,08/09/2021,False,Music,"MUSIC : INDIE, POP, ALTERNATIVE & ROCK",,Site of a Scottish rock band.,,
145277,Ross and Ali,http://rossandali.co.uk/,Ross Ainslie / Ali Hutton,,,website,08/09/2021,False,Music,MUSIC : TRADITIONAL / FOLK,,Site of a Scottish folk duo.,,
145278,Rogues Gallery,http://www.roguesgalleryband.com/,Rogues Galleryband,,,website,08/09/2021,False,Music,MUSIC : FUNCTION BAND,,Site of a Scottish function band.,,
145281,S!nk,http://www.theplughole.org/,S!nk,,,website,08/09/2021,False,Music,MUSIC : TRADITIONAL / FOLK,,Site of a Scottish folk-pop band.,,
145282,Rod Stewart Tribute by Bob Wyper,https://www.rodstewartshow.co.uk/,Rod Stewart Tribute by Bob Wyper,,,website,08/09/2021,False,Music,"MUSIC : INDIE, POP, ALTERNATIVE & ROCK",,Site for musician.,,
145283,Robot Doctors on Bandcamp,https://robotdoctors.bandcamp.com,Robot Doctors,,,website,08/09/2021,False,Music,"MUSIC : INDIE, POP, ALTERNATIVE & ROCK",,Site of a Scottish record company.,,
145284,Rope Spasm on Bandcamp,https://ropespasm.bandcamp.com/,Rope Spasm,,,website,08/09/2021,False,Music,"MUSIC : INDIE, POP, ALTERNATIVE & ROCK",,Site of a Scottish alternative-indie band.,,
145306,Screaming Through December,http://www.screamin.org.uk/,Screaming Through December,,,website,09/09/2021,False,Music,"MUSIC : INDIE, POP, ALTERNATIVE & ROCK",,Site of a Scottish rock band.,,
145308,Sherbethead on Bandcamp,https://thesherbethead.bandcamp.com/,Sherbethead,,,website,09/09/2021,False,Music,"MUSIC : INDIE, POP, ALTERNATIVE & ROCK",,Site of a Scottish electronica musician.,,
145309,Shameful Bronze on Bandcamp,https://theshamefulbronze.bandcamp.com/,Shameful Bronze,,,website,09/09/2021,False,Music,"MUSIC : INDIE, POP, ALTERNATIVE & ROCK",,Site of a Scottish rock band.,,
145310,"Seas, Starry on Bandcamp",https://seasstarry.bandcamp.com/,"Seas, Starry",,,website,09/09/2021,False,Music,"MUSIC : INDIE, POP, ALTERNATIVE & ROCK",,Site of a Scottish rock band.,,
145311,Sectioned on Bandcamp,https://sectioned.bandcamp.com/,Sectioned,,,website,09/09/2021,False,Music,"MUSIC : INDIE, POP, ALTERNATIVE & ROCK",,Site of a Scottish rock band.,,
145312,Seed Of Sorrow on Bandcamp,https://seedofsorrow.bandcamp.com/,Seed Of Sorrow,,,website,09/09/2021,False,Music,"MUSIC : INDIE, POP, ALTERNATIVE & ROCK",,Site of a Scottish rock band.,,
145313,Sepals in the Outer Whorl on Bandcamp,https://semperfi.bandcamp.com/,Sepals in the Outer Whorl,,,website,09/09/2021,False,Music,"MUSIC : INDIE, POP, ALTERNATIVE & ROCK",,Site of a Scottish rock band.,,
145314,Shitgripper on Bandcamp,https://shitgripper.bandcamp.com/,Shitgripper,,,website,09/09/2021,False,Music,"MUSIC : INDIE, POP, ALTERNATIVE & ROCK",,Site of a Scottish rock band.,,
145315,Sink Alaska on Bandcamp,https://sinkalaska.bandcamp.com/,Sink Alaska,,,website,09/09/2021,False,Music,"MUSIC : INDIE, POP, ALTERNATIVE & ROCK",,Site of a Scottish rock band.,,
145316,Slumber Club on Bandcamp,https://slumberclub.bandcamp.com/,Slumber Club,,,website,09/09/2021,False,Music,"MUSIC : INDIE, POP, ALTERNATIVE & ROCK",,Site of a Scottish alternative-indie band.,,
145317,"Shithawks, The on Bandcamp",https://theshithawks.bandcamp.com/,The Shithawks,,,website,09/09/2021,False,Music,"MUSIC : INDIE, POP, ALTERNATIVE & ROCK",,Site of a Scottish rock band.,,
145319,Big G.O.D. on Bandcamp,https://biggod.bandcamp.com/,Big G.O.D.,,,website,09/09/2021,False,Music,"MUSIC : INDIE, POP, ALTERNATIVE & ROCK",,Site of a Scottish rap artist.,,
145320,Jackie Knows Karate Records on Bandcamp,https://jkkrecords.bandcamp.com/,Jackie Knows Karate Records,,,website,09/09/2021,False,Music,MUSIC : RECORD COMPANY,,Site of a Scottish record company.,,
145321,She Burns Red on Bandcamp,https://sheburnsred.bandcamp.com/,She Burns Red,,,website,09/09/2021,False,Music,"MUSIC : INDIE, POP, ALTERNATIVE & ROCK",,Site of a Scottish rock band.,,
145322,Shogun Shato on Bandcamp,https://shogunshato.bandcamp.com/,Shogun Shato,,,website,09/09/2021,False,Music,"MUSIC : INDIE, POP, ALTERNATIVE & ROCK",,Site of a Scottish hip-hop artist.,,
145323,Siria on Bandcamp,https://siriasmusic.bandcamp.com/,Siria,,,website,09/09/2021,False,Music,MUSIC : DEVOTIONAL,,Site of a singer-songwriter and musician based in Edinburgh.,"Edinburgh",
145324,Skeleton Cowboy on Bandcamp,https://skeletoncowboy.bandcamp.com/,Skeleton Cowboy,,,website,09/09/2021,False,Music,"MUSIC : INDIE, POP, ALTERNATIVE & ROCK",,Site of a Scottish rock band.,,
145325,Slow Renewal on Bandcamp,https://slowrenewal.bandcamp.com/,Slow Renewal,,,website,09/09/2021,False,Music,"MUSIC : INDIE, POP, ALTERNATIVE & ROCK",,Site of a Scottish alternative-indie band.,,
145331,Set For September on Bandcamp,https://setforseptember.bandcamp.com/,Set For September,,,website,09/09/2021,False,Music,"MUSIC : INDIE, POP, ALTERNATIVE & ROCK",,Site of a Scottish rock band.,,
145332,Single Track Road on Bandcamp,https://singletrackroad.bandcamp.com/,Single Track Road,,,website,09/09/2021,False,Music,"MUSIC : INDIE, POP, ALTERNATIVE & ROCK",,Site of a Scottish rock and roll band.,,
145333,Slioch on Bandcamp,https://slioch.bandcamp.com/,Slioch,,,website,09/09/2021,False,Music,"MUSIC : INDIE, POP, ALTERNATIVE & ROCK",,Site of a Scottish rock band.,,
145334,Ordo Pestilentia on Bandcamp,https://ordopestilentia.bandcamp.com/,Ordo Pestilentia,,,website,09/09/2021,False,Music,"MUSIC : INDIE, POP, ALTERNATIVE & ROCK",,Site of a Scottish record company.,,
145335,Rottenheart Productions on Bandcamp,https://rottenheartproductions.bandcamp.com/,Rottenheart Productions,,,website,09/09/2021,False,Music,MUSIC : RECORD COMPANY,,Site of a Scottish record company.,,
145336,Searching For Donkeys on Bandcamp,https://searchingfordonkeys.bandcamp.com/,Searching For Donkeys,,,website,09/09/2021,False,Music,"MUSIC : INDIE, POP, ALTERNATIVE & ROCK",,Site of a Scottish alternative-indie band.,,
145337,Second X on Bandcamp,https://secondx.bandcamp.com/,Second X,,,website,09/09/2021,False,Music,"MUSIC : INDIE, POP, ALTERNATIVE & ROCK",,Site of a Scottish electronica musician.,,
145338,Settle for Shadows on Bandcamp,https://settleforshadows.bandcamp.com/,Settle for Shadows,,,website,09/09/2021,False,Music,"MUSIC : INDIE, POP, ALTERNATIVE & ROCK",,Site of a Scottish rock band.,,
145339,Shareholder on Bandcamp,https://shareholder.bandcamp.com/,Shareholder,,,website,09/09/2021,False,Music,"MUSIC : INDIE, POP, ALTERNATIVE & ROCK",,Site of a Scottish alternative-indie band.,,
145340,Shawn Cartier on Bandcamp,https://shawncartier.bandcamp.com/,Shawn Cartier on Bandcamp,,,website,09/09/2021,False,Music,"MUSIC : INDIE, POP, ALTERNATIVE & ROCK",,Site of a Scottish electronica musician.,,
145341,Si-An on Bandcamp,https://si-an.bandcamp.com/,Si-An,,,website,09/09/2021,False,Music,"MUSIC : INDIE, POP, ALTERNATIVE & ROCK",,Site of a Scottish electronica musician.,,
145342,SilverbySkyline on Bandcamp,https://silverbyskyline.bandcamp.com/,SilverbySkyline,,,website,09/09/2021,False,Music,"MUSIC : INDIE, POP, ALTERNATIVE & ROCK",,Site of a Scottish rock band.,,
145343,Silver Haar on Bandcamp,https://silverhaar.bandcamp.com/,Silver Haar,,,website,09/09/2021,False,Music,"MUSIC : INDIE, POP, ALTERNATIVE & ROCK",,Site of a Scottish alternative-indie band.,,
145344,Slow Bastard on Bandcamp,https://slowbastard.bandcamp.com/,Slow Bastard,,,website,09/09/2021,False,Music,"MUSIC : INDIE, POP, ALTERNATIVE & ROCK",,Site of a Scottish rock band.,,
145345,So Low on Bandcamp,https://solow.bandcamp.com/,So Low,,,website,09/09/2021,False,Music,"MUSIC : INDIE, POP, ALTERNATIVE & ROCK",,Site of a Scottish electronica musician.,,
145349,Sleep Unit on Bandcamp,https://sleepunit.bandcamp.com/,Sleep Unit,,,website,09/09/2021,False,Music,MUSIC : RECORD COMPANY,,Site of a Scottish record company located in Dundee.,"Dundee",
145350,Sly At Last on Bandcamp,https://slyatlast.bandcamp.com/,Sly At Last,,,website,09/09/2021,False,Music,"MUSIC : INDIE, POP, ALTERNATIVE & ROCK",,Site of a Scottish alternative-indie band.,,
145361,Something Illustrated on Bandcamp,https://somethingillustrated.bandcamp.com/,Something Illustrated,,,website,10/09/2021,False,Music,"MUSIC : INDIE, POP, ALTERNATIVE & ROCK",,Site of a Scottish progressive rock band.,,
145362,Son Of The Wolf on Bandcamp,https://sonofthewolf.bandcamp.com/,Son Of The Wolf,,,website,10/09/2021,False,Music,"MUSIC : INDIE, POP, ALTERNATIVE & ROCK",,Site of a Scottish rock band.,,
145363,Sonorous on Bandcamp,https://sonorousuk.bandcamp.com/,Sonorous,,,website,10/09/2021,False,Music,"MUSIC : INDIE, POP, ALTERNATIVE & ROCK",,Site of a Scottish rock band.,,
145364,Fuzzkill Records on Bandcamp,https://fuzzkillrecords.bandcamp.com/,Fuzzkill Records,,,website,10/09/2021,False,Music,MUSIC : RECORD COMPANY,,Site of a Scottish record company.,,
145365,Solar Sons on Bandcamp,https://solarsonsofficial.bandcamp.com/,Solar Sons,,,website,10/09/2021,False,Music,"MUSIC : INDIE, POP, ALTERNATIVE & ROCK",,Site of a Scottish progressive rock band.,,
145366,Songs From Home on Bandcamp,https://songsfromhome.bandcamp.com/,Songs From Home,,,website,10/09/2021,False,Music,"MUSIC : INDIE, POP, ALTERNATIVE & ROCK",,Site of a Scottish electronica artist.,,
145367,Sooakxa on Bandcamp,https://sooakxa.bandcamp.com/,Sooakxa,,,website,10/09/2021,False,Music,"MUSIC : INDIE, POP, ALTERNATIVE & ROCK",,Site of a Scottish electronica artist.,,
145368,Splinter on Bandcamp,https://splinterband.bandcamp.com/,Splinter,,,website,10/09/2021,False,Music,"MUSIC : INDIE, POP, ALTERNATIVE & ROCK",,Site of a Scottish rock band.,,
145369,Spoke Too Soon on Bandcamp,https://spoketoosoon.bandcamp.com/,Spoke Too Soon,,,website,10/09/2021,False,Music,"MUSIC : INDIE, POP, ALTERNATIVE & ROCK",,Site of a Scottish alternative-indie band.,,
145370,Sporkz on Bandcamp,https://sporkz.bandcamp.com/,Sporkz,,,website,10/09/2021,False,Music,"MUSIC : INDIE, POP, ALTERNATIVE & ROCK",,Site of a Scottish alternative-indie band.,,
145371,"Son(s), The on Bandcamp",https://theson.bandcamp.com/,The Son(s),,,website,10/09/2021,False,Music,"MUSIC : INDIE, POP, ALTERNATIVE & ROCK",,Site of a Scottish alternative-indie band.,,
145372,"Spinning Blowfish, The on Bandcamp",https://thespinningblowfish.bandcamp.com/,The Spinning Blowfish,,,website,10/09/2021,False,Music,MUSIC : TRADITIONAL / FOLK,,Site of a Scottish folk-punk band.,,
145378,Sonic Bucker on Bandcamp,https://sonicbucker.bandcamp.com/,Sonic Bucker,,,website,10/09/2021,False,Music,"MUSIC : INDIE, POP, ALTERNATIVE & ROCK",,Site of a Scottish blues band.,,
145379,Sonic Journey Healing on Bandcamp,https://sonicjourneyhealing.bandcamp.com/,Sonic Journey Healing,,,website,10/09/2021,False,Music,"MUSIC : INDIE, POP, ALTERNATIVE & ROCK",,Site of a Scottish creator of meditative music.,,
145380,Sonny Eclipse on Bandcamp,https://sonnyeclipse.bandcamp.com/,Sonny Eclipse,,,website,10/09/2021,False,Music,"MUSIC : INDIE, POP, ALTERNATIVE & ROCK",,Site of a Scottish electronica artist.,,
145381,Solway Dub Records on Bandcamp,https://solwaydubrecords.bandcamp.com/,Solway Dub Records,,,website,10/09/2021,False,Music,MUSIC : RECORD COMPANY,,Site of a Scottish record company.,,
145382,Soviet Blackout Frequency on Bandcamp,https://sovietblackoutfrequency.bandcamp.com/,Soviet Blackout Frequency,,,website,10/09/2021,False,Music,"MUSIC : INDIE, POP, ALTERNATIVE & ROCK",,Site of a Scottish punk band.,,
145383,spinq on Bandcamp,https://spinq.bandcamp.com/,spinq,,,website,10/09/2021,False,Music,"MUSIC : INDIE, POP, ALTERNATIVE & ROCK",,Site of a Scottish electronica artist.,,
145384,State Broadcasters on Bandcamp,https://statebroadcasters.bandcamp.com/,State Broadcasters,,,website,10/09/2021,False,Music,"MUSIC : INDIE, POP, ALTERNATIVE & ROCK",,Site of a Scottish alternative-indie band.,,
145385,Soul Inferno,https://www.soulinferno.co.uk/,Soul Inferno,,,website,10/09/2021,False,Music,MUSIC : FUNCTION BAND,,Site of a Scottish function band.,,
145450,Surround,http://www.surroundweb.co.uk/,Surround,,,website,15/09/2021,False,Music,"MUSIC : INDIE, POP, ALTERNATIVE & ROCK",,Site of a Scottish function band.,,
145457,"Suede Switchblades, The Bandcamp",https://thesuedeswitchblades.bandcamp.com/,The Suede Switchblades,,,website,15/09/2021,False,Music,"MUSIC : INDIE, POP, ALTERNATIVE & ROCK",,Site of a Scottish rock and roll band.,,
145458,Struck Dum Records on Bandcamp,https://struckdumrecords.bandcamp.com/,Struck Dum Records,,,website,15/09/2021,False,Music,MUSIC : RECORD COMPANY,,Site of a Scottish record company based in Aberdeen.,"Aberdeen",
145459,Struan Gordon on Bandcamp,https://struangordon.bandcamp.com/,Struan Gordon on Bandcamp,,,website,15/09/2021,False,Music,"MUSIC : INDIE, POP, ALTERNATIVE & ROCK",,Site of a Scottish electronica musician.,,
145460,StoneFish on Bandcamp,https://stonefishband.bandcamp.com/,StoneFish,,,website,15/09/2021,False,Music,"MUSIC : INDIE, POP, ALTERNATIVE & ROCK",,Site of a Scottish alternative-indie band.,,
145461,State of Flux on Bandcamp,https://stateofflux1.bandcamp.com/,State of Flux,,,website,15/09/2021,False,Music,"MUSIC : INDIE, POP, ALTERNATIVE & ROCK",,Site of a Scottish electronica duo.,,
145462,Start Today on Bandcamp,https://starttodayhc.bandcamp.com/,Start Today,,,website,15/09/2021,False,Music,"MUSIC : INDIE, POP, ALTERNATIVE & ROCK",,Site of a Scottish rock band.,,
145463,Springfall on Bandcamp,https://springfall.bandcamp.com/,Springfall,,,website,15/09/2021,False,Music,"MUSIC : INDIE, POP, ALTERNATIVE & ROCK",,Site of a Scottish alternative rock band.,,
145464,Autonomous Africa on Bandcamp,https://autonomousafrica.bandcamp.com/,Autonomous Africa,,,website,15/09/2021,False,Music,MUSIC : RECORD COMPANY,,Site of a Scottish record company.,,
145465,Tanuki on Bandcamp,https://tanukimusic.bandcamp.com/,Tanuki,,,website,15/09/2021,False,Music,"MUSIC : INDIE, POP, ALTERNATIVE & ROCK",,Site of a Scottish electronica musician.,,
145466,Suffering Fools Records on Bandcamp,https://sufferingfoolsrecords.bandcamp.com/,Suffering Fools Records,,,website,15/09/2021,False,Music,MUSIC : RECORD COMPANY,,"Site of a Scottish record company, the outlet of musician Siobhan Wilson.",,
145467,Sunstinger on Bandcamp,https://sunstinger.bandcamp.com/,Sunstinger,,,website,15/09/2021,False,Music,"MUSIC : INDIE, POP, ALTERNATIVE & ROCK",,Site of a Scottish alternative-indie band.,,
145469,TBM on Bandcamp,https://thebigman.bandcamp.com/,TBM [The Big Man],,,website,15/09/2021,False,Music,"MUSIC : INDIE, POP, ALTERNATIVE & ROCK",,Site of a Scottish electronica musician.,,
145470,"Super Moons, The on Bandcamp",https://thesupermoons.bandcamp.com/,The Super Moons,,,website,15/09/2021,False,Music,"MUSIC : INDIE, POP, ALTERNATIVE & ROCK",,Site of a Scottish alternative-indie band.,,
145479,Wedding pianist in Scotland [Neil Malcolm],http://www.scottishpianist.co.uk/,Wedding Pianist in Scotland,,,website,15/09/2021,False,Music,MUSIC : JAZZ,,"Site of a Scottish jazz pianist, available for functions.",,
145482,13 Tombs on Bandcamp,https://13tombs.bandcamp.com/,13 Tombs,,,website,15/09/2021,False,Music,"MUSIC : INDIE, POP, ALTERNATIVE & ROCK",,Site of a Scottish alternative-indie band.,,
145483,Rave Muzik on Bandcamp,https://ravemuzik.bandcamp.com/,Rave Muzik,,,website,15/09/2021,False,Music,MUSIC : RECORD COMPANY,,Site of a Scottish record company.,,
145484,Stephen Wake on Bandcamp,https://stephenwake.bandcamp.com/,Stephen Wake on Bandcamp,,,website,15/09/2021,False,Music,MUSIC : TRADITIONAL / FOLK,,Site of a Scottish traditional / folk musician.,,
145485,Stonethrower on Bandcamp,https://stonethroweruk.bandcamp.com/,Stonethrower,,,website,15/09/2021,False,Music,"MUSIC : INDIE, POP, ALTERNATIVE & ROCK",,Site of a Scottish rock band.,,
145486,Subradial on Bandcamp [aka Tomasz Szatewicz],https://subradial.bandcamp.com/,Subradial,,,website,15/09/2021,False,Music,"MUSIC : INDIE, POP, ALTERNATIVE & ROCK",,Site of a Scottish electronica musician.,,
145487,"Strangers Almanac, The on Bandcamp [aka Gord Matheson]",https://thestrangersalmanac.bandcamp.com/,"Strangers Almanac, The on Bandcamp",,,website,15/09/2021,False,Music,MUSIC : TRADITIONAL / FOLK,,Site of a Scottish traditional / folk singer-songwriter and musician.,,
145488,tamskoosh on Bandcamp,https://tamskoosh.bandcamp.com/,tamskoosh on Bandcamp,,,website,15/09/2021,False,Music,"MUSIC : INDIE, POP, ALTERNATIVE & ROCK",,Site of a Scottish eletronica musician.,,
145489,swirling on Bandcamp,https://swirling.bandcamp.com/,Swirling,,,website,15/09/2021,False,Music,"MUSIC : INDIE, POP, ALTERNATIVE & ROCK",,Site of a Scottish rock band.,,
145490,tam + gerry on Bandcamp,https://tamandgerry.bandcamp.com/,tam + gerry,,,website,15/09/2021,False,Music,MUSIC : TRADITIONAL / FOLK,,Site of a Scottish traditional / folk duo.,,
145496,"Strides, The",https://www.scottishweddingband.co.uk/,The Strides,,,website,15/09/2021,False,Music,MUSIC : FUNCTION BAND,,Site of a Scottish function band.,,
145497,Stramash,http://www.stramashscotland.co.uk/,Stramash,,,website,15/09/2021,False,Music,MUSIC : TRADITIONAL / FOLK,,Site of a Scottish folk-rock band.,,
145499,Studio,https://studioweddingband.wixsite.com/,Studio,,,website,15/09/2021,False,Music,MUSIC : FUNCTION BAND,,Site of a Scottish function band.,,
145501,Tearjerk on Bandcamp,https://tearjerk.bandcamp.com/,Tearjerk,,,website,15/09/2021,False,Music,"MUSIC : INDIE, POP, ALTERNATIVE & ROCK",,Site of a Scottish rock band.,,
145560,Terrafraid on Bandcamp,https://terrafraid.bandcamp.com/,Terrafraid,,,website,16/09/2021,False,Music,"MUSIC : INDIE, POP, ALTERNATIVE & ROCK",,Site of a Scottish alternative-indie band.,,
145562,Tettix & A Shell in the Pit on Bandcamp,https://tettixashellinthepit.bandcamp.com/,Tettix & A Shell in the Pit,,,website,16/09/2021,False,Music,"MUSIC : INDIE, POP, ALTERNATIVE & ROCK",,Site of a Scottish electronica band.,,
145563,Thee Manual Labour on Bandcamp,https://theemanuallabour.bandcamp.com/,Thee Manual Labour,,,website,16/09/2021,False,Music,"MUSIC : INDIE, POP, ALTERNATIVE & ROCK",,Site of a Scottish electronica musician.,,
145564,Them & Us on Bandcamp,https://themandus.bandcamp.com/,Them & Us,,,website,16/09/2021,False,Music,"MUSIC : INDIE, POP, ALTERNATIVE & ROCK",,Site of a Scottish electronica band.,,
145565,Thousand Mile Stare on Bandcamp,https://thousand-mile-stare.bandcamp.com/,Thousand Mile Stare,,,website,16/09/2021,False,Music,"MUSIC : INDIE, POP, ALTERNATIVE & ROCK",,Site of a Scottish rock band.,,
145566,Thy Light on Bandcamp,https://thylightofficial.bandcamp.com/,Thy Light,Q17550405,https://www.wikidata.org/wiki/Q17550405,website,16/09/2021,False,Music,"MUSIC : INDIE, POP, ALTERNATIVE & ROCK",,Site of a Scottish rock band.,,
145567,Tempered on Bandcamp,https://tempered-glasgow.bandcamp.com/,Tempered,,,website,16/09/2021,False,Music,"MUSIC : INDIE, POP, ALTERNATIVE & ROCK",,Site of a Scottish rock band.,,
145571,"Late Nights, The on Bandcamp",https://thelatenights.bandcamp.com/,The Late Nights,,,website,16/09/2021,False,Music,"MUSIC : INDIE, POP, ALTERNATIVE & ROCK",,Site of a Scottish acoustic rock band.,,
145572,Thinktank on Bandcamp,https://vinniethelephthinktank.bandcamp.com/,Thinktank,,,website,16/09/2021,False,Music,"MUSIC : INDIE, POP, ALTERNATIVE & ROCK",,Site of a Scottish electronica band.,,
145576,Two Back Joe on Bandcamp,https://jimewen.bandcamp.com/,Two Back Joe,,,website,17/09/2021,False,Music,"MUSIC : INDIE, POP, ALTERNATIVE & ROCK",,Site of a Scottish electronica band.,,
145577,Tiberius on Bandcamp,https://tiberiusuk.bandcamp.com/,Tiberius,,,website,17/09/2021,False,Music,"MUSIC : INDIE, POP, ALTERNATIVE & ROCK",,Site of a Scottish rock band.,,
145578,Tom Houston Music on Bandcamp,https://tomhoustonmusic.bandcamp.com/,Tom Houston Music,,,website,17/09/2021,False,Music,MUSIC : TRADITIONAL / FOLK,,Site of a Scottish folk musician.,,
145579,Tragical History Tour on Bandcamp,https://tragicalhistorytour.bandcamp.com/,Tragical History Tour,,,website,17/09/2021,False,Music,"MUSIC : INDIE, POP, ALTERNATIVE & ROCK",,Site of a Scottish alternative-indie band.,,
145580,tryptamines on Bandcamp,https://tryptamines.bandcamp.com/,tryptamines,,,website,17/09/2021,False,Music,"MUSIC : INDIE, POP, ALTERNATIVE & ROCK",,Site of a Scottish electronica band.,,
145581,Tuff Wax Records,https://tuffwaxrecords.bandcamp.com/,Tuff Wax Records,,,website,17/09/2021,False,Music,MUSIC : RECORD COMPANY,,Site of a Scottish record company based in Aberdeen.,"Aberdeen",
145582,Tzusan on Bandcamp,https://tzusan.bandcamp.com/,Tzusan,,,website,17/09/2021,False,Music,"MUSIC : INDIE, POP, ALTERNATIVE & ROCK",,Site of a Scottish hip-hop artist.,,
145583,"Trufflehunters, The on Bandcamp",https://thetrufflehunters.bandcamp.com/,The Trufflehunters,,,website,17/09/2021,False,Music,MUSIC : TRADITIONAL / FOLK,,Site of a Scottish indie-folk band.,,
145587,tmptyng,https://tmptyng.uk/,tmptyng,,,website,17/09/2021,False,Music,"MUSIC : INDIE, POP, ALTERNATIVE & ROCK",,Site of a Scottish electronica artist also known as Caleb Miller.,,
145591,Too Much Music,http://www.toomuchmusic.co.uk/,Too Much Music,,,website,17/09/2021,False,Music,MUSIC,,Site of a Scottish music promoter.,,
145598,Tistik on Bandcamp,https://tistik.bandcamp.com/,Tistik,,,website,17/09/2021,False,Music,"MUSIC : INDIE, POP, ALTERNATIVE & ROCK",,Site of a Scottish hip-hop artist.,,
145599,Tom Mudd on Bandcamp,https://tommudd.bandcamp.com/,Tom Mudd on Bandcamp,,,website,17/09/2021,False,Music,"MUSIC : INDIE, POP, ALTERNATIVE & ROCK",,Site of a Scottish electronica artist.,,
145600,Tomorrow Syndicate on Bandcamp,https://tomorrowsyndicate.bandcamp.com/,Tomorrow Syndicate,,,website,17/09/2021,False,Music,"MUSIC : INDIE, POP, ALTERNATIVE & ROCK",,Site of a Scottish rock band.,,
145601,Tom Rafferty on Bandcamp,https://tomrafferty1.bandcamp.com/,Tom Rafferty on Bandcamp,,,website,17/09/2021,False,Music,"MUSIC : INDIE, POP, ALTERNATIVE & ROCK",,Site of a Scottish rock musician late of the bands The Primevals and the Beat Poets.,,
145602,Topher Elliott on Bandcamp,https://topherelliott.bandcamp.com/,Topher Elliott on Bandcamp,,,website,17/09/2021,False,Music,MUSIC : TRADITIONAL / FOLK,,Site of a Scottish traditional folk musician.,,
145603,Tosh Flood on Bandcamp,https://toshflood.bandcamp.com,Tosh Flood on Bandcamp,,,website,17/09/2021,False,Music,"MUSIC : INDIE, POP, ALTERNATIVE & ROCK",,Site of a Scottish soundtrack musician.,,
145604,Timed Out,http://timed-out.co.uk/,Timed Out,,,website,17/09/2021,False,Music,"MUSIC : INDIE, POP, ALTERNATIVE & ROCK",,Site of a Scottish covers band.,,
145621,Vasa on Bandcamp,https://vasa.bandcamp.com/,Vasa,,,website,20/09/2021,False,Music,"MUSIC : INDIE, POP, ALTERNATIVE & ROCK",,Site of a Scottish rock band.,,
145627,Dead Hound Records on Bandcamp,https://deadhound.bandcamp.com/,Dead Hound Records,,,website,20/09/2021,False,Music,MUSIC : RECORD COMPANY,,Site of a Scottish record company.,,
145628,Under the Dome on Bandcamp,https://underthedome.bandcamp.com/,Under the Dome,Q4052368,https://www.wikidata.org/wiki/Q4052368,website,20/09/2021,False,Music,"MUSIC : INDIE, POP, ALTERNATIVE & ROCK",,Site of a Scottish electronica music duo.,,
145629,UNIFORMS on Bandcamp,https://uniforms.bandcamp.com/,UNIFORMS,,,website,20/09/2021,False,Music,"MUSIC : INDIE, POP, ALTERNATIVE & ROCK",,Site of a Scottish alternative-indie band.,,
145630,Uphorm on Bandcamp,https://uphorm.bandcamp.com/,Uphorm,,,website,20/09/2021,False,Music,"MUSIC : INDIE, POP, ALTERNATIVE & ROCK",,Site of a Scottish electronica musician.,,
145631,user_ambiguous on Bandcamp,https://userengine.bandcamp.com/,user_ambiguous,,,website,20/09/2021,False,Music,"MUSIC : INDIE, POP, ALTERNATIVE & ROCK",,Site of a Scottish electronica musician.,,
145632,US Golf 95 on Bandcamp,https://usgolf95.bandcamp.com/,US Golf 95,,,website,20/09/2021,False,Music,"MUSIC : INDIE, POP, ALTERNATIVE & ROCK",,Site of a Scottish record company based in Glasgow.,"Glasgow",
145633,Vasquez on Bandcamp,https://vasquez.bandcamp.com/,Vasquez,,,website,20/09/2021,False,Music,"MUSIC : INDIE, POP, ALTERNATIVE & ROCK",,Site of a Scottish rock band.,,
145634,Venomwolf on Bandcamp,https://venomwolf.bandcamp.com/,Venomwolf,,,website,20/09/2021,False,Music,"MUSIC : INDIE, POP, ALTERNATIVE & ROCK",,Site of a Scottish rock band.,,
145635,Verona on Bandcamp,https://veronascotland.bandcamp.com/,Verona,,,website,20/09/2021,False,Music,"MUSIC : INDIE, POP, ALTERNATIVE & ROCK",,Site of a Scottish pop musician.,,
145636,VFLAMBDA on Bandcamp,https://vflambda.bandcamp.com/,VFLAMBDA,,,website,20/09/2021,False,Music,"MUSIC : INDIE, POP, ALTERNATIVE & ROCK",,Site of a Scottish rock band.,,
145637,Volcano X on Bandcamp,https://volcanox.bandcamp.com/,Volcano X,,,website,20/09/2021,False,Music,"MUSIC : INDIE, POP, ALTERNATIVE & ROCK",,Site of a Scottish rock band.,,
145638,wavelake on Bandcamp,https://wavelake.bandcamp.com/,wavelake,,,website,20/09/2021,False,Music,"MUSIC : INDIE, POP, ALTERNATIVE & ROCK",,Site of a Scottish electronica band.,,
145641,Used Blues,https://www.usedblues.rocks/,Used Blues,,,website,20/09/2021,False,Music,"MUSIC : INDIE, POP, ALTERNATIVE & ROCK",,Site of a Scottish blues band based in Glasgow.,"Glasgow",
145649,Uganda's Moonshine Epidemic on Bandcamp,https://ugandasmoonshineepidemic1.bandcamp.com/,Uganda's Moonshine Epidemic,,,website,20/09/2021,False,Music,"MUSIC : INDIE, POP, ALTERNATIVE & ROCK",,Site of a Scottish alternative-indie band.,,
145650,Upstart Heroes on Bandcamp,https://upstartheroes.bandcamp.com/,Upstart Heroes,,,website,20/09/2021,False,Music,"MUSIC : INDIE, POP, ALTERNATIVE & ROCK",,Site of a Scottish alternative-indie band.,,
145651,User2222 on Bandcamp,https://user2222.bandcamp.com/,User2222,,,website,20/09/2021,False,Music,MUSIC : TRADITIONAL / FOLK,,Site of a Scottish traditional / folk musician.,,
145653,Usurp on Bandcamp,https://usurp.bandcamp.com/,Usurp,,,website,20/09/2021,False,Music,"MUSIC : INDIE, POP, ALTERNATIVE & ROCK",,Site of a Scottish electonica band.,,
145655,"Walking Targets, The on Bandcamp",https://thewalkingtargets.bandcamp.com/,The Walking Targets,,,website,20/09/2021,False,Music,"MUSIC : INDIE, POP, ALTERNATIVE & ROCK",,Site of a Scottish alternative-indie band.,,
145656,Watchfires on Bandcamp,https://watchfiresband.bandcamp.com/,Watchfires,,,website,20/09/2021,False,Music,"MUSIC : INDIE, POP, ALTERNATIVE & ROCK",,Site of a Scottish rock band.,,
145657,Virus on Bandcamp,https://virusukthrash.bandcamp.com/,Virus,,,website,20/09/2021,False,Music,"MUSIC : INDIE, POP, ALTERNATIVE & ROCK",,Site of a Scottish rock band.,,
145676,Bricolage on Bandcamp,https://bricolageglasgow.bandcamp.com/,Bricolage,,,website,20/09/2021,False,Music,MUSIC : RECORD COMPANY,,Site of a Scottish record company.,,
145680,"Vinyls, The",http://www.the-vinyls-scotland.co.uk/,The Vinyls,,,website,21/09/2021,False,Music,MUSIC : FUNCTION BAND,,Site of a Scottish function band.,,
145681,Uncle Red,http://www.unclered.co.uk/,Uncle Red,,,website,21/09/2021,False,Music,"MUSIC : INDIE, POP, ALTERNATIVE & ROCK",,Site of a Scottish rock and roll / rockabilly band from Bathgate.,,
145689,Watcher's Guard on Bandcamp,https://watchersguard.bandcamp.com/,Watcher's Guard,,,website,21/09/2021,False,Music,"MUSIC : INDIE, POP, ALTERNATIVE & ROCK",,Site of a Scottish rock band.,,
145690,"Whiskys, The on Bandcamp",https://thewhiskys.bandcamp.com/,The Whiskys,,,website,21/09/2021,False,Music,MUSIC : TRADITIONAL / FOLK,,Site of a Scottish traditional / folk band.,,
145691,Wiljae on Bandcamp,https://wiljae.bandcamp.com/,Wiljae,,,website,21/09/2021,False,Music,"MUSIC : INDIE, POP, ALTERNATIVE & ROCK",,Site of a Scottish electronica musician.,,
145693,We Seek Brightness on Bandcamp,https://weseekbrightness.bandcamp.com/,We Seek Brightness,,,website,21/09/2021,False,Music,"MUSIC : INDIE, POP, ALTERNATIVE & ROCK",,Site of a Scottish alternative-indie band.,,
145694,Whole Lotta Roadies,https://wholelottaroadies.bandcamp.com/,Whole Lotta Roadies,,,website,21/09/2021,False,Music,"MUSIC : INDIE, POP, ALTERNATIVE & ROCK",,Site of a Scottish charity record release in aid of the Fruit Tree Foundation and featuring Scottish musicians from a diverse range of bands.,,
145695,Xenomorph Records on Bandcamp,https://xenomorphrecords.bandcamp.com/,Xenomorph Records,,,website,21/09/2021,False,Music,MUSIC : RECORD COMPANY,,Site of a Scottish record company.,,
145696,Escape Roots on Bandcamp,https://escaperoots.bandcamp.com/,Escape Roots,,,website,21/09/2021,False,Music,"MUSIC : INDIE, POP, ALTERNATIVE & ROCK",,Site of a Scottish reggae producer.,,
145697,"Won Over, The on Bandcamp",https://thewonover.bandcamp.com/,The Won Over,,,website,21/09/2021,False,Music,"MUSIC : INDIE, POP, ALTERNATIVE & ROCK",,Site of a Scottish electronica band.,,
145698,Werra Foxma Records on Bandcamp,https://werrafoxmarecords.bandcamp.com/,Werra Foxma Records,,,website,21/09/2021,False,Music,MUSIC : RECORD COMPANY,,Site of a Scottish record company.,,
145699,Wolvesthatbyte on Bandcamp,https://wolvesthatbyte.bandcamp.com/,Wolvesthatbyte,,,website,21/09/2021,False,Music,"MUSIC : INDIE, POP, ALTERNATIVE & ROCK",,Site of a Scottish electronica musician.,,
145700,Women Said on Bandcamp,https://womensaid.bandcamp.com/,Women Said,,,website,21/09/2021,False,Music,"MUSIC : INDIE, POP, ALTERNATIVE & ROCK",,Site of a Scottish electronica band.,,
145701,Wretched Records on Bandcamp,https://wretchedrecordsuk.bandcamp.com/,Wretched Records,,,website,21/09/2021,False,Music,MUSIC : RECORD COMPANY,,Site of a Scottish record company based in Dundee.,"Dundee",
145702,Yah IsReal on Bandcamp,https://yahisrealmusic.bandcamp.com/,Yah IsReal,,,website,21/09/2021,False,Music,"MUSIC : INDIE, POP, ALTERNATIVE & ROCK",,Site of a Scottish hip-hop reggae band.,,
145703,YNGXCL on Bandcamp,https://yngxcl.bandcamp.com/,YNGXCL,,,website,21/09/2021,False,Music,"MUSIC : INDIE, POP, ALTERNATIVE & ROCK",,"Site of a Scottish electronica songwriter, producer, and musician.",,
145704,Youth Team on Bandcamp,https://youthteam.bandcamp.com/,Youth Team,,,website,21/09/2021,False,Music,"MUSIC : INDIE, POP, ALTERNATIVE & ROCK",,Site of a Scottish electronica band.,,
145706,Zefs Chasing Cara on Bandcamp,https://zefschasingcara.bandcamp.com/,Zefs Chasing Cara,,,website,21/09/2021,False,Music,"MUSIC : INDIE, POP, ALTERNATIVE & ROCK",,Site of a Scottish rock musician.,,
145707,Zonos on Bandcamp,https://zonos1.bandcamp.com/,Zonos,,,website,21/09/2021,False,Music,"MUSIC : INDIE, POP, ALTERNATIVE & ROCK",,Site of a Scottish electronica band.,,
145712,Whispers,https://www.whispersbandlive.co.uk/,Whispers,,,website,21/09/2021,False,Music,MUSIC : FUNCTION BAND,,Site of a Scottish function band.,,
145718,Wired,https://www.wired-music.org.uk/,Wired,,,website,21/09/2021,False,Music,MUSIC : FUNCTION BAND,,Site of a Scottish function band.,,
145719,Wound on Bandcamp,https://woundscotland.bandcamp.com/,Wound,,,website,21/09/2021,False,Music,"MUSIC : INDIE, POP, ALTERNATIVE & ROCK",,Site of a Scottish rock band.,,
145721,Woodenbox on Bandcamp,https://woodenboxband.bandcamp.com/,Woodenbox,,,website,21/09/2021,False,Music,"MUSIC : INDIE, POP, ALTERNATIVE & ROCK",,Site of a Scottish alternative-indie band.,,
145722,Wrest on Bandcamp,https://wrest.bandcamp.com/,Wrest,,,website,21/09/2021,False,Music,"MUSIC : INDIE, POP, ALTERNATIVE & ROCK",,Site of a Scottish alternative-indie band.,,
145723,YUCKS on Bandcamp,https://yucks.bandcamp.com/,YUCKS,,,website,21/09/2021,False,Music,"MUSIC : INDIE, POP, ALTERNATIVE & ROCK",,Site of a Scottish alternative-indie band.,,
145724,yzhk on Bandcamp,https://yzhkkhzy.bandcamp.com/,yzhk,,,website,21/09/2021,False,Music,"MUSIC : INDIE, POP, ALTERNATIVE & ROCK",,Site of a Scottish electronica band.,,
145725,Zee the Dungeonous on Bandcamp,https://murderzeewrote.bandcamp.com/,Zee the Dungeonous,,,website,21/09/2021,False,Music,"MUSIC : INDIE, POP, ALTERNATIVE & ROCK",,Site of a Scottish hip-hop artist.,,
145794,Brian Kelly,http://www.briankellymusic.co.uk/,Brian Kelly,,,website,22/09/2021,False,Music,MUSIC : FUNCTION BAND,,Site of a Scottish singer and musician who plays at functions.,,
145795,"Elaine Stewart Band, The",https://elainestewartband.weebly.com/,The Elaine Stewart Band,,,website,22/09/2021,False,Music,MUSIC : FUNCTION BAND,,"Site of a Scottish rock, pop and ceilidh band, based in Dundee.","Dundee",
145796,Emily and The Fedoras,http://www.emilyandthefedoras.co.uk/,Emily and The Fedoras,,,website,22/09/2021,False,Music,MUSIC : FUNCTION BAND,,Site of a Scottish function band.,,
145797,Corrine Oliver,https://www.corrineoliver.co.uk/,Corrine Oliver,,,website,22/09/2021,False,Music,MUSIC : FUNCTION BAND,,Site of a Scottish events singer.,,
145798,Classic Noir,http://classicnoirband.co.uk/,Classic Noir,,,website,22/09/2021,False,Music,MUSIC : FUNCTION BAND,,Site of a Scottish function band.,,
145800,"Dawn Patrol, The",http://thedawnpatrolmusic.com/,The Dawn Patrol,,,website,22/09/2021,False,Music,MUSIC : FUNCTION BAND,,Site of a Scottish function band.,,
145805,Ernest,https://ernestmusic.co.uk/,Wedding Band Glasgow Scotland UK,,,website,22/09/2021,False,Music,MUSIC : FUNCTION BAND,,Site of a Scottish function band.,,
145883,Republic of Soul,http://www.republicofsoul.net/,Republic of Soul,,,website,23/09/2021,False,Music,MUSIC : FUNCTION BAND,,Site of a Scottish function band.,,
145914,Strange-Bru,http://www.strange-bru-band.com/,Strange-Bru,,,website,23/09/2021,False,Music,MUSIC : FUNCTION BAND,,Site of a Scottish function band.,,
145919,Velour Amour,http://www.velouramour.co.uk/,Velour Amour,,,website,23/09/2021,False,Music,MUSIC : FUNCTION BAND,,Site of a Scottish function band.,,
145920,Head2Head Wedding Band,https://head2headweddingband.wordpress.com/,Head2Head Wedding Band,,,website,23/09/2021,False,Music,MUSIC : FUNCTION BAND,,Site of a Scottish function band.,,
145922,J Mack Band,https://jmackband.com/,J Mack Band,,,website,23/09/2021,False,Music,MUSIC : FUNCTION BAND,,Site of a Scottish function band.,,
145926,"Jig Show, The",https://thejigshow.weebly.com/,Jack Rowberry,,,website,23/09/2021,False,Music,MUSIC : TRADITIONAL / FOLK,,Site of a Scottish alternative-indie musician and singer.,,
145940,Lauren Kyle,https://www.laurenkyle.co.uk/,Lauren Kyle,,,website,23/09/2021,False,Music,MUSIC,,"Site of a Scottish entertainer, musician and actor.",,
145942,Old Bohemia,https://www.oldbohemia.com/,Old Bohemia,,,website,23/09/2021,False,Music,"MUSIC : INDIE, POP, ALTERNATIVE & ROCK",,Site of a Scottish Acoustic duo based in Glasgow.,"Glasgow",
145944,Rosie Sings,https://www.rosie-sings.com/,Rosie Sings,,,website,23/09/2021,False,Music,MUSIC,,Site of a Scottish cabaret singer.,,
145971,Suzanne Butler,https://www.suzannebutler.com/,Suzanne Butler,,,website,24/09/2021,False,Music,MUSIC,,Site of a Scottish singer-songwriter and musician.,,
145973,"Watershed, The",https://www.watershedband.co.uk/,The Watershed,,,website,24/09/2021,False,Music,MUSIC : FUNCTION BAND,,Site of a Scottish function band.,,
145979,"Midnight Specials, The",https://www.themidnightspecials.co.uk/,The Midnight Specials,,,website,24/09/2021,False,Music,"MUSIC : INDIE, POP, ALTERNATIVE & ROCK",,"Site of a Scottish rock, pop and funk band based in Edinburgh.","Edinburgh",
145982,Who's Better Who's Best,http://www.whosbetterwhosbest.net/,Who's Better Who's Best,,,website,24/09/2021,False,Music,"MUSIC : INDIE, POP, ALTERNATIVE & ROCK",,Site of a Scottish The Who tribute band based in Edinburgh.,"Edinburgh",
145988,Largo Music,http://www.largo-music.co.uk/,Largo Music,,,website,24/09/2021,False,Music,MUSIC : RECORD COMPANY,Recording,"Site of a record company and sheet music dealer based in Lower Largo, Fife.",,
145991,Milestone,http://www.hiremilestone.co.uk/,Milestone,,,website,24/09/2021,False,Music,MUSIC : FUNCTION BAND,,Site of a Scottish function band.,,
145993,Martyn Rapley,https://www.martynrapley.com/,Martyn Rapley – Guitarist,,,website,24/09/2021,False,Music,MUSIC,,"Site of a Scottish tutor, singer and classical guitar musician.",,
146058,Auld Reekie,http://www.auld-reekie-ceilidh-band.com/,The Auld Reekie Ceilidh Band,,,website,27/09/2021,False,Music,MUSIC : TRADITIONAL / FOLK,,Site of a Scottish ceilidh band based in Edinburgh.,"Edinburgh",
146059,"Belle Star Ceilidh Band, The",http://www.bellestarband.co.uk/,The Belle Star Ceilidh Band,,,website,27/09/2021,False,Music,MUSIC : TRADITIONAL / FOLK,,Site of a Scottish ceilidh band based in Edinburgh.,"Edinburgh",
146060,Darloch Ceilidh Band,http://www.darloch.co.uk/,Darloch Ceilidh Band,,,website,27/09/2021,False,Music,MUSIC : TRADITIONAL / FOLK,,Site of a Scottish ceilidh band based in Central Scotland near Stirling.,"Stirling",
146061,Aurora Scottish Dance Music,http://www.aurorascot.org.uk/,Aurora Scottish Dance Music,,,website,27/09/2021,False,Music,MUSIC : TRADITIONAL / FOLK,,Site of a Scottish ceilidh band based in Aberdeen and Aberdeenshire.,"Aberdeen, Aberdeenshire",
146067,Ceilidh Collective,http://www.ceilidhcollective.org/,Ceilidh Collective,,,website,27/09/2021,False,Music,MUSIC : TRADITIONAL / FOLK,,Site of an organisation raising funds for environmental and social charities and grassroots organisations.,,
146079,Gordon Shand,https://gordonshand.com/,Gordon Shand,,,website,27/09/2021,False,Music,MUSIC : TRADITIONAL / FOLK,,Site of a Scottish musician and composer based in Fife.,"Fife",
146082,Bon Accord,http://www.bonaccordceilidhband.co.uk/,Bon Accord Ceilidh Band,,,website,27/09/2021,False,Music,MUSIC : TRADITIONAL / FOLK,,Site of a Scottish ceilidh band based in Edinburgh.,"Edinburgh",
146084,Ceilidh Folk,http://www.ceilidhfolk.co.uk/,Ceilidh Folk,,,website,27/09/2021,False,Music,MUSIC : TRADITIONAL / FOLK,,Site of a Scottish ceilidh band based in Fife.,"Fife",
146086,Galik Bred Ceilidh Band,https://galikbred.webs.com/,Galik Bred Ceilidh Band,,,website,27/09/2021,False,Music,MUSIC : TRADITIONAL / FOLK,,Site of a Scottish ceilidh band based in Aberdeen.,"Aberdeen",
146090,"Gary Blair Ceilidh Band, The",http://www.gbcb.co.uk/,The Gary Blair Ceilidh Band,,,website,27/09/2021,False,Music,MUSIC : TRADITIONAL / FOLK,,Site of a Scottish ceilidh band based in Glasgow.,"Glasgow",
146091,Greater Spotted Ceilidh Band,http://greaterspottedceilidh.com/,Greater Spotted Ceilidh Band,,,website,27/09/2021,False,Music,MUSIC : TRADITIONAL / FOLK,,Site of a Scottish ceilidh band based in Edinburgh.,"Edinburgh",
146098,Kenny Carlyle,https://www.kennycarlyle.co.uk/,Kenny Carlyle,,,website,27/09/2021,False,Music,MUSIC,,Site of a Scottish musician and educator.,,
146101,Iain Cathcart And His Band,http://www.iaincathcart.com/,Iain Cathcart And His Band,,,website,27/09/2021,False,Music,MUSIC : TRADITIONAL / FOLK,,"Site of a Scottish Scottish Country Dance, ceilidh and 'old time' band based in Ayrshire.","Ayrshire",
146143,"Orwell Ceilidh Band, The",http://www.orwellceilidhband.co.uk/,The Orwell Ceilidh Band,,,website,28/09/2021,False,Music,MUSIC : TRADITIONAL / FOLK,,Site of a Scottish ceilidh band based in Inchture.,,
146152,High Drive,https://high-drive.co.uk/,High Drive,,,website,28/09/2021,False,Music,MUSIC : TRADITIONAL / FOLK,,Site of a Scottish ceilidh and Scottish Country Dance band based in West Lothian.,"West Lothian",
146159,Tunes in the Hoose,https://www.tunesinthehoose.com/,Tunes in the Hoose,,,website,28/09/2021,False,Music,MUSIC : TRADITIONAL / FOLK,,Site of an organisation supported by Creative Scotland and The National Lottery promoting traditional music and musicians.,,
146160,Ythan Fiddlers,https://www.ythanfiddlers.net/,Ythan Fiddlers,,,website,28/09/2021,False,Music,MUSIC : TRADITIONAL / FOLK,,Site of a Scottish traditional fiddle musicians  based in Ellon. A Scottish Charity SC031597.,,
146167,Noisy Shoes,http://www.noisyshoes.com/,Noisy Shoes,,,website,28/09/2021,False,Music,MUSIC : TRADITIONAL / FOLK,,Site of a Scottish traditional / folk band based in Edinburgh.,"Edinburgh",
146171,Biorachan Beag Cèilidh Band,https://www.biorachan-beag.co.uk/,Biorachan Beag Cèilidh Band,,,website,28/09/2021,False,Music,MUSIC : TRADITIONAL / FOLK,,Site of a Scottish traditional band based in Skye.,,
146179,Royal Burgh of Stirling Pipe Band,http://www.scottishpipeband.co.uk/,Royal Burgh of Stirling Pipe Band,,,website,28/09/2021,False,Music,MUSIC : PIPING,,Site of a Scottish pipe band based in Stirling.,"Stirling",
146180,White Cart Ceilidh Band,https://whitecart.com/,White Cart Ceilidh Band,,,website,28/09/2021,False,Music,MUSIC : TRADITIONAL / FOLK,,Site of a Scottish ceilidh and cabaret band based in Glasgow.,"Glasgow",
146222,Cassien,http://www.cassienband.co.uk/,Alba-Donia Ceilidh Party Band,,,website,29/09/2021,False,Music,MUSIC : FUNCTION BAND,,Site of a Scottish function band based in Penicuik.,"Penicuik",
146224,Alba-Donia Ceilidh Party Band,https://alba-donia-ceilidh-party-band.business.site/,Cassien,,,website,29/09/2021,False,Music,MUSIC : FUNCTION BAND,,Site of a Scottish function band based in Glasgow.,"Glasgow",
146231,Blues Brothers Scotland,https://www.bluesbrothersscotland.com/,Blues Brothers Scotland,,,website,29/09/2021,False,Music,"MUSIC : INDIE, POP, ALTERNATIVE & ROCK",,Site of a Scottish Blues Brothers tribute band.,,
146237,Bag Rockers,https://www.thebagrockers.com/,Bag Rockers,,,website,29/09/2021,False,Music,MUSIC : FUNCTION BAND,,Site of a Scottish folk-rock function band.,,
146239,Brother Man,https://www.brotherman.co.uk/,Brother Man,,,website,29/09/2021,False,Music,MUSIC : FUNCTION BAND,,Site of a Scottish function band.,,
146240,Cosmopolitan Big Band,https://www.cosmopolitanbigband.co.uk/,Cosmopolitan Big Band,,,website,29/09/2021,False,Music,MUSIC : FUNCTION BAND,,Site of a Scottish function musician and his band.,,
146244,"Franchise, The",https://thefranchiseweddin.wixsite.com/,The Franchise,Q7735132,https://www.wikidata.org/wiki/Q7735132,website,29/09/2021,False,Music,MUSIC : FUNCTION BAND,,Site of a Scottish function band based in Aberdeen.,"Aberdeen",
146245,Ceilidh’s Heroes,http://www.ceilidhsheroes.com/,Ceilidh’s Heroes,,,website,29/09/2021,False,Music,MUSIC : TRADITIONAL / FOLK,,Site of a Scottish ceilidh band.,,
146249,Crowded Croft,https://www.crowdedcroft.co.uk/,Crowded Croft,,,website,29/09/2021,False,Music,MUSIC : FUNCTION BAND,,Site of a Scottish ceilidh and function band based in Helensburgh.,"Helensburgh",
146258,Hyden McAvoy Piper,https://haydenmcavoypiper.my-free.website/,Hyden McAvoy Piper,,,website,29/09/2021,False,Music,MUSIC : PIPING,,Site of a Scottish piper based in Wishaw.,,
146259,Glenpark Ceilidh Band,https://scottishceilidhband.net/,Glenpark Ceilidh Band,,,website,29/09/2021,False,Music,MUSIC : TRADITIONAL / FOLK,,Site of a Scottish ceilidh band based in Glasgow.,"Glasgow",
146260,Groove Culture,https://www.grooveculture.co.uk/,Groove Culture,,,website,29/09/2021,False,Music,MUSIC : FUNCTION BAND,,Site of a Scottish function band based in Glasgow.,"Glasgow",
146294,Kirk James,http://www.kirkjames.co.uk/,Kirk James,,,website,30/09/2021,False,Music,MUSIC : FUNCTION BAND,,Site of a Scottish singer.,,
146331,Bubbles in Concert [Jamie Walker],https://www.bubblesinconcert.com/,Bubbles in Concert,,,website,30/09/2021,False,Music,MUSIC,,Site of a Scottish singer and Michael Buble tribute act.,,
146337,Lost Shores Ceilidh Band,https://www.lostshores.co.uk/,Lost Shores Ceilidh Band,,,website,30/09/2021,False,Music,MUSIC : TRADITIONAL / FOLK,,Site of a Scottish ceilidh band based in Leven.,"Leven",
146344,Little Fix,https://www.little-fix.co.uk/,Little Fix,,,website,30/09/2021,False,Music,"MUSIC : INDIE, POP, ALTERNATIVE & ROCK",,Site of a Scottish Little Mix tribute act based in Glasgow.,"Glasgow",
146351,Impact,http://www.the-impact.co.uk/,Impact,,,website,30/09/2021,False,Music,MUSIC : FUNCTION BAND,,Site of a Scottish function band based in the Highlands.,"Highlands",
146365,Gary Bennet,http://www.garybennet.co.uk/,Gary Bennet,,,website,01/10/2021,False,Music,MUSIC,,Site of a Scottish singer and actor.,,
146367,Heart & Soul,http://heartsoul.band/,Heart & Soul,,,website,01/10/2021,False,Music,MUSIC : FUNCTION BAND,,Site of a Scottish function band based in Dundee.,"Dundee",
146380,Scotia Ceilidh Band,https://scotiaceilidh.com/,Scotia Ceilidh Band,,,website,01/10/2021,False,Music,MUSIC : FUNCTION BAND,,Site of a Scottish ceilidh function band.,,
146388,Rocka Hillbillies,https://rockahillbillies.co.uk/,Rocka Hillbillies,,,website,01/10/2021,False,Music,"MUSIC : INDIE, POP, ALTERNATIVE & ROCK",,Site of a Scottish rock and roll band.,,
146397,Scotch Bonnet,https://www.scotchbonnetmusic.com/,Scotch Bonnet,,,website,01/10/2021,False,Music,MUSIC : FUNCTION BAND,,Site of a Scottish function band.,,
146465,Singer Swingers,http://www.thesingerswingers.com/,Singer Swingers,,,website,04/10/2021,False,Music,MUSIC : FUNCTION BAND,,Site of a Scottish function band.,,
146476,"StereoBeats, The",http://www.thestereobeats.com/,The StereoBeats,,,website,04/10/2021,False,Music,MUSIC : FUNCTION BAND,,Site of a Scottish function band.,,
146481,Well Plaid Ceilidh Band,http://www.wellplaid.co.uk/,Well Plaid Ceilidh Band,,,website,04/10/2021,False,Music,MUSIC : FUNCTION BAND,,Site of a Scottish ceilidh function band.,,
146482,Volts,https://www.acdc-volts.com/,Volts,Q12523736,https://www.wikidata.org/wiki/Q12523736,website,04/10/2021,False,Music,"MUSIC : INDIE, POP, ALTERNATIVE & ROCK",,Site of a Scottish AC/DC tribute band.,,
146687,Scottish Culture Online,https://www.scottishcultureonline.com/,Scottish Culture Online,,,website,07/10/2021,False,Music,MUSIC : TRADITIONAL / FOLK,,Scottish traditional music site.,,
150537,"Hussy’s, The",http://thehussys.blogspot.com/,The Hussy’s,,,website,13/10/2021,False,Music,"MUSIC : INDIE, POP, ALTERNATIVE & ROCK",,Site of a Scottish pop band.,,
147196,Opera Festival Scotland,https://operafestivalscotland.co.uk/,Opera Festival Scotland,,,website,14/10/2021,False,Music,FESTIVAL,,Site of a festival of opera staged in Dundee.,"Dundee",
147233,Scottish Music & Dance,https://scottishdance.webs.com/,Scottish Music & Dance,,,website,15/10/2021,False,Music,MUSIC : TRADITIONAL / FOLK,,Retail and information site about Scottish country dance bands.,,
147813,Aaron Jones,https://www.aaronhjones.com/,Aaron Jones,,,website,25/10/2021,False,Music,MUSIC : TRADITIONAL / FOLK,,Site of a Scottish musician based in Dumfries & Galloway.,,
147823,Amy Geddes,http://www.amygeddes.co.uk/,Amy Geddes,,,website,25/10/2021,False,Music,MUSIC : TRADITIONAL / FOLK,,Site of a Scottish traditional / folk musician.,,
147907,Angus Strathspey & Reel Society,http://www.asrs.org.uk/,Angus Strathspey and Reel Society,,,website,26/10/2021,False,Music,MUSIC : TRADITIONAL / FOLK,,"Site of a Scottish strathsey and reel society based in Kirriemuir, Angus.","Kirriemuir",
148077,Corran Raa,http://www.corranraa.co.uk/,Corran Raa,,,website,28/10/2021,False,Music,MUSIC : TRADITIONAL / FOLK,,Site of a Scottish traditional / folk band.,,
148078,"Bevvy Sisters, The",https://www.bevvysisters.co.uk/,The Bevvy Sisters,,,website,28/10/2021,False,Music,MUSIC : TRADITIONAL / FOLK,,Site of a Scottish traditional / folk songwriting and vocal harmony group based in Edinburgh.,"Edinburgh",
148081,Chris Armstrong,http://www.chrisarmstrong.co/,Chris Armstrong Bagpipe Products,,,website,28/10/2021,False,Music,MUSIC : PIPING,,Site of a Scottish piper dealer in bagpiping products.,,
148086,CMC Vocals [Cailean McLean],https://www.cmcvocals.co.uk/,CMC Vocals Scotland,,,website,28/10/2021,False,Music,MUSIC : FUNCTION BAND,,"Site of a Scottish function singer, Cailean McLean.",,
148087,Colin MacLellan Reeds,https://www.pipereeds.com/,Colin MacLellan Reeds,,,website,28/10/2021,False,Music,MUSIC : PIPING,,Site of a Scottish piper & retailer of piping accoutrements.,,
148088,Band From Rockall,https://www.thebandfromrockall.co.uk/,Band From Rockall,,,website,28/10/2021,False,Music,MUSIC : TRADITIONAL / FOLK,,Site of a Scottish traditional / folk project by former Runrig members Calum and Rory Macdonald.,,
148145,Coreen Scott,http://www.coreenscott.co.uk/,Coreen Scott,,,website,01/11/2021,False,Music,MUSIC : TRADITIONAL / FOLK,,Site of a Scottish singer based in East Lothian.,"East Lothian",
148151,Dysart & Dundonald Pipe Band,http://www.ddpb.net/,Dysart & Dundonald Pipe Band,,,website,01/11/2021,False,Music,MUSIC : PIPING,,Site of a Scottish pipe band based in Fife.,"Fife",
148230,Bryan's Room Recordings,http://www.bryansroom.co.uk/,Bryan's Room Recordings,,,website,02/11/2021,False,Music,MUSIC : RECORD COMPANY,,Site of a Scottish record company specialising in Scottish accordion dance music.,,
148238,Fochaber Fiddlers,https://www.fochabersfiddlers.co.uk/,Fochaber Fiddlers,,,website,02/11/2021,False,Music,MUSIC : TRADITIONAL / FOLK,,"Site of a Scottish traditional fiddle orchestra made up of pupils at Milne's High School, Fochabers, Moray.",,
148240,Frieda Morrison,http://www.friedamorrisonmusic.com/,Frieda Morrison,,,website,02/11/2021,False,Music,MUSIC : TRADITIONAL / FOLK,,"Site of a Scottish traditional / folk singer, songwriter and broadcaster.",,
148246,Glasgow Philharmonia,https://www.glasgowphilharmonia.com/,Glasgow Philharmonia,,,website,02/11/2021,False,Music,MUSIC : ORCHESTRAS,SCO47789,Site of a Scottish orchestra and registered charity located in Glasgow. SCO47789.,"Glasgow",
148248,"House of Edgar Shotts and Dykehead, The",http://www.sdcpb.com/,The House of Edgar Shotts and Dykehead,,,website,02/11/2021,False,Music,MUSIC : PIPING,,Site of a Scottish pipe band.,,
148250,Hullion,http://www.hullion.co.uk/,Hullion,,,website,02/11/2021,False,Music,MUSIC : TRADITIONAL / FOLK,,Site of a Scottish tradtional / folk band from Orkney.,,
148270,Rev Magnetic,https://revmagnetic.com/,Rev Magnetic,,,website,03/11/2021,False,Music,"MUSIC : INDIE, POP, ALTERNATIVE & ROCK",,Site of a Scottish alternative rock-pop band.,,
148275,Glasgow Blues Players,https://glasgowbluesplayers.co.uk/,Glasgow Blues Players,,,website,03/11/2021,False,Music,"MUSIC : INDIE, POP, ALTERNATIVE & ROCK",,Site showcasing the musicians on the Glasgow blues scene.,,
148284,Iain Copeland,https://iaincopeland.com/,Iain Copeland,,,website,03/11/2021,False,Music,MUSIC : TRADITIONAL / FOLK,,Site of a Scottish traditional / folk musician.,,
148293,Jim Hunter,https://jimhunter.org/,Jim Hunter,,,website,03/11/2021,False,Music,MUSIC : TRADITIONAL / FOLK,,"Site of a Scottish tradtional / folk musician, singer-songwriter and tutor.",,
148306,Dougie McCance,http://www.dougiethepiper.com/,Dougie McCance,,,website,03/11/2021,False,Music,MUSIC : PIPING,,Site of a Scottish piper.,,
148316,Joe Gordon & Sally Logan,http://www.joegordonandsallylogan.co.uk/,Joe Gordon & Sally Logan,,,website,03/11/2021,False,Music,MUSIC : TRADITIONAL / FOLK,,Site of a Scottish traditional / folk and entertainment duo.,,
148401,Angus Accordion & Fiddle Festival,https://aaff.webs.com/,Angus Accordion & Fiddle Festival,,,website,04/11/2021,False,Music,MUSIC : TRADITIONAL / FOLK,,Site of a Scottish accordion and fiddle festical staged in Angus.,,
148575,Dòchas,http://www.dochas.co.uk/,Dòchas,,,website,08/11/2021,False,Music,MUSIC : TRADITIONAL / FOLK,,Site of a Scottish Gaelic traditional / folk group.,,
148582,Keith Macleod,https://keith-macleod.com/,Keith Macleod,,,website,08/11/2021,False,Music,MUSIC : COUNTRY,,Site of a Scottish country singer / songwriter from the North of Scotland.,,
148592,"MacMath Collective, The",http://macmathcollective.com/,The MacMath Collective,,,website,08/11/2021,False,Music,MUSIC : TRADITIONAL / FOLK,,Site of a Scottish traditional / folk music group.,,
148593,Michael Philip,http://michaelphilip.org/,Michael Philip,,,website,08/11/2021,False,Music,MUSIC : TRADITIONAL / FOLK,,Site of a Scottish tradional / folk accordion player and ceilidh band leader.,,
148604,Kevin McGuire,https://www.kevinmcguire.co.uk/,"McGuire, Kevin",,,website,08/11/2021,False,Music,MUSIC : COUNTRY,,Site of a Scottish country pop singer / songwriter from Glasgow.,,
148610,Murray Henderson,https://www.murrayhendersonpiping.com/,Murray Henderson,,,website,08/11/2021,False,Music,MUSIC : PIPING,,Site of a piper and New Zealander based in Scotland.,,
148634,Mike Whellans,http://www.mikewhellans.co.uk/,Mike Whellans,,,website,08/11/2021,False,Music,"MUSIC : INDIE, POP, ALTERNATIVE & ROCK",,Site of a Scottish blues musician.,,
148641,Norma Munro,http://www.ileach.co.uk/norma/,Norma Munro,,,website,08/11/2021,False,Music,MUSIC : TRADITIONAL / FOLK,,Site of a Scottish traditional / folk musician.,,
148643,Graham MacKenzie,https://www.grahammackenziemusic.com/,Graham MacKenzie,,,website,08/11/2021,False,Music,MUSIC : TRADITIONAL / FOLK,,Site of a Scottish traditional / folk musician and composer.,,
148653,Norma Ritchie,http://normaritchie.co.uk/,Norma Ritchie,,,website,08/11/2021,False,Music,MUSIC : TRADITIONAL / FOLK,,Site of a Scottish opera singer.,,
148673,Renfrew Accordion and Fiddle Club,http://www.renfrewaccordionandfiddleclub.co.uk/,Renfrew Accordion and Fiddle Club,,,website,09/11/2021,False,Music,MUSIC : TRADITIONAL / FOLK,,"Site of a Scottish accordion and fiddle club based in Renfrew, Renfrewshire.","Renfrew",
148691,Jared Celosse,http://jaredcelosse.com/,"Celosse, Jared",,,website,09/11/2021,False,Music,"MUSIC : INDIE, POP, ALTERNATIVE & ROCK",,Site of a art-pop/rock singer-songwriter based in Glasgow.,"Glasgow",
148692,Konx-Om-Pax,http://www.konx-om-pax.net/,Konx-Om-Pax,,,website,09/11/2021,False,Music,"MUSIC : INDIE, POP, ALTERNATIVE & ROCK",,Site of a electronic musician from Scotland.,,
148702,"Joy Hotel, The",https://www.thejoyhotelmusic.com/,Site of a alternative rock band from Glasgow.,,,website,09/11/2021,False,Music,"MUSIC : INDIE, POP, ALTERNATIVE & ROCK",,Site of a alternative rock band from Glasgow.,,
148706,Robert Whitehead & the Danelaw Country Dance Band,http://danelawdanceband.co.uk/,Robert Whitehead & the Danelaw Country Dance Band,,,website,09/11/2021,False,Music,MUSIC : TRADITIONAL / FOLK,,Site of a traditional / folk singer and musician based in Scotland.,,
148761,Bongshang,http://www.bongshang.com/,Bongshang,Q4941927,https://www.wikidata.org/wiki/Q4941927,website,10/11/2021,False,Music,"MUSIC : INDIE, POP, ALTERNATIVE & ROCK",,Site of a Scottish ecletic band from Shetland.,"Shetland",
148765,Sydney Devine,https://www.sydneydevinecountry.co.uk/,Sydney Devine,,,website,10/11/2021,False,Music,MUSIC : COUNTRY,,"Site of a Scottish country singer and musician, the late Sydney Devine.",,
148766,Riona Whyte,http://www.rionawhyte.co.uk/,Riona Whyte,,,website,10/11/2021,False,Music,MUSIC : TRADITIONAL / FOLK,,Site of a traditional / folk singer and musician based in Scotland.,,
148776,Sharon King & the Reckless Angels,https://sharonkingmusic.co.uk/,Sharon King & the Reckless Angels,,,website,10/11/2021,False,Music,MUSIC : TRADITIONAL / FOLK,,Site of a Scottish tradtional / folk and country musician and their band.,,
148812,Ruby Gaines,https://www.rubygaines.com/,Ruby Gaines,,,website,10/11/2021,False,Music,"MUSIC : INDIE, POP, ALTERNATIVE & ROCK",,"Site of a Scottish singer-songwriter based in Glasgow, also known as Megan Airlie.","Glasgow",
148817,Stevie Palmer,https://www.steviepalmer.com/,Stevie Palmer,,,website,10/11/2021,False,Music,MUSIC : TRADITIONAL / FOLK,,Site of a Scottish traditional / folk singer-songwriter and musician.,,
148883,Ollie Rigg,https://www.ollierigg.com/,Ollie Rigg,,,website,11/11/2021,False,Music,MUSIC : TRADITIONAL / FOLK,,Site of a Scottish traditional / folk musician.,,
148923,Barry Hochfield,https://barryhochfield.com/,Barry Hochfield,,,website,11/11/2021,False,Music,"MUSIC : INDIE, POP, ALTERNATIVE & ROCK",,"Site of a Scottish inventor, technologist, musician, and serial entrepreneur.",,
148927,Tich Frier,http://www.tichfrier.co.uk/,Tich Frier,,,website,11/11/2021,False,Music,MUSIC : TRADITIONAL / FOLK,,"Site of a Scottish folksinger, songwriter and humourist.",,
148960,Reece Hillis,https://reecehillismusic.com/,Reece Hillis,,,website,12/11/2021,False,Music,"MUSIC : INDIE, POP, ALTERNATIVE & ROCK",,Site of a Scottish blues musician,,
149024,Dykehead Amateurs Flute Band,http://www.dykeheadamateurs.co.uk/,Dykehead Amateurs Flute Band,,,website,15/11/2021,False,Music,MUSIC : FLUTE BANDS,,Site of a Scottish flute band base in North Lanarkshire.,"North Lanarkshire",
149025,Fish - the company.com,http://www.fish-thecompany.com/,Fish - the company.com,,,website,15/11/2021,False,Music,"MUSIC : INDIE, POP, ALTERNATIVE & ROCK",,Site of fans of the Scottish musician Fish (also known as Derek Dick).,,
149027,"Skye and Lochalsh Orchestra, The",http://bhb.nyj.mybluehost.me/,The Skye and Lochalsh Orchestra,,,website,15/11/2021,False,Music,MUSIC : ORCHESTRAS,,"Site of a Scottish orchestra based in Broadford, Isle of Skye, Highland.","Broadford",
149028,Scottish Amateur Flute Association,http://safaflute.org/,Scottish Amateur Flute Association,,,website,15/11/2021,False,Music,MUSIC : FLUTE BANDS : NON-POLITICAL,,"Site of an association of flute bands, choirs and ensembles in Scotland.",,
149032,"Self-Isolation Orchestra, The",http://www.theselfisolationorchestra.com/,The Self-Isolation Orchestra,,,website,15/11/2021,False,Music,MUSIC : ORCHESTRAS,,Site of a Scottish orchestra based in online for musicians to participate in music online during the coronavirus pandemic and lockdown conditions.,,
149085,Black International,http://blackinternational.co.uk/,Black International,,,website,16/11/2021,False,Music,"MUSIC : INDIE, POP, ALTERNATIVE & ROCK",,Site of a Scottish alternative-indie band.,,
149099,Delta Mainline,http://deltamainline.com/,Delta Mainline,,,website,16/11/2021,False,Music,"MUSIC : INDIE, POP, ALTERNATIVE & ROCK",,Site of a Scottish alternative rock band.,,
149102,Atlas: Empire,https://www.atlasempire.co.uk/,Atlas: Empire,,,website,16/11/2021,False,Music,"MUSIC : INDIE, POP, ALTERNATIVE & ROCK",,Site of a Scottish alternative rock band.,,
149134,Plastic Animals,http://plasticanimals.co.uk/,Plastic Animals,,,website,17/11/2021,False,Music,"MUSIC : INDIE, POP, ALTERNATIVE & ROCK",,Site of a Scottish rock band.,,
149136,"Sensational Alex Harvey Band, The",http://sahbofficial.co.uk/,The Sensational Alex Harvey Band,Q2030972,https://www.wikidata.org/wiki/Q2030972,website,17/11/2021,False,Music,"MUSIC : INDIE, POP, ALTERNATIVE & ROCK",,Site of a Scottish rock band.,,
149137,"Second Hand Marching Band, The [old]",http://thesecondhandmarchingband.co.uk/,The Second Hand Marching Band,,,website,17/11/2021,False,Music,"MUSIC : INDIE, POP, ALTERNATIVE & ROCK",,Site of a Scottish alternative-indie band.,,
149138,Aerials Up,http://www.aerialsup.com/,Aerials Up,,,website,17/11/2021,False,Music,"MUSIC : INDIE, POP, ALTERNATIVE & ROCK",,Site of a Scottish alternative-indie band.,,
149154,"Hi-Fi Combo, The",http://thehificombo.wix.com/the-hi-fi-combo/,"Hi-Fi Combo, The",,,website,17/11/2021,False,Music,"MUSIC : INDIE, POP, ALTERNATIVE & ROCK",,"Site about the Scottish soul band the Hi-Fi Combo, a band from the 1960s, based in Kilwinning.","Kilwinning",
149180,Makeness,http://makeness.world/,Makeness,,,website,17/11/2021,False,Music,"MUSIC : INDIE, POP, ALTERNATIVE & ROCK",,Site of a Scottish electronica musician based in London.,"London",
149181,Missing Cat on Bandcamp,http://missingcat.bandcamp.com/,Missing Cat,,,website,17/11/2021,False,Music,"MUSIC : INDIE, POP, ALTERNATIVE & ROCK",,Site of a Scottish rock band.,,
149182,Plastic Animals on Bandcamp,http://plasticanimals.bandcamp.com/,Plastic Animals,,,website,17/11/2021,False,Music,"MUSIC : INDIE, POP, ALTERNATIVE & ROCK",,Site of a Scottish rock band.,,
149183,"New Fabian Society, The on Bandcamp",http://thenewfabiansociety.bandcamp.com/,The New Fabian Society,,,website,17/11/2021,False,Music,"MUSIC : INDIE, POP, ALTERNATIVE & ROCK",,Site of a Scottish rock band.,,
149184,"Recovery, The on Bandcamp",http://therecovery.bandcamp.com/,The Recovery,,,website,17/11/2021,False,Music,"MUSIC : INDIE, POP, ALTERNATIVE & ROCK",,Site of a Scottish rock band.,,
149202,Eagleowl,http://www.eagleowlattack.co.uk/,Eagleowl,Q5325340,https://www.wikidata.org/wiki/Q5325340,website,17/11/2021,False,Music,"MUSIC : INDIE, POP, ALTERNATIVE & ROCK",,Site of a Scottish alternative-indie band.,,
149270,Franz Ferdinand,http://www.franzferdinand.co.uk/,Franz Ferdinand,Q173180,https://www.wikidata.org/wiki/Q173180,website,18/11/2021,False,Music,"MUSIC : INDIE, POP, ALTERNATIVE & ROCK",,Site of Scottish indie band. Superseded by http://franzferdinand.com/.,,
149271,Hollow Horse,http://www.hollowhorse.co.uk/,Hollow Horse,,,website,18/11/2021,False,Music,"MUSIC : INDIE, POP, ALTERNATIVE & ROCK",,Site of a Scottish rock band.,,
149273,Jesse Rae,http://www.jesserae.co.uk/,Jesse Rae,,,website,18/11/2021,False,Music,"MUSIC : INDIE, POP, ALTERNATIVE & ROCK",,Site of a Scottish musician and political activist.,,
149293,Maggie Bell,http://www.maggiebell.co.uk/,Maggie Bell,,,website,18/11/2021,False,Music,"MUSIC : INDIE, POP, ALTERNATIVE & ROCK",,Site of a Scottish blues and rock singer.,,
149319,Joni Keen,http://www.jonikeen.com/,Joni Keen,,,website,18/11/2021,False,Music,MUSIC : JAZZ,,Site of a Scottish jazz singer.,,
149323,Love and Money,http://www.jocelynsquare.co.uk/,Love and Money,Q3837813,https://www.wikidata.org/wiki/Q3837813,website,18/11/2021,False,Music,"MUSIC : INDIE, POP, ALTERNATIVE & ROCK",,Site of a Scottish pop band.,,
149325,"Skinner Group, The",http://www.grahameskinner.com/,The Skinner Group,,,website,18/11/2021,False,Music,"MUSIC : INDIE, POP, ALTERNATIVE & ROCK",,Site of a Scottish musician.,,
149327,Mono Six,http://www.monosix.co.uk/,Mono Six,,,website,18/11/2021,False,Music,"MUSIC : INDIE, POP, ALTERNATIVE & ROCK",,Site of a Scottish alternative-indie band.,,
149385,Argyll Branch : the Clarsach Society,https://argyllbranch-clarsachsociety.co.uk/,Argyll Branch Clarsach Society,,,website,22/11/2021,False,Music,MUSIC : TRADITIONAL / FOLK,,Clarsach Society branch based in Argyll & Bute.,,
149386,Attica Rage,http://www.atticarage.com/,Attica Rage,,,website,22/11/2021,False,Music,"MUSIC : INDIE, POP, ALTERNATIVE & ROCK",,Site of a Scottish rock band.,,
149388,Paul Haig : Rhythm Of Life,http://www.rolinc.co.uk/,Paul Haig : Rhythm Of Life,,,website,22/11/2021,False,Music,"MUSIC : INDIE, POP, ALTERNATIVE & ROCK",,"Site of a Scottish an independent songwriter, music producer and vocalist..",,
149393,Glasgow Branch of the Clarsach Society,http://www.harpsglasgow.com/,Glasgow Branch of the Clarsach Society,,,website,22/11/2021,False,Music,MUSIC : TRADITIONAL / FOLK,,Site of a branch of the Clarsach Society based in Glasgow.,"Glasgow",
149409,Roy Hendrie Music,https://www.royhendriemusic.co.uk/,Roy Hendrie Music,,,website,22/11/2021,False,Music,MUSIC : TRADITIONAL / FOLK,,Site of a Scottish accordion player.,,
149428,"Deadline Shakes, The",http://www.thedeadlineshakes.com/,The Deadline Shakes,,,website,22/11/2021,False,Music,"MUSIC : INDIE, POP, ALTERNATIVE & ROCK",,Site of a Scottish rock band.,,
149429,"Vaselines, The",http://www.thevaselines.co.uk/,The Vaselines,Q1542725,https://www.wikidata.org/wiki/Q1542725,website,22/11/2021,False,Music,"MUSIC : INDIE, POP, ALTERNATIVE & ROCK",,Site of a Scottish alternative-indie band.,,
149430,"Puzzlers, The",http://www.thepuzzlers.co.uk/,The Puzzlers,,,website,22/11/2021,False,Music,"MUSIC : INDIE, POP, ALTERNATIVE & ROCK",,Site of a Scottish band.,,
149432,Teen Canteen,http://www.teencanteen.co.uk/,Teen Canteen,,,website,22/11/2021,False,Music,"MUSIC : INDIE, POP, ALTERNATIVE & ROCK",,Site of a Scottish alternative-indie band.,,
149529,Dialects on Bandcamp,https://dialectsuk.bandcamp.com/,Dialects,,,website,23/11/2021,False,Music,"MUSIC : INDIE, POP, ALTERNATIVE & ROCK",,Site of a Scottish rock band.,,
149534,Sweaty Palms on Bandcamp,https://sweaty-palms.bandcamp.com/,Sweaty Palms,,,website,23/11/2021,False,Music,"MUSIC : INDIE, POP, ALTERNATIVE & ROCK",,Site of a Scottish alternative-indie band.,,
149539,United Fruit on Bandcamp,https://unitedfruit.bandcamp.com/,United Fruit,,,website,23/11/2021,False,Music,"MUSIC : INDIE, POP, ALTERNATIVE & ROCK",,Site of a Scottish rock band.,,
149550,"Yummy Fur, The",http://www.theyummyfur.co.uk/,The Yummy Fur,Q4053500,https://www.wikidata.org/wiki/Q4053500,website,23/11/2021,False,Music,"MUSIC : INDIE, POP, ALTERNATIVE & ROCK",,Site of a Scottish alternative-indie band.,,
149551,Abandoned Stars,http://www.abandonedstars.co.uk/,Abandoned Stars,Q113336119,https://www.wikidata.org/wiki/Q113336119,website,23/11/2021,False,Music,"MUSIC : INDIE, POP, ALTERNATIVE & ROCK",,Site of a Scottish rock band.,,
149552,Blue Dubh,http://www.bluedubh.webs.com/,Blue Dubh,,,website,23/11/2021,False,Music,"MUSIC : INDIE, POP, ALTERNATIVE & ROCK",,Site of a Scottish blues band.,,
149554,R4,http://r4theband.co.uk/,R4,,,website,23/11/2021,False,Music,"MUSIC : INDIE, POP, ALTERNATIVE & ROCK",,Site of a Scottish band.,,
149555,"Van D's, The",http://thevands.co.uk/,The Van D's,,,website,23/11/2021,False,Music,"MUSIC : INDIE, POP, ALTERNATIVE & ROCK",,Site of a Scottish rock band.,,
149556,Sweaty Palms,http://palmsweat.net/,Sweaty Palms,,,website,23/11/2021,False,Music,"MUSIC : INDIE, POP, ALTERNATIVE & ROCK",,Site of a Scottish alternative-indie band.,,
149560,"Alamos, The",http://www.alamos.co.uk/,The Alamos,,,website,23/11/2021,False,Music,"MUSIC : INDIE, POP, ALTERNATIVE & ROCK",,Site of a Scottish alternative-indie band.,,
149587,Lapsus Linguae,http://www.lapsuslinguae.co.uk/,Lapsus Linguae,,,website,24/11/2021,False,Music,"MUSIC : INDIE, POP, ALTERNATIVE & ROCK",,Site of a Scottish rock band.,,
149588,"Hazey Janes, The",http://www.thehazeyjanes.co.uk/,The Hazey Janes,Q7739097,https://www.wikidata.org/wiki/Q7739097,website,24/11/2021,False,Music,"MUSIC : INDIE, POP, ALTERNATIVE & ROCK",,Site of a Scottish alternative-indie band.,,
149608,Arc Sessions,http://arcsessions.com/,Arc Sessions,,,website,24/11/2021,False,Music,MUSIC : TRADITIONAL / FOLK,,"Site of a Scottish series of traditional / folk music events staged at Fochabers Public Institute, Fochabers, Moray.",,
149610,"Bathers, The",http://www.thebathers.co.uk/,The Bathers,,,website,24/11/2021,False,Music,"MUSIC : INDIE, POP, ALTERNATIVE & ROCK",,Site of a Scottish chamber pop band.,,
149653,Five Aces,http://www.thefiveaces.co.uk/,The Five Aces,,,website,25/11/2021,False,Music,"MUSIC : INDIE, POP, ALTERNATIVE & ROCK",,Site of a Scottish rhythm and blues band.,,
149676,Bloco Vomit,http://www.blocovomit.com/,Bloco Vomit,,,website,25/11/2021,False,Music,"MUSIC : INDIE, POP, ALTERNATIVE & ROCK",,Site of a Scottish alternative-indie samba band.,,
149678,Blind Lemon Gators,https://www.theblindlemongators.com/,Blind Lemon Gators,,,website,25/11/2021,False,Music,"MUSIC : INDIE, POP, ALTERNATIVE & ROCK",,Site of a Scottish blues band.,,
149703,Chasar,http://chasar.co.uk/,Chasar,,,website,26/11/2021,False,Music,"MUSIC : INDIE, POP, ALTERNATIVE & ROCK",,Site of a Scottish rock band.,,
149712,Gefahrgeist on Bandcamp,https://gefahrgeist.bandcamp.com/,Gefahrgeist,,,website,26/11/2021,False,Music,"MUSIC : INDIE, POP, ALTERNATIVE & ROCK",,Site of a Scottish electronic pop duo from Edinburgh.,"Edinburgh",
149715,"Micro Band, The on Bandcamp",https://themicroband.bandcamp.com/,The Micro Band,,,website,26/11/2021,False,Music,"MUSIC : INDIE, POP, ALTERNATIVE & ROCK",,Site of a Scottish alternative-indie band.,,
149716,Cale  ,https://www.calemusic.net/,Cale,,,website,26/11/2021,False,Music,MUSIC : TRADITIONAL / FOLK,,Site of a Scottish traditional / folk band.,,
149779,Brat Coven on Bandcamp,https://bratcoven.bandcamp.com/,Brat Coven,,,website,29/11/2021,False,Music,"MUSIC : INDIE, POP, ALTERNATIVE & ROCK",,Site of a Scottish alternative-indie band.,,
149780,Closer on Bandcamp,https://closerscotland.bandcamp.com/,Closer,,,website,29/11/2021,False,Music,"MUSIC : INDIE, POP, ALTERNATIVE & ROCK",,Site of a Scottish band.,,
149805,Counterfeit Clash    ,http://counterfeitclash.co.uk/,Counterfeit Clash,,,website,29/11/2021,False,Music,"MUSIC : INDIE, POP, ALTERNATIVE & ROCK",,Site of a Scottish Clash tribute band.,,
149808,Co-Exist on Bandcamp,https://coexistgrind.bandcamp.com/,Co-Exist,,,website,29/11/2021,False,Music,"MUSIC : INDIE, POP, ALTERNATIVE & ROCK",,Site of a Scottish rock band.,,
149815,Copy Haho on Bandcamp,https://copyhaho.bandcamp.com/,Copy Haho,,,website,29/11/2021,False,Music,"MUSIC : INDIE, POP, ALTERNATIVE & ROCK",,Site of a Scottish alternative-indie band.,,
149848,"Diamond Sea, The",http://www.thediamondsea.co.uk/,The Diamond Sea,,,website,30/11/2021,False,Music,"MUSIC : INDIE, POP, ALTERNATIVE & ROCK",,Site of a Scottish alternative-indie band.,,
149863,Hamish Hepburn,https://www.hamishhepburn.com/,Hamish Hepburn,,,website,30/11/2021,False,Music,MUSIC : TRADITIONAL / FOLK,,Site of a Scottish traditional / folk musician and artistic photographer.,,
149925,Vicious Riff,http://www.viciousriff.co.uk/,Vicious Riff,,,website,30/11/2021,False,Music,MUSIC : HISTORY,,"Site of an online archive of punk rock from Paisley, Scotland.",Paisley,
150111,Tartan Rocker,http://tartanrocker.blogspot.com/,Tartan Rocker,,,website,02/12/2021,False,Music,MUSIC : BLOG,,Blog featuring a series of short biographies of early rock and pop artists from Scotland.,,
150316,"Strange Brew, The",https://thestrangebrew.co.uk/,The Strange Brew,,,website,07/12/2021,False,Music,MUSIC : HISTORY,,"Site about rock music from the mid 60s onwards, featuring podcasts, articles and interviews.",,
150370,Brendan O'Hare,https://www.brendanohare.co.uk/,Brendan O'Hare,,,website,08/12/2021,False,Music,"MUSIC : INDIE, POP, ALTERNATIVE & ROCK",,Site of a Scottish Scottish musician.,,
150427,"White Band, The",https://www.thewhiteband.com/,The White Band,,,website,09/12/2021,False,Music,MUSIC : FUNCTION BAND,,Site of a Scottish function band.,,
150443,Gravious,https://gravious.com/,Gravious,,,website,09/12/2021,False,Music,"MUSIC : INDIE, POP, ALTERNATIVE & ROCK",,Site of a Scottish electronica musician.,,
150575,HQFU,http://hqfu.co.uk/,HQFU,,,website,13/12/2021,False,Music,"MUSIC : INDIE, POP, ALTERNATIVE & ROCK",,"Site of a electronica musician based in Scotland, Sarah J. Stanley.",,
150576,Song By Toad Records,http://songbytoadrecords.com/,"Song, by Toad Records",Q17151248,https://www.wikidata.org/wiki/Q17151248,website,13/12/2021,False,Music,MUSIC : RECORD COMPANY,,Site of a Scottish record company located in Edinburgh.,"Edinburgh",
150589,Eilean Siar e-Cèilidh,http://eileansiareceilidh.com/,Eilean Siar e-Cèilidh,,,website,13/12/2021,False,Music,MUSIC : TRADITIONAL / FOLK,,Site of a series of online music evennts run by Comhairle nan Eilean Siar (Western Isles Council) during lockdown.,,
150676,Party Fears Three,http://www.partyfearsthree.co.uk/,Party Fears Three,,,website,14/12/2021,False,Music,"MUSIC : INDIE, POP, ALTERNATIVE & ROCK",,Site of a Scottish 1980s tribute band.,,
150737,Jordan Hepburn,https://jordanhepburn.com/,"Hepburn, Jordan",,,website,15/12/2021,False,Music,MUSIC : TRADITIONAL / FOLK,,Site of a Scottish traditional / folk musician.,,
150739,Joy & Andrew,https://joyandandrew.co.uk/,Joy and Andrew Dunlop,,,website,15/12/2021,False,Music,MUSIC : TRADITIONAL / FOLK,,"Site of a Scottish traditional / folk duo, Joy and Andrew Dunlop.",,
150745,Snuffbox,https://snuffboxmusic.com/,Snuffbox,,,website,15/12/2021,False,Music,MUSIC : TRADITIONAL / FOLK,,Site of a Scottish traditional / folk band.,,
150750,Elír,https://www.elirmusic.com/,Elír,,,website,15/12/2021,False,Music,MUSIC : TRADITIONAL / FOLK,,Site of a Scottish traditional / folk band.,,
150751,Euan Mclaughlin,https://www.euanmclaughlin.com/,Euan Mclaughlin,,,website,15/12/2021,False,Music,MUSIC : TRADITIONAL / FOLK,,Site of a Scottish traditional / folk musician.,,
150754,Glin,https://www.glinmusic.com/,Glin,,,website,15/12/2021,False,Music,MUSIC : TRADITIONAL / FOLK,,Site of a Scottish traditional / folk band.,,
150762,Paddy Callaghan,https://www.paddycallaghan.com/,Paddy Callaghan,,,website,15/12/2021,False,Music,MUSIC : TRADITIONAL / FOLK,,Site of a Scottish traditional / folk musician.,,
150772,James Harper,https://jamesharper.uk/,James Harper,,,website,15/12/2021,False,Music,MUSIC : TRADITIONAL / FOLK,,Site of a Scottish traditional / folk musician and their band.,,
150833,Flare n Seagulls,https://flaresnseagulls.com/,Flare n Seagulls,,,website,16/12/2021,False,Music,MUSIC : BLOG,,Site of a music blog based in Aberdeen and about independent music.,"Aberdeen",
150840,UK82,http://www.uk82.com/,UK82,,,website,16/12/2021,False,Music,MUSIC : HISTORY,,Website about the UK punk rock scene between 1980 and 1984.,,
150937,"Mink Stoles, The",http://www.minkstoles.co.uk/,The Mink Stoles,,,website,21/12/2021,False,Music,"MUSIC : INDIE, POP, ALTERNATIVE & ROCK",,Site of a Scottish alternative-indie band.,,
150946,McSleazy   ,https://mcsleazy.uk/,McSleazy,,,website,21/12/2021,False,Music,"MUSIC : INDIE, POP, ALTERNATIVE & ROCK",,"Site of a Scottish electronica musician, also known as Grant J. Robson.",,
150949,Michael Rattray   ,https://www.michaelrattray.com/,Michael Rattray,,,website,21/12/2021,False,Music,"MUSIC : INDIE, POP, ALTERNATIVE & ROCK",,"Site of a Scottish alternative musician, poet and artist.",,
150955,Moishe’s Bagel,http://moishesbagel.com/,Moishe's Bagel,Q6894808,https://www.wikidata.org/wiki/Q6894808,website,21/12/2021,False,Music,MUSIC : WORLD,,Site of a Scottish klezmer and world music band.,,
151745,Glasgow Transmission,https://glasgowtransmission.com/,Glasgow Transmission,,,website,12/01/2022,False,Music,MUSIC,,Music news and magazine website based in Glasgow.,"Glasgow",
151816,Passionate Friends,https://passionatefriendsmusic.wordpress.com/,Passionate Friends,,,website,12/01/2022,False,Music,"MUSIC : INDIE, POP, ALTERNATIVE & ROCK",,Site of a Scottish rock pop band from Glasgow.,,
151909,Planet Groucho,https://recordstore.planetgroucho.com/,Planet Groucho,,,website,13/01/2022,False,Music,MUSIC : RECORD COMPANY,,Site of a Scottish record company.,,
151911,Peeps Into Fairyland,https://www.peepsintofairyland.com/,Peeps Into Fairyland,,,website,13/01/2022,False,Music,"MUSIC : INDIE, POP, ALTERNATIVE & ROCK",,Site of a Scottish alternative-indie band.,,
151917,Dunt,https://www.duntmusic.com/,Dunt,,,website,13/01/2022,False,Music,"MUSIC : INDIE, POP, ALTERNATIVE & ROCK",,Site of a Scottish electronica musician.,,
151927,Natasha England,http://www.natashaengland.co.uk/,Natasha England,,,website,13/01/2022,False,Music,"MUSIC : INDIE, POP, ALTERNATIVE & ROCK",,"Site of a Scottish singer, performer and music label founder.",,
152168,Pumajaw,http://www.pumajaw.co.uk/,Pumajaw,Q7259776,https://www.wikidata.org/wiki/Q7259776,website,17/01/2022,False,Music,"MUSIC : INDIE, POP, ALTERNATIVE & ROCK",,Site of a Scottish electronica band.,,
152526,Rob St. John,https://www.robstjohn.co.uk/,Rob St. John,,,website,19/01/2022,False,Music,"MUSIC : INDIE, POP, ALTERNATIVE & ROCK",,"Site of a Scottish musician, artist and academic.",,
152883,Schoolhouse Management,http://www.schoolhousemanagement.co.uk/,Schoolhouse Management,,,website,21/01/2022,False,Music,MUSIC : AGENT,,Site of a music agent run by Bruce Findlay.,,
152884,"Score, The",http://www.thescoreonline.co.uk/,The Score,,,website,21/01/2022,False,Music,"MUSIC : INDIE, POP, ALTERNATIVE & ROCK",,Site of a Scottish band.,,
152912,Scheme,https://www.schememusic.online/,Scheme,,,website,21/01/2022,False,Music,"MUSIC : INDIE, POP, ALTERNATIVE & ROCK",,Site of a Scottish band.,,
153714,December,https://www.decemberband.com/,December,,,website,31/01/2022,False,Music,"MUSIC : INDIE, POP, ALTERNATIVE & ROCK",,Site of a Scottish rock band.,,
153755,Craic 'N' Gigs,https://www.craicngigs.co.uk/,Craic 'N' Gigs,,,website,31/01/2022,False,Music,MUSIC : LISTING,,Music listing site for events in East Sutherland.,"East Sutherland",
153802,Eris Ensemble,http://www.erisensemble.co.uk/,Eris Ensemble,,,website,31/01/2022,False,Music,MUSIC,,Site of a baroque-classical music ensemble from Scotland.,,
153803,Seven Sons,http://seven-sons.co.uk/,Seven Sons,,,website,31/01/2022,False,Music,MUSIC : TRADITIONAL / FOLK,,Site of a Scottish country folk band.,,
154121,Ástmar Ólafsson Baritone,https://www.astmarolafsson.co.uk/,Ástmar Ólafsson Baritone,,,website,01/02/2022,False,Music,MUSIC,,Site of an Icelandic baritone based in Scotland.,,
154780,Jane Cartney [music],https://janecartney.co.uk/,Jane Cartney [music],,,website,08/02/2022,False,Music,MUSIC,,"Scottish singer based in Weston-super-Mare, Somerset. See also https://janecartneyfineart.co.uk/.","Weston, Somerset",
156082,Lauren Kelly,https://www.laurenkellymusic.com/,Lauren Kelly,,,website,24/02/2022,False,Music,"MUSIC : INDIE, POP, ALTERNATIVE & ROCK",,Site of a Scottish singer/songwriter from Coatbridge.,,
159074,Steve Ransome,http://www.steveransomemusic.com/,Steve Ransome,,,website,14/04/2022,False,Music,"MUSIC : INDIE, POP, ALTERNATIVE & ROCK",,Site of a musician and composer based in Aberdeenshire.,"Aberdeenshire",
161317,Two Left Feat Limited,http://www.tlfscotland.co.uk/,Two Left Feat Limited,,,website,27/05/2022,False,Music,MUSIC : TRADITIONAL / FOLK,,Site of a ceilidh band based in Dumfries & Galloway.,,
162734,Sharon Martin,http://sharonmartinmusic.com/,Sharon Martin,,,website,22/06/2022,False,Music,"MUSIC : INDIE, POP, ALTERNATIVE & ROCK",,Site of a singer songwriter from Glasgow. Superseded by http://shazmartin.com/.,,
162761,"Eastern Swell, The",https://www.theeasternswell.com/,The Eastern Swell,Q126901467,https://www.wikidata.org/wiki/Q126901467,website,22/06/2022,False,Music,MUSIC : TRADITIONAL / FOLK,,Site of a progressive folk band based in Edinburgh.,"Edinburgh",
163151,Niamh Mackaveney,https://www.niamhmackaveney.com/,Niamh Mackaveney,,,website,28/06/2022,False,Music,MUSIC : TRADITIONAL / FOLK,,Site of a musician and artist based in Glasgow.,"Glasgow",
163551,Acorn Shed Music,https://www.acornshedmusic.co.uk/,Acorn Shed Music,,,website,01/07/2022,False,Music,"MUSIC, EDUCATION",,Site of an arts organisation making connections through storytelling and songwriting.,,
165130,Mons Graupius [Sally Garden],https://monsgraupius.org/,Mons Graupius,,,website,26/07/2022,False,Music,MUSIC,,Site of work of Scottish mezzo & musicologist Dr Sally LK Garden.,,
165540,Eilidh Fraser,http://ejfraser94.wix.com/ejfmusic/,Eilidh Fraser,,,website,29/07/2022,False,Music,MUSIC,,Site of a freelance musician based in Aberdeen.,"Aberdeen",
165553,Emily Doolittle,https://emilydoolittle.com/,Emily Doolittle,,,website,29/07/2022,False,Music,MUSIC,,Site of a Canadian composer based in Scotland.,,
165554,Gaynor Barradell,https://www.gaynorbarradell.com/,Gaynor Barradell,,,website,29/07/2022,False,Music,MUSIC,,Site of a composer and musician based in Glasgow.,"Glasgow",
165555,Ruth Mackay,https://ruthmackay.co.uk/,Ruth Mackay,,,website,29/07/2022,False,Music,MUSIC,,Site of a harpist based in Glasgow.,"Glasgow",
165627,Hilary Brooks Music Director,http://hilarybrooks.co.uk/,Hilary Brooks Music Director,,,website,01/08/2022,False,Music,MUSIC,,Site of a composer and musical director based in Scotland.,,
165628,Karen MacIver,http://www.balletmusicforclass.com/,Karen MacIver,,,website,01/08/2022,False,Music,MUSIC,,Site of a Scottish musician.,,
165629,Pianopiano,http://pianopiano.co/,Pianopiano,,,website,01/08/2022,False,Music,MUSIC,,"Site of a duo of Scottish pianists, Hilary Brooks and Karen MacIver.",,
165638,"Rachel Redmond, Soprano",http://rachelredmond.co.uk/,"Rachel Redmond, Soprano",,,website,01/08/2022,False,Music,MUSIC,,Site of a Scottish soprano.,,
165640,Scottish Choral Workshops,http://www.scottishchoralworkshops.co.uk/,Scottish Choral Workshops,,,website,01/08/2022,False,Music,MUSIC,,"Site of a group providing workshops in choral singing, based in Scotland.",,
165652,Margaret Marshall Songbird,https://margaretmarshallsongbird.com/,Margaret Marshall Songbird,,,website,01/08/2022,False,Music,MUSIC,,Site of a Scottish soprano.,,
165661,Jonathan Manson,https://www.jonathanmanson.com/,Jonathan Manson,,,website,01/08/2022,False,Music,MUSIC,,Site of a Scottish cellist.,,
165665,Tom Wilkinson Musician,https://quartercomma.wixsite.com/tomwilkinson/,Tom Wilkinson Musician,,,website,01/08/2022,False,Music,MUSIC,,Site of a Scottish organist and choral conductor.,,
165666,Annie Gill,https://www.anniegillvoice.com/,Annie Gill,,,website,01/08/2022,False,Music,MUSIC,,Site of a Scottish mezzo-soprano.,,
165748,Hometown Promotion Sound System,http://hometownsound.scot/,Hometown Promotion Sound System,,,website,02/08/2022,False,Music,"MUSIC : INDIE, POP, ALTERNATIVE & ROCK",,"Site of a reggae sound system and crew based in Glasgow, Scotland.","Glasgow",
167494,Lonely Carp on Bandcamp,https://lonelycarp.bandcamp.com/,Lonely Carp,,,website,26/08/2022,False,Music,"MUSIC : INDIE, POP, ALTERNATIVE & ROCK",,Site of a musician based in Glasgow.,"Glasgow",
167706,Grenadiers Memorial Flute Band Glasgow,http://grenadiersglasgow.yolasite.com/,Grenadiers Memorial Flute Band Glasgow,,,website,31/08/2022,False,Music,MUSIC : FLUTE BAND : LOYALIST,Political band,"Site of a Loyalist flute band based in Thornliebank, East Renfrewshire.","Thornliebank, East Renfrewshire",
167724,Netherton Road Flute Band,http://www.nethertonroadfb.co.uk/,Netherton Road Flute Band,,,website,01/09/2022,False,Music,MUSIC : FLUTE BAND : LOYALIST,Political band,"Site of a Loyalist flute band based in Wishaw, North Lanarkshire.","North Lanarkshire",
167726,"Pride of Clarkston Flute Band Airdrie, Scotland.",http://www.angelfire.com/band/prideofclarkston/,Pride of Clarkston Flute Band,,,website,01/09/2022,False,Music,MUSIC : FLUTE BAND : LOYALIST,Political band,"Site of a Loyalist flute band based in Airdrie, North Lanarkshire.",,
167837,Vol Martin Doco Doherty RFB,https://docobhoys.webs.com/,Vol Martin Doco Doherty Republican Flute Band,,,website,02/09/2022,False,Music,MUSIC : FLUTE BAND : REPUBLICAN,Political band,Site of an Irish Republican flute band based in Glasgow.,"Glasgow",
167930,"Thanes, The on Bandcamp",https://thethanes.bandcamp.com/,"Thanes, The on Bandcamp",,,website,05/09/2022,False,Music,"MUSIC : INDIE, POP, ALTERNATIVE & ROCK",,Site of an alternative-indie band from Edinburgh.,"Edinburgh",
167943,"International Poet, The",https://theinternationalpoet.com/,JKL Duo,,,website,05/09/2022,False,Music,MUSIC,,Site of a project of the JKL Duo with interpretations of the work or Robert Burns.,,
167945,Resol String Quartet,https://resolstringquartet.com/,Resol String Quartet,,,website,05/09/2022,False,Music,MUSIC,,Site of a string quartet based in Scotland.,,
167947,Kerry Lynch Music,https://www.kerrylynchmusic.com/,Kerry Lynch Music,,,website,05/09/2022,False,Music,MUSIC,,Site of a Scottish flautist and flute tutor based in Glasgow.,"Glasgow",
167992,Ross Campbell Music,https://rosscampbellmusic.com/,Ross Campbell Music,,,website,06/09/2022,False,Music,MUSIC,,Site of a Scottish composer.,,
168851,Tigerstyle,http://www.tigerstyleonline.co.uk/,Tigerstyle,Q7801572,https://www.wikidata.org/wiki/Q7801572,website,21/09/2022,False,Music,"MUSIC : INDIE, POP, ALTERNATIVE & ROCK",,Site of a folkhop band from Glasgow.,,
168898,Graham Brown Band,https://www.grahambrownband.com/,Graham Brown Band,,,website,21/09/2022,False,Music,MUSIC : TRADITIONAL / FOLK,,Site of a Celtic rock band based in Scotland.,,
169107,Vegas,https://www.vegasscotland.co.uk/,Vegas,,,website,28/09/2022,False,Music,MUSIC : ENTERTAINMENT,,Site of a retro-nightclub staged in Edinburgh.,"Edinburgh",
169190,White China,https://white-china.com/,White China,,,website,29/09/2022,False,Music,"MUSIC : INDIE, POP, ALTERNATIVE & ROCK",,Site of a rock band from Dunfermline.,,
169192,Andy Stewart : an illustrated record,https://andystewart.info/,Andy Stewart : an illustrated record,,,website,29/09/2022,False,Music,MUSIC,,"Site dedicated to the life and work of Scottish singer, entertainer and television presenter, Andy Stewart",,
169198,Wise Blood Industries on Bandcamp,https://wisebloodindustries.bandcamp.com/,Wise Blood Industries,,,website,29/09/2022,False,Music,MUSIC : RECORD COMPANY,,Site of a record company based in Glasgow.,"Glasgow",
169199,WOMPS on Bandcamp,https://womps.bandcamp.com/,WOMPS,,,website,29/09/2022,False,Music,"MUSIC : INDIE, POP, ALTERNATIVE & ROCK",,Site of an alternative rock band based in Glasgow.,"Glasgow",
169204,Vivien Scotson,https://www.vivienscotson.co.uk/,Vivien Scotson,,,website,29/09/2022,False,Music,"MUSIC : INDIE, POP, ALTERNATIVE & ROCK",,Site of a techno band from Ayrshire.,"Ayrshire",
169205,Caezar,https://www.wearecaezar.co.uk/,Caezar,,,website,29/09/2022,False,Music,"MUSIC : INDIE, POP, ALTERNATIVE & ROCK",,Site of a Scottish alternative band.,,
169231,Spook Music [BedHead],http://www.spookmusic.co.uk/,BedHead,,,website,29/09/2022,False,Music,MUSIC : FUNCTION BAND,,Site of a function band in Aberdeen.,"Aberdeen",
169285,Ian Smith Guitarist,http://www.isguitar.co.uk/,Ian Smith Guitarist,,,website,30/09/2022,False,Music,MUSIC,SC291664,Site of a musician based in Edinburgh.,"Edinburgh",
169286,Tape Studio Limited,http://www.tapestudio.co.uk/,Tape Studio Limited,,,website,30/09/2022,False,Music,MUSIC : RECORD COMPANY,SC427253,Site of a recording studio located in Edinburgh.,"Edinburgh",
169296,Pitchplay Music Ltd,https://pitchplaymusic.com/,Pitchplay Music Ltd,,,website,30/09/2022,False,Music,MUSIC : PUBLISHER,SC679667,Site of a music publisher based in Aberdeen.,"Aberdeen",
169299,Ikuzo Sound Ltd,https://www.ikuzosound.com/,Ikuzo Sound Ltd,,,website,30/09/2022,False,Music,MUSIC : PRODUCTION,SC687740,"Site of a music production company based in Cowdenbeath, Fife, specialising in heavy metal music.","Cowdenbeath",
169300,Limbo Records,https://www.limborecords.co.uk/,Limbo Records,,,website,30/09/2022,False,Music,MUSIC : RECORD COMPANY,,Site of a record company based in Glasgow.,"Glasgow",
169302,Ujazz Records,http://www.ujazz-records.com/,Ujazz Records Ltd,,,website,30/09/2022,False,Music,MUSIC : RECORD COMPANY,,Site of a record company based Edinburgh.,,
169309,Rito Futurito,https://ritofuturito.com/,Rito Futurito,,,website,30/09/2022,False,Music,"MUSIC : INDIE, POP, ALTERNATIVE & ROCK",SC680270,Site of a musician based in Edinburgh.,"Edinburgh",
169333,Alien Communications,https://ra.co/dj/aliencommunications/,Alien Communications,,,website,30/09/2022,False,Music,"MUSIC : INDIE, POP, ALTERNATIVE & ROCK",,"Site of a DJ and producer based in Dalkeith, Midlothian.","Midlothian, Dalkeith",
169405,Ewan Macfarlane,https://ewanmacfarlanemusic.com/,Ewan Macfarlane,,,website,03/10/2022,False,Music,"MUSIC : INDIE, POP, ALTERNATIVE & ROCK",,Site of a musician and singer-songwriter from Scotland.,,
169468,"Dunts, The",https://www.thedunts.co.uk/,The Dunts,,,website,03/10/2022,False,Music,"MUSIC : INDIE, POP, ALTERNATIVE & ROCK",SC648270,Site of a band from Glasgow.,,
169470,"Naked Feedback, The [The Naked Feedback Ltd]",https://thenakedfeedback.com/,The Naked Feedback,,,website,03/10/2022,False,Music,"MUSIC : INDIE, POP, ALTERNATIVE & ROCK",SC699570,Site of a rock band from Glasgow.,,
169472,Premier Soundproofing Ltd,https://premiumsoundsolutions.co.uk/,Premier Soundproofing Ltd,,,website,03/10/2022,False,Music,BUSINESS,SC636684,Site of a sound proofing company based in Glasgow.,"Glasgow",
169477,Sun Kisst,https://www.sunkisst.co.uk/,Sun Kisst,,,website,03/10/2022,False,Music,"MUSIC : INDIE, POP, ALTERNATIVE & ROCK",,Site of a Scotish band.,,
169479,EDA Music Ltd,http://www.edamusicuk.co.uk/,EDA Music Ltd,,,website,03/10/2022,False,Music,MUSIC : RECORD COMPANY,SC342711,Site of a record company based in Glasgow.,"Glasgow",
169489,Captain Toms Limited,http://www.captaintommusic.co.uk/,Captain Toms Limited,,,website,03/10/2022,False,Music,MUSIC : STUDIO,SC252167,"Site of a rehearsal, recording and tuition studio located in Aberdeen.","Aberdeen",
169490,Fat Hippy Records,http://www.fathippyrecords.co.uk/,Fat Hippy Records,,,website,03/10/2022,False,Music,MUSIC : RECORD COMPANY,,Site of a record company based in Aberdeen.,"Aberdeen",
169499,Ceilidh Fest Glasgow Ltd,https://www.ceilidhfestglasgow.com/,Ceilidh Fest Glasgow Ltd,,,website,03/10/2022,False,Music,MUSIC : TRADITIONAL/FOLK,SC654647,Site of a traditional music and dance festival staged in Glasgow.,"Glasgow",
169501,Macanta Media Ltd,http://www.macanta.media/,Macanta Media Ltd,,,website,03/10/2022,False,Music,BUSINESS,SC688875,"Site of a film making company based in Scalpay, Western Isles.",,
169512,Owen Vaughn (Owen Vaughn Entertainment Ltd),https://www.owenvaughn.com/,Site of a musician and tribute act based in Glasgow.,,,website,03/10/2022,False,Music,"MUSIC : INDIE, POP, ALTERNATIVE & ROCK",SC683227,Site of a musician and tribute act based in Glasgow.,"Glasgow",
169513,PD Music Studios Ltd,https://www.pdmusicstudios.co.uk/,PD Music Studios Ltd,,,website,03/10/2022,False,Music,MUSIC : RECORD COMPANY,SC682472,"Site of a music recording studio located in Ayr, South Ayrshire.","Ayr, South Ayrshire",
169514,Scottish Freelancers Ensemble,https://www.sfe.scot/,Scottish Freelancers Ensemble,,,website,03/10/2022,False,Music,MUSIC,SC683571,Site of a community of freelance musicians based in Glasgow supporting each one another to allow them to keep working.,"Glasgow",
169529,Only Good Vibes Music Ltd,https://onlygoodvibesmusic.com/,Only Good Vibes Music Ltd,,,website,04/10/2022,False,Music,"MUSIC : INDIE, POP, ALTERNATIVE & ROCK",SC682380,"Site of a music company based in Glasgow, DJs, podcasts, music and live performances.","Glasgow, DJs",
169535,Tiderays,https://tiderays.co.uk/,Tiderays,,,website,04/10/2022,False,Music,MUSIC : TRADITIONAL / FOLK,SC629368,"Site of a traditional / folk band based in Dumfries, Dumfries & Galloway.",,
169537,Precise Mastering Ltd,http://www.precisemastering.com/,Precise Mastering Ltd,,,website,04/10/2022,False,Music,MUSIC : STUDIO,SC407785,"Site of a mastering studio located in Hawick, the Scottish Borders.","Hawick",
169540,Song And Dance Factory Ltd,http://www.songanddancefactory.com/,Song And Dance Factory Ltd,,,website,04/10/2022,False,Music,BUSINESS,SC442710,Site of a company based in Glasgow staging children's parties.,,
169565,Neon Productions Limited,http://www.go2neon.com/,Neon Productions Limited,,,website,04/10/2022,False,Music,BUSINESS,SC154972,Site of a media production company based in Glasgow.,"Glasgow",
169569,Ridge Records Limited,https://www.ridge-records.com/,Ridge Records Limited,,,website,04/10/2022,False,Music,MUSIC : RECORD COMPANY,SC269529,Site of a Celtic record label owned by the band Runrig and based in Aberdeen.,"Aberdeen",
169572,Rock Action Recordings  Limited,http://www.rock-action.co.uk/,Rock Action Recordings Limited,,,website,04/10/2022,False,Music,MUSIC : RECORD COMPANY,SC264729,Site of a record company based in Glasgow.,"Glasgow",
169609,AVS Image Designs Ltd,https://www.avsimagedesigns.co.uk/,VS Image Designs Ltd,,,website,05/10/2022,False,Music,BUSINESS,SC660160,Site of a printing and design company based in Falkirk.,"Falkirk",
169616,Chinese Whispers [Chinese Whispers (CRF) Ltd],https://www.chinese-whispers.co.uk/,Chinese Whispers (CRF) Ltd,,,website,05/10/2022,False,Music,"MUSIC : INDIE, POP, ALTERNATIVE & ROCK",SC691990,Site of a band based in Glasgow.,"Glasgow",
169631,Theo Bleak,https://www.theobleak.com/,Theo Bleak,,,website,05/10/2022,False,Music,"MUSIC : INDIE, POP, ALTERNATIVE & ROCK",,Site of a musician based in Dundee.,"Dundee",
169635,Brick Lane Studios Scotland [Limited],https://www.bricklanestudiospaisley.co.uk/,Brick Lane Studios Scotland Limited,,,website,05/10/2022,False,Music,MUSIC : STUDIO,SC667633,"Site of a recording studio located in Paisley, Renfrewshire.","Paisley",
169666,Red Vanilla,https://www.redvanillaband.com/,Red Vanilla,,,website,06/10/2022,False,Music,"MUSIC : INDIE, POP, ALTERNATIVE & ROCK",,Site of an alternative rock band from Dundee.,,
169718,Brigside Music Publishing Ltd.,http://www.brigsidemusicpublishing.co.uk/,Brigside Music Publishing Ltd.,,,website,06/10/2022,False,Music,MUSIC : PUBLISHING,SC307619,"Site of a music publishing company based in Selkirk, the Scottish Borders.","Selkirk",
169736,Cinder Hall [Records Ltd],https://cinderhallrecords.com/,Cinder Hall Records Ltd,,,website,06/10/2022,False,Music,MUSIC : RECORD COMPANY,SC688691,"Site of a record company based in Saltcoats, North Ayrshire.","North Ayrshire, Saltcoats",
169741,Zap Entertainment Ltd,http://www.zapentertainment.co.uk/,Zap Entertainment Ltd,,,website,06/10/2022,False,Music,BUSINESS,SC241406,Site of an entertainments company based in Clackmannanshire.,,
169801,Man Made Origin [Ltd],http://www.manmadeorigin.com/,Man Made Origin Ltd,,,website,07/10/2022,False,Music,"MUSIC : INDIE, POP, ALTERNATIVE & ROCK",SC513350,Site of a heavy metal band from Dundee.,,
169818,Cryo Music Ltd,https://cryomusic.com/,Cryo Music Ltd,,,website,10/10/2022,False,Music,MUSIC : PRODUCTION,SC534094,"Site of a production, mastering and studio engineering company based in Glasgow.","Glasgow",
169820,Tuigse Limited,https://tuigse.com/,Tuigse Limited,,,website,10/10/2022,False,Music,MUSIC : RECORD COMPANY,SC541887,Site of a record company based in Glasgow.,"Glasgow",
169822,Graeme Young Production Limited,https://www.graemeyoungproduction.com/,Graeme Young Production Limited,,,website,10/10/2022,False,Music,MUSIC : PRODUCTION,SC554254,"Site of a Christian radio station based in Cumbernauld, North Lanarkshire. A Scottish charitable company SC024130.","Cumbernauld, North Lanarkshire",
169931,Dutch Wine,https://dutchwineband.com/,Dutch Wine,,,website,11/10/2022,False,Music,"MUSIC : INDIE, POP, ALTERNATIVE & ROCK",,Site of a rock band from Glasgow.,,
170282,Tony Henry,https://www.tonyhenry.co.uk/,Tony Henry,,,website,16/10/2022,False,Music,MUSIC,,Site of an opera singer and choir leader from St. Albans based in Inverness.,"Inverness",
170283,"Trybe, The",https://www.thetrybe.org/,The Trybe,,,website,16/10/2022,False,Music,MUSIC : TRADITIONAL / FOLK,,Site of a traditional folk band from Scotland.,,
170291,Scottish Clarinet Quartet,http://www.scq.org.uk/,Scottish Clarinet Quartet,,,website,16/10/2022,False,Music,MUSIC,,Site of a classical music quartet based in Scotland.,,
170593,Acutek on Bandcamp,https://acutek.bandcamp.com/,Acutek,,,website,25/10/2022,False,Music,"MUSIC : INDIE, POP, ALTERNATIVE & ROCK",,"Site of an electronica musician based in Forres, Moray.",,
171969,Barbara Bryceland,http://www.barbarabryceland.com/,Barbara Bryceland,,,website,02/11/2022,False,Music,MUSIC,,Site of a Scottish singer.,,
174886,"Audio Lounge, The",https://theaudioloungestudio.com/,The Audio Lounge,,,website,06/12/2022,False,Music,MUSIC : STUDIO, ,"Site of a music rehearsal and recording studio in Wyndford, Glasgow.","Wyndford",G20 9BT
174932,Viv Latifa,https://vivlatifaofficial.format.com/,Viv Latifa,,,website,07/12/2022,False,Music,"MUSIC : INDIE, POP, ALTERNATIVE & ROCK",,Site of a musician based in Edinburgh.,"Edinburgh",
174937,Off the Record,https://www.otrscot.com/,Off the Record,,,website,07/12/2022,False,Music,MUSIC : MUSIC INDUSTRY,,Site of a community interest company in Scotland staging events for young musicians forging a career in the music industry connecting people with experience with those young musicians.,,
174941,Extrapolation Records on Bandcamp,https://extrapolationrecords.bandcamp.com/,Extrapolation Records,,,website,07/12/2022,False,Music,MUSIC : RECORD COMPANY,,Site of a record company based in Glasgow.,"Glasgow",
174942,Cyrano,https://cyranomusic.com/,Cyrano,,,website,07/12/2022,False,Music,"MUSIC : INDIE, POP, ALTERNATIVE & ROCK",,Site of a Scottish musician.,,
174943,A. Wesley Chung on Bandcamp,https://awesleychung.bandcamp.com/,A. Wesley Chung,,,website,07/12/2022,False,Music,"MUSIC : INDIE, POP, ALTERNATIVE & ROCK",,Site of a Scottish musician.,,
174944,LOVE SICK,https://www.thisislovesick.com/,LOVE SICK,,,website,07/12/2022,False,Music,"MUSIC : INDIE, POP, ALTERNATIVE & ROCK",,Site of a Scottish band.,,
175705,Ancient Circle on Bandcamp,https://ancientcircle.bandcamp.com/,Ancient Circle,,,website,16/12/2022,False,Music,"MUSIC : INDIE, POP, ALTERNATIVE & ROCK",,Site of an alternative-indie band from Glasgow.,,
175726,Martha on Bandcamp,https://marthadiy.bandcamp.com/,Martha,,,website,19/12/2022,False,Music,"MUSIC : INDIE, POP, ALTERNATIVE & ROCK",,Site of an alternative-indie band based in Durham.,"Durham",
175964,Crawford Bell,https://www.crawfordbell.com/,Crawford Bell,,,website,04/01/2023,False,Music,MUSIC : COUNTRY,,,,
175982,Milvus Milvus,http://www.milvusmilvus.co.uk/,Milvus Milvus,,,website,04/01/2023,False,Music,"MUSIC : INDIE, POP, ALTERNATIVE & ROCK",,Site of an alternative-indie band based in Glasgow.,"Glasgow",
176018,Southern Tenant Folk Union,http://www.southerntenantfolkunion.com/,Southern Tenant Folk Union,Q16847261,https://www.wikidata.org/wiki/Q16847261,website,04/01/2023,False,Music,MUSIC : TRADITIONAL / FOLK,,Site of an Americana group based in Edinburgh.,"Edinburgh",
176146,Domiciles on Bandcamp,https://domiciles.bandcamp.com/,Domiciles,,,website,06/01/2023,False,Music,"MUSIC : INDIE, POP, ALTERNATIVE & ROCK",,"Site of an alternative-indie band from Dumfries, Dumfries & Galloway.",,
179531,V.C.O on Bandcamp,https://vcoband.bandcamp.com/,V.C.O.,Q131646363,https://www.wikidata.org/wiki/Q131646363,website,01/03/2023,False,Music,"MUSIC : INDIE, POP, ALTERNATIVE & ROCK",,Site of an alternative-indie band from Glasgow.,,
179719,Stockbridge Music Hub,https://www.musichub.uk/,Stockbridge Music Hub,,,website,03/03/2023,False,Music,MUSIC : VENUE,,"Site of a music venue in Stock Bridge Church, Edinburgh.","Edinburgh",
181994,Midnight Sun Weekender [Midnight Sun Festivals],https://www.midnightsunweekenderstornoway.com/,Midnight Sun Festivals,,,website,03/04/2023,False,Music,MUSIC : FESTIVAL,,"Site of a music festival staged in Stornoway, Isle of Lewis, Western Isles.","Stornoway, Isle of Lewis",
181995,Becky Sikasa,https://beckysikasa.com/,Becky Sikasa,,,website,03/04/2023,False,Music,"MUSIC : INDIE, POP, ALTERNATIVE & ROCK",,Site of a musician based in Scotland.,,
182006,Chamber Studio,https://www.chamberstudio.co.uk/,Chamber Studio,,,website,03/04/2023,False,Music,MUSIC : RECORDING STUDIO,,"Site of a recording studio in Granton, Edinburgh.","Edinburgh, Granton",
182007,Tommy Ashby on Bandcamp,https://tommyashby.bandcamp.com/,Tommy Ashby,,,website,03/04/2023,False,Music,"MUSIC : INDIE, POP, ALTERNATIVE & ROCK",,Site of a singer-songwriter and musician based in Scotland.,,
182147,David Heavenor,https://www.davidheavenormusic.com/,David Heavenor,,,website,05/04/2023,False,Music,"MUSIC : INDIE, POP, ALTERNATIVE & ROCK",,Site of a Scottish singer-songwriter and musician.,,
184424,Fright Years,https://www.frightyearsband.com/,Fright Years,,,website,01/05/2023,False,Music,"MUSIC : INDIE, POP, ALTERNATIVE & ROCK",,Site of a band from Edinburgh.,"Edinburgh",
184461,"Katuns, The",https://www.thekatuns.co.uk/,The Katuns,,,website,01/05/2023,False,Music,"MUSIC : INDIE, POP, ALTERNATIVE & ROCK",,"Site of an alternative-indie band from Livingston, West Lothian.","West Lothian, Livingston",
186445,Emma Dunlop on Bandcamp,https://emmadunlop.bandcamp.com/,Emma Dunlop,,,website,06/06/2023,False,Music,"MUSIC : INDIE, POP, ALTERNATIVE & ROCK",,Site of a Scottish singer-songwriter.,,
189352,Gallus [band],https://www.gallusareaband.co.uk/,Gallus [band],,,website,21/07/2023,False,Music,"MUSIC : INDIE, POP, ALTERNATIVE & ROCK",,,,
189398,Michael M on Bandcamp,https://michaelmisrubbish.bandcamp.com/,Michael M on Bandcamp,,,website,24/07/2023,False,Music,"MUSIC : INDIE, POP, ALTERNATIVE & ROCK",,,,
192349,BEAK,https://beak.bandcamp.com/,BEAK,,,website,05/09/2023,False,Music,"MUSIC : INDIE, POP, ALTERNATIVE & ROCK",,,,
192501,Cheerbleederz on Bandcamp,https://cheerbleederz.bandcamp.com/,Cheerbleederz on Bandcamp,,,website,06/09/2023,False,Music,"MUSIC : INDIE, POP, ALTERNATIVE & ROCK",,,,
192556,Crass on Bandcamp,https://crass.bandcamp.com/,Crass on Bandcamp,,,website,07/09/2023,False,Music,"MUSIC : INDIE, POP, ALTERNATIVE & ROCK",,,,
192559,Buzzcocks,https://www.buzzcocks.com/,Buzzcocks,,,website,07/09/2023,False,Music,"MUSIC : INDIE, POP, ALTERNATIVE & ROCK",,,,
192561,Cornershop,https://www.cornershop.com/,Cornershop,,,website,07/09/2023,False,Music,"MUSIC : INDIE, POP, ALTERNATIVE & ROCK",,,,
192671,Big Lanes on Bandcamp,https://biglanes.bandcamp.com/,Big Lanes on Bandcamp,,,website,11/09/2023,False,Music,"MUSIC : INDIE, POP, ALTERNATIVE & ROCK",,,,
192881,Goldfrapp,https://www.goldfrapp.com/,Goldfrapp,,,website,13/09/2023,False,Music,"MUSIC : INDIE, POP, ALTERNATIVE & ROCK",,,,
192882,Graham Coxon,https://www.grahamcoxon.co.uk/,Graham Coxon,,,website,13/09/2023,False,Music,"MUSIC : INDIE, POP, ALTERNATIVE & ROCK",,,,
192884,"Jam, The",https://www.thejamofficial.com/,"Jam, The",,,website,13/09/2023,False,Music,"MUSIC : INDIE, POP, ALTERNATIVE & ROCK",,,,
192885,Small Faces,https://www.thesmallfaces.com/,Small Faces,,,website,13/09/2023,False,Music,"MUSIC : INDIE, POP, ALTERNATIVE & ROCK",,,,
192887,Ray Davies,https://www.raydavies.info/,Ray Davies,,,website,13/09/2023,False,Music,"MUSIC : INDIE, POP, ALTERNATIVE & ROCK",,,,
192888,Led Zeppelin,https://www.ledzeppelin.com/,Led Zeppelin,,,website,13/09/2023,False,Music,"MUSIC : INDIE, POP, ALTERNATIVE & ROCK",,,,
192889,Robert Plant,https://www.robertplant.com/,Robert Plant,,,website,13/09/2023,False,Music,"MUSIC : INDIE, POP, ALTERNATIVE & ROCK",,,,
192891,John Bonham,https://johnbonham.co.uk/,John Bonham,,,website,13/09/2023,False,Music,"MUSIC : INDIE, POP, ALTERNATIVE & ROCK",,,,
192892,Blancmange,http://www.blancmange.co.uk/,Blancmange,,,website,13/09/2023,False,Music,"MUSIC : INDIE, POP, ALTERNATIVE & ROCK",,,,
192893,"Beat, The",https://thebeatofficial.com/,"Beat, The",,,website,13/09/2023,False,Music,"MUSIC : INDIE, POP, ALTERNATIVE & ROCK",,,,
192894,Basement Jaxx,https://www.basementjaxx.com/,Basement Jaxx,,,website,13/09/2023,False,Music,"MUSIC : INDIE, POP, ALTERNATIVE & ROCK",,,,
192895,Blur,https://www.blur.co.uk/,Blur,,,website,13/09/2023,False,Music,"MUSIC : INDIE, POP, ALTERNATIVE & ROCK",,,,
192898,Hawkwind,http://www.hawkwind.com/,Hawkwind,,,website,13/09/2023,False,Music,"MUSIC : INDIE, POP, ALTERNATIVE & ROCK",,,,
193008,"Specials, The",https://www.thespecials.com/,"Specials, The",,,website,14/09/2023,False,Music,"MUSIC : INDIE, POP, ALTERNATIVE & ROCK",,,,
193125,Madness,https://www.madness.co.uk/,Madness,,,website,15/09/2023,False,Music,"MUSIC : INDIE, POP, ALTERNATIVE & ROCK",,,,
193133,ONSIND,https://onsind.bandcamp.com/,ONSIND,,,website,15/09/2023,False,Music,"MUSIC : INDIE, POP, ALTERNATIVE & ROCK",,,,
193136,Carbon/Silicon,https://www.carbonsilicon.com/,Carbon/Silicon,,,website,15/09/2023,False,Music,"MUSIC : INDIE, POP, ALTERNATIVE & ROCK",,,,
193137,Jon Anderson,http://jonanderson.com/,Jon Anderson,,,website,15/09/2023,False,Music,"MUSIC : INDIE, POP, ALTERNATIVE & ROCK",,,,
193139,Kaiser Chiefs,http://kaiserchiefs.com/,Kaiser Chiefs,,,website,15/09/2023,False,Music,"MUSIC : INDIE, POP, ALTERNATIVE & ROCK",,,,
193140,Aphex Twin,https://aphextwin.warp.net/,Aphex Twin,,,website,15/09/2023,False,Music,"MUSIC : INDIE, POP, ALTERNATIVE & ROCK",,,,
193141,Jimmy Page,https://www.jimmypage.com/,Jimmy Page,,,website,15/09/2023,False,Music,"MUSIC : INDIE, POP, ALTERNATIVE & ROCK",,,,
193142,Luke Haines,http://lukehaines.co.uk/,Luke Haines,,,website,15/09/2023,False,Music,"MUSIC : INDIE, POP, ALTERNATIVE & ROCK",,,,
193143,Monochrome Set,http://www.themonochromeset.co.uk/,Monochrome Set,,,website,15/09/2023,False,Music,"MUSIC : INDIE, POP, ALTERNATIVE & ROCK",,,,
193500,Glenn Tilbrook,https://www.glenntilbrook.com/,Glenn Tilbrook,,,website,04/10/2023,False,Music,"MUSIC : INDIE, POP, ALTERNATIVE & ROCK",,,,
193502,Hugh Cornwall,http://www.hughcornwell.com/,Hugh Cornwall,,,website,04/10/2023,False,Music,"MUSIC : INDIE, POP, ALTERNATIVE & ROCK",,,,
193592,Bryan Ferry,https://bryanferry.com/,Bryan Ferry,,,website,04/10/2023,False,Music,"MUSIC : INDIE, POP, ALTERNATIVE & ROCK",,,,
193594,Stiff Little Fingers,https://slf.rocks/,Stiff Little Fingers,,,website,04/10/2023,False,Music,"MUSIC : INDIE, POP, ALTERNATIVE & ROCK",,,,
193596,Therapy?,https://therapyquestionmark.co.uk/,Therapy?,,,website,04/10/2023,False,Music,"MUSIC : INDIE, POP, ALTERNATIVE & ROCK",,,,
193605,Th' Faith Healers,https://www.thefaithhealers.com/,Th' Faith Healers,,,website,05/10/2023,False,Music,"MUSIC : INDIE, POP, ALTERNATIVE & ROCK",,,,
193608,Ultravox,http://www.ultravox.org.uk/,Ultravox,,,website,05/10/2023,False,Music,"MUSIC : INDIE, POP, ALTERNATIVE & ROCK",,,,
193614,"Smiths, The",http://www.officialsmiths.co.uk/,"Smiths, The",,,website,05/10/2023,False,Music,"MUSIC : INDIE, POP, ALTERNATIVE & ROCK",,,,
193619,Dave Gilmour,https://www.davidgilmour.com/,Dave Gilmour,,,website,05/10/2023,False,Music,"MUSIC : INDIE, POP, ALTERNATIVE & ROCK",,,,
193622,T. Rex,https://www.t-rex.co.uk/,T. Rex,,,website,05/10/2023,False,Music,"MUSIC : INDIE, POP, ALTERNATIVE & ROCK",,,,
194402,Casual Drag,https://casualdrag.com/,Casual Drag,,,website,18/10/2023,False,Music,"MUSIC : INDIE, POP, ALTERNATIVE & ROCK",,,,
194635,Kidney Flowers,https://www.thekidneyflowers.com/,Kidney Flowers,,,website,23/10/2023,False,Music,"MUSIC : INDIE, POP, ALTERNATIVE & ROCK",,,,
missing,Carlton Digital Recording Limited,http://www.carltonstudios.co.uk/,Carlton Digital Recording Limited,,,website,missing,False,Music,BUSINESS,SC146208,,,
missing,Green Door Studio,http://www.greendoorstudio.co.uk/,Green Door Studio,,,website,missing,False,Music,MUSIC,Recording,,,
missing,Monorail Music,http://www.monorailmusic.com/,Monorail Music,,,website,missing,False,Music,"MUSIC : INDIE, POP, ALTERNATIVE & ROCK",Added by Alice Doyle,,,
missing,Chemikal Underground Records,https://chemikal.co.uk/,Chemikal Underground Records,,,website,missing,False,Music,MUSIC : RECORD COMPANY,Added by Alice Doyle,,,
missing,Last Night From Glasgow,http://www.lastnightfromglasgow.com/,Last Night From Glasgow,,,website,missing,False,Music,MUSIC : RECORD COMPANY,Added by Alice Doyle,,,
missing,Rock Action Records,http://rockaction.co.uk/,Rock Action Records,,,website,missing,False,Music,MUSIC : RECORD COMPANY,Added by Alice Doyle,,,
missing,Rock Action,http://www.rockaction.co.uk/,Rock Action,,,website,missing,False,Music,MUSIC : RECORD COMPANY,Added by Alice Doyle,,,
missing,Chem 19,http://www.chem19.co.uk/,Chem 19,,,website,missing,False,Music,MUSIC : STUDIO,Recording,,,
missing,45 A-Side Recordings,http://www.45asiderecordings.co.uk/,45 A-Side Recordings,,,website,missing,False,Music,MUSIC : STUDIO,Added by Alice Doyle,,,
missing,Gorbals Sound Limited,http://www.gorbalssound.co.uk/,Gorbals Sound Limited,,,website,missing,False,Music,MUSIC : STUDIO,SC398014,,,
missing,Jocknroll Ain't Noise Pollution,https://jocknroll.wordpress.com/,Jocknroll Ain't Noise Pollution,,,website,missing,False,Music,MUSIC : WRITING,Added by Alice Doyle,,,
missing,Is this music? Independent sounds from Scotland,https://www.isthismusic.com/,Is this music? Independent sounds from Scotland,,,website,missing,False,Music,MUSIC : WRITING,Added by Alice Doyle,,,
missing,Inverness Fiddlers Society,https://www.invernessfiddlers.org/,Inverness Fiddlers Society,,,website,missing,False,Music,CHARITY,SC015759,,,IV2 4QR
missing,Dundee Chamber Music,http://www.dundeechambermusic.org.uk/,Dundee Chamber Music,,,website,missing,False,Music,MUSIC : ORCHESTRAS,Added by Beka Quayle,,,
missing,Dundee Symphony Orchestra,http://www.dundeesymphonyorchestra.org.uk/,Dundee Symphony Orchestra,,,website,missing,False,Music,MUSIC : ORCHESTRAS,Added by Beka Quayle,,,
missing,Dundee Review of the Arts (DURA),https://dura-dundee.org.uk/,Dundee Review of the Arts (DURA),,,website,missing,False,Music,"ARTS, ARTISTS, SOCIETIES, ETC",Added by Eilidh MacGlone,,,
missing,Hebrides Ensemble,https://www.hebridesensemble.com/,Hebrides Ensemble,,,website,missing,False,Music,CHARITY,Added by Eilidh MacGlone,,,
missing,Big sing,http://www.bigbigsing.org/,Big sing,,,website,missing,False,Music,MUSIC,Added by Eilidh MacGlone,,,
missing,Shona the Musical,http://www.shonathemusical.com/,Shona the Musical,,,website,missing,False,Music,MUSIC,Added by Eilidh MacGlone,,"Edinburgh",
missing,Chief Amu : Chief Minister of African Rhythm,https://www.chiefamu.com/,Chief Amu : Chief Minister of African Rhythm,,,website,missing,False,Music,MUSIC,Added by Eilidh MacGlone,,,
missing,Sonic Bothy,http://www.sonicbothy.co.uk/,Sonic Bothy,,,website,missing,False,Music,MUSIC,Added by Eilidh MacGlone,,,
missing,Còisir Ghàidhlig na Leargaidh Ghallda / Largs Gaelic Choir,http://largsgaelic.moonfruit.com/,Còisir Ghàidhlig na Leargaidh Ghallda / Largs Gaelic Choir,,,website,missing,False,Music,MUSIC : CHOIRS,Added by Eilidh MacGlone,,,
missing,Coisir Lunnainn / The London Gaelic Choir,http://www.coisirlunnainn.org.uk/,Coisir Lunnainn / The London Gaelic Choir,,,website,missing,False,Music,MUSIC : CHOIRS,Added by Eilidh MacGlone,,,
missing,Eddi Reader,http://www.eddireader.co.uk/,Eddi Reader,,,website,missing,False,Music,"MUSIC : INDIE, POP, ALTERNATIVE & ROCK",Added by Eilidh MacGlone,,,
missing,Wounded Knee [Drew Wright],http://www.iamwoundedknee.com/,Wounded Knee [Drew Wright],,,website,missing,False,Music,"MUSIC : INDIE, POP, ALTERNATIVE & ROCK",Added by Eilidh MacGlone,,,
missing,Alt Pibroch Club – Musical Materials,https://www.altpibroch.com/,Alt Pibroch Club – Musical Materials,,,website,missing,False,Music,MUSIC : PIPING,Added by Eilidh MacGlone,,,
missing,23Rd Precinct Music Limited,https://www.23rdprecinctmusic.org/,23Rd Precinct Music Limited,,,website,missing,False,Music,MUSIC : PUBLISHER,SC141810,,,
missing,Dick Gaughan's Website,http://www.dickgaughan.co.uk/,Dick Gaughan's Website,,,website,missing,False,Music,MUSIC : TRADITIONAL / FOLK,Added by Eilidh MacGlone,,,
missing,Kist o'dreams,http://www.kistodreams.org/,Kist o'dreams,,,website,missing,False,Music,MUSIC : TRADITIONAL / FOLK,Added by Eilidh MacGlone,,,
missing,Joy Dunlop,https://www.joydunlop.com/,Joy Dunlop,,,website,missing,False,Music,MUSIC : TRADITIONAL / FOLK,Added by Eilidh MacGlone,,,
missing,Grampian Ringing Group,http://grampianringing.blogspot.com/,Grampian Ringing Group,,,website,missing,False,Music,CHARITY,SC029534,,,AB41 6DW
missing,Grampian Ringing Group,http://grampianringing.blogspot.com/,Grampian Ringing Group,,,website,missing,False,Music,CHARITY,SC029534,,,AB41 6DW
missing,Music 4 U,http://m4u.org.uk/,Music 4 U,,,website,missing,False,Music,CHARITY,SC036995,,,AB24 5AA
missing,North East Of Scotland Music School Ltd,https://www.nesms.org.uk,North East Of Scotland Music School Ltd,,,website,missing,False,Music,CHARITY,SC000197,,,AB101TJ
missing,Bon Accord Silver Band,https://bonaccordband.org.uk/,Bon Accord Silver Band,,,website,missing,False,Music,MUSIC : BRASS BAND,Added by Emma Collins,,,
missing,Aberdeen Strathspey & Reel Society,http://www.aberdeenstrathspey.org.uk/,Aberdeen Strathspey & Reel Society,,,website,missing,False,Music,MUSIC : ORCHESTRAS,Added by Emma Collins,,,
missing,Newtonhill Pipe Band,http://www.newtonhillpipeband.co.uk/,Newtonhill Pipe Band,,,website,missing,False,Music,MUSIC : PIPING,SC041533,,,AB12 3RL
missing,Dunkeld and District Strathspey and Reel Society,https://www.dunkeldstrathspeyandreel.org/,Dunkeld and District Strathspey and Reel Society,,,website,missing,False,Music,CHARITY,SC009156,,,PH16 5QS
missing,Perth Cathedral Operatic Group,http://www.perthcog.co.uk/,Perth Cathedral Operatic Group,,,website,missing,False,Music,CHARITY,SC000193,,,PH1 3JJ
missing,RSCDS Perth and Perthshire Branch,http://www.rscds-perthandperthshire.com/,RSCDS Perth and Perthshire Branch,,,website,missing,False,Music,"DANCE, SCOTTISH COUNTRY",SC024464,,,PH1 3EF
missing,Perth Chamber Music Society,http://www.perthchambermusic.org.uk/,Perth Chamber Music Society,,,website,missing,False,Music,MUSIC : ORCHESTRAS,Added by Kirsty Fairweather,,,
missing,Perth & District Pipe Band,https://www.pdpb.scot/,Perth & District Pipe Band,,,website,missing,False,Music,MUSIC : PIPING,SC002641,,,PH2 6QQ
missing,Scottish Music Centre,http://www.scottishmusiccentre.com/,Scottish Music Centre,,,website,missing,False,Music,MUSIC,Added by National Library of Scotland,,,
missing,Erik Chisholm [1904-1965],http://www.erikchisholm.com/,Erik Chisholm [1904-1965],,,website,missing,False,Music,MUSIC,Added by Paul Cunnea,,,
missing,"Russkaya Cappella, Glasgow",http://www.russkayacappella.org/,"Russkaya Cappella, Glasgow",,,website,missing,False,Music,MUSIC : CHOIRS,Added by the British Library,,,
missing,Annie Lennox,https://www.annielennox.com/,Annie Lennox,,,website,missing,False,Music,"MUSIC : INDIE, POP, ALTERNATIVE & ROCK",Added by the British Library,,,
missing,Frightened Rabbit,https://www.frightenedrabbit.com/,Frightened Rabbit,,,website,missing,False,Music,"MUSIC : INDIE, POP, ALTERNATIVE & ROCK",Added by the British Library,,,
missing,Travis,https://www.travisonline.com/,Travis,,,website,missing,False,Music,"MUSIC : INDIE, POP, ALTERNATIVE & ROCK",Added by the British Library,,,
missing,Two Lochs Raidio / Rèidio dà Locha [Wester Ross Radio Ltd.],https://www.2lr.co.uk/,Two Lochs Raidio / Rèidio dà Locha [Wester Ross Radio Ltd.],,,website,missing,False,Music,RADIO,SC235969,,,
missing,Los Campesinos!,http://www.loscampesinos.com/,Los Campesinos!,,,website,missing,False,Music,"MUSIC : INDIE, POP, ALTERNATIVE & ROCK",Added by the National Library of Wales,,,
missing,Glasgow Sinfonia,https://sites.google.com/site/glasgowsinfonia/,Glasgow Sinfonia,,,website,missing,False,Music,MUSIC : ORCHESTRAS,Added by Thomas Flanagan,,,
missing,"St James the Less Church Choir, Penicuik, Scotland",http://www.stjamespenicuik.co.uk/,"St James the Less Church Choir, Penicuik, Scotland",,,website,missing,False,Music,MUSIC : CHOIRS,"See  St. James the Less, Penicuik",,,
missing,1st Bearsden Boys Brigade Pipe Band,https://www.1stbearsdenbb.org/,1st Bearsden Boys Brigade Pipe Band,,,website,missing,False,Music,MUSIC : PIPING,See 1st Bearsden Boys' Brigade,,,
missing,David Laing - Violinist,https://www.stringquartetglasgow.co.uk/,David Laing - Violinist,,,website,missing,False,Music,MUSIC : FUNCTION BAND,See Capella String Quartet,,,
missing,Ronnie Browne,http://www.corries.com/,Ronnie Browne,,,website,missing,False,Music,MUSIC : TRADITIONAL / FOLK,"See Corries, The",,,
missing,Edinburgh University Chorus,http://www.eums.org.uk/,Edinburgh University Chorus,,,website,missing,False,Music,MUSIC : ORCHESTRAS,See Edinburgh University Music Society,,"Edinburgh",
missing,Edinburgh University Symphony Orchestra,http://www.eums.org.uk,Edinburgh University Symphony Orchestra,,,website,missing,False,Music,MUSIC : ORCHESTRAS,See Edinburgh University Music Society,,"Edinburgh",
missing,"Frazer Mclellan Band, The",http://www.frazermclellan.com/,"Frazer Mclellan Band, The",,,website,missing,False,Music,MUSIC : TRADITIONAL / FOLK,See Frazer Mclellan,,,
missing,"Gorbals Community Choir, Glasgow, Scotland",http://www.givinitlaldie.org.uk/,"Gorbals Community Choir, Glasgow, Scotland",,,website,missing,False,Music,MUSIC : CHOIRS,See Givin' it Laldie,,"Glasgow",
missing,James Gillespie's High School Pipe Band,https://www.jamesgillespies.co.uk/,James Gillespie's High School Pipe Band,,,website,missing,False,Music,MUSIC : PIPING,See James Gillespie's High School,,,
missing,Ian Anderson,http://www.iananderson.com/,Ian Anderson,,,website,missing,False,Music,"MUSIC : INDIE, POP, ALTERNATIVE & ROCK",See Jethro Tull,,,
missing,Kings Own Scottish Borderers Pipe Band,https://www.kosb.co.uk/,Kings Own Scottish Borderers Pipe Band,,,website,missing,False,Music,MUSIC : PIPING,See King's Own Scottish Borderers,,,
missing,Robert Cassani and the Tickety-Two,https://robertocassani.com/,Robert Cassani and the Tickety-Two,,,website,missing,False,Music,"MUSIC : INDIE, POP, ALTERNATIVE & ROCK",See Robert Cassani,,,
missing,Robert Gordons College Pipe Band,https://www.rgc.aberdeen.sch.uk/,Robert Gordons College Pipe Band,,,website,missing,False,Music,MUSIC : PIPING,See Robert Gordon's College,,,
missing,Ross & Ryan Couper,https://rosscouper.bandcamp.com/releases,Ross & Ryan Couper,,,website,missing,False,Music,MUSIC : TRADITIONAL / FOLK,See Ross Couper on Bandcamp,,,
missing,Scottish Chamber Orchestra Chorus,http://www.sco.org.uk/,Scottish Chamber Orchestra Chorus,,,website,missing,False,Music,MUSIC : CHOIRS,See Scottish Chamber Orchestra Chorus,,,
missing,Highlander Music Ltd,http://www.scottishdance.webs.com/,Highlander Music Ltd,,,website,missing,False,Music,MUSIC : RECORD COMPANY,See Scottish Music & Dance,,,
missing,Scottish Opera Community Choir,https://www.scottishopera.org.uk/communitychoir,Scottish Opera Community Choir,,,website,missing,False,Music,MUSIC : CHOIRS,See Scottish Opera,,,
missing,Big Noise Douglas,http://makeabignoise.org.uk/,Big Noise Douglas,,,website,missing,False,Music,MUSIC,See Sistema Scotland,,,
missing,"Anti-Caking Agents, The",http://www.egomaniaenterprises.com/,"Anti-Caking Agents, The",,,website,missing,False,Music,"MUSIC : INDIE, POP, ALTERNATIVE & ROCK","See Spooks, The",,,
missing,"St, James the Less Church Penicuik Choir",http://stjamesthelesspenicuik.org/,"St, James the Less Church Penicuik Choir",,,website,missing,False,Music,MUSIC : CHOIRS,See St James the Less Penicuik,,,
missing,St. Ninian's Choir,http://www.stninians-edinburgh.org.uk,St. Ninian's Choir,,,website,missing,False,Music,MUSIC : CHOIRS,See St. Ninian's Edinburgh,,,
missing,Bigmouth Elba Limited,http://www.elbastudios.com/,Bigmouth Elba Limited,,,website,Website no longer available,False,Music,BUSINESS,SC505106,,,
missing,Peter Elliot Sound Ltd,http://www.peterelliotsound.com/,Peter Elliot Sound Ltd,,,website,Website no longer available,False,Music,BUSINESS,SC456385,,,
missing,National Music And Festival Trust,http://www.accordian-festival.com/,National Music And Festival Trust,,,website,Website no longer available,False,Music,CHARITY,SC031184,,,EH14 7BE
missing,Lossiemouth Folk Club,http://www.lossiefolkclub.co.uk/,Lossiemouth Folk Club,,,website,Website no longer available,False,Music,FESTIVAL,,,,
missing,Scottish Festival,http://www.scotfestival.com/,Scottish Festival,,,website,Website no longer available,False,Music,FESTIVAL,,,,
missing,Annie Christian,http://www.anniechristian.org/,Annie Christian,,,website,Website no longer available,False,Music,MUSIC,,,,
missing,Broad Communications Limited,http://www.broadproductions.co.uk/,Broad Communications Limited,,,website,Website no longer available,False,Music,MUSIC,SC137885,,,
missing,Christopher Belsey,http://www.chrisbelseymusic.co.uk/,Christopher Belsey,,,website,Website no longer available,False,Music,MUSIC,,,,
missing,Connect Music Complex,http://www.connectmusiccomplex.org/,Connect Music Complex,,,website,Website no longer available,False,Music,MUSIC,SC377633,,,
missing,David James Farquhar,https://davidjamesfarquhar.wordpress.com/,David James Farquhar,,,website,Website no longer available,False,Music,MUSIC,,,,
missing,Derek Wilson Audio Limited,http://www.derekwilsonaudio.com/,Derek Wilson Audio Limited,,,website,Website no longer available,False,Music,MUSIC,SC526789,,,
missing,Instie,http://www.instie.co.uk/,Instie,,,website,Website no longer available,False,Music,MUSIC,,,,
missing,NRC Entertainment Limited,http://www.nrc-entertainment.com/,NRC Entertainment Limited,,,website,Website no longer available,False,Music,MUSIC,SC680334,,,
missing,Peter Mylles,https://www.myllesarts.com/,Peter Mylles,,,website,Website no longer available,False,Music,MUSIC,,,,
missing,Ricky Donaldson,http://www.rickydonaldson.com/,Ricky Donaldson,,,website,Website no longer available,False,Music,MUSIC,,,,
missing,Symphonic Limited,http://www.symphonicsoft.com/,Symphonic Limited,,,website,Website no longer available,False,Music,MUSIC,SC169574,,,
missing,Transdata International Ltd.,http://www.transdata-inter.co.uk/,Transdata International Ltd.,,,website,Website no longer available,False,Music,MUSIC,SC189652,,,
missing,Trash Music Projects,http://trasharts.org/,Trash Music Projects,,,website,Website no longer available,False,Music,MUSIC,,,,
missing,Yana Media Ltd,http://www.yanamedia.com/,Yana Media Ltd,,,website,Website no longer available,False,Music,MUSIC,SC651020,,,
missing,Anna Douglas,http://annadouglass.co.uk/,Anna Douglas,,,website,Website no longer available,False,Music,MUSIC,,,,
missing,Gavin Cooper,http://www.gavin-cooper.co.uk/,Gavin Cooper,,,website,Website no longer available,False,Music,MUSIC,,,,
missing,Alecia Karr,http://www.aleciakarr.com/,Alecia Karr,,,website,Website no longer available,False,Music,MUSIC,,,,
missing,Lena Martell,http://www.lenamartell.co.uk/,Lena Martell,,,website,Website no longer available,False,Music,MUSIC,,,,
missing,Neil Dunnachie,http://www.neildunnachie.com/,Neil Dunnachie,,,website,Website no longer available,False,Music,MUSIC,,,,
missing,Quodlibet,http://www.quodlibetquartet.org.uk/,Quodlibet,,,website,Website no longer available,False,Music,MUSIC,,,,
missing,"Parsonage Choir, The",http://www.theparsonagechoir.com/,"Parsonage Choir, The",,,website,Website no longer available,False,Music,MUSIC,,,,
missing,Lucy Carolan,http://www.lucycarolan.co.uk/,Lucy Carolan,,,website,Website no longer available,False,Music,MUSIC,,,,
missing,Mhairi Lawson,http://www.mhairilawson.com/,Mhairi Lawson,,,website,Website no longer available,False,Music,MUSIC,,,,
missing,Nicola Wemyss [Mezzo-soprano],http://nicolawemyss.wix.com/sing/,Nicola Wemyss [Mezzo-soprano],,,website,Website no longer available,False,Music,MUSIC,,,,
missing,Paul Agnew [Tenor],http://www.agnewpaul.com/,Paul Agnew [Tenor],,,website,Website no longer available,False,Music,MUSIC,,,,
missing,Triplicity,http://www.triplicity.co.uk/,Triplicity,,,website,Website no longer available,False,Music,MUSIC,,,,
missing,Callan Marchetti,http://www.callanmarchetti.com/,Callan Marchetti,,,website,Website no longer available,False,Music,MUSIC,,,,
missing,Airdrie Argyle Accordion Band / Argyle Loyalists.,http://members.lycos.co.uk/airdrieargyle3/,Airdrie Argyle Accordion Band / Argyle Loyalists.,,,website,Website no longer available,False,Music,"MUSIC : ACCORDION BAND, LOYALIST",Political band,,,
missing,Danny Kelly,https://www.dannykellymusic.com/,Danny Kelly,,,website,Website no longer available,False,Music,"MUSIC : BAND/MUSICIAN, REPUBLICAN",Political band,,,
missing,Gary Og,http://www.garyog.com/,Gary Og,,,website,Website no longer available,False,Music,"MUSIC : BAND/MUSICIAN, REPUBLICAN",Political band,,,
missing,Tullis Russell Mills Band,http://ww6.trmb.co.uk/,Tullis Russell Mills Band,,,website,Website no longer available,False,Music,MUSIC : BRASS BAND,,,,
missing,Newtongrange Silver Band,http://www.newtongrangesilverband.com/,Newtongrange Silver Band,,,website,Website no longer available,False,Music,MUSIC : BRASS BAND,,,,
missing,Stirling Recorded Music Society [old],http://www.stirlingrms.org.uk/,Stirling Recorded Music Society [old],,,website,Website no longer available,False,Music,MUSIC : CHOIRS,,,,
missing,Edinburgh Choir,http://www.edinburgh-choir.com/,Edinburgh Choir,,,website,Website no longer available,False,Music,MUSIC : CHOIRS,,,"Edinburgh",
missing,"Falkirk Caledonia Choir, Falkirk",http://falkirkcaledoniachoir.webs.com/,"Falkirk Caledonia Choir, Falkirk",,,website,Website no longer available,False,Music,MUSIC : CHOIRS,,,,
missing,Gospel Truth Choir,http://www.thegospeltruthchoir.com/,Gospel Truth Choir,,,website,Website no longer available,False,Music,MUSIC : CHOIRS,,,,
missing,"Govan Citadel Songsters, Glasgow, Scotland",http://www.govansongsters.com/,"Govan Citadel Songsters, Glasgow, Scotland",,,website,Website no longer available,False,Music,MUSIC : CHOIRS,,,"Glasgow",
missing,"Kedron Singers, Glasgow",http://kedronsingers.wordpress.com/,"Kedron Singers, Glasgow",,,website,Website no longer available,False,Music,MUSIC : CHOIRS,,,,
missing,"Kirkintilloch Ladies Choir, nr Glasgow",http://www.kirkyladieschoir.ik.com/,"Kirkintilloch Ladies Choir, nr Glasgow",,,website,Website no longer available,False,Music,MUSIC : CHOIRS,,,,
missing,Lothian Gaelic Choir [freewebs],http://www.lothiangaelicchoir.freeserve.co.uk/,Lothian Gaelic Choir [freewebs],,,website,Website no longer available,False,Music,MUSIC : CHOIRS,,,,
missing,"midge, Edinburgh",http://www.acappellamidge.com/,"midge, Edinburgh",,,website,Website no longer available,False,Music,MUSIC : CHOIRS,,,"Edinburgh",
missing,"Monifieth Singers, Monifieth, Dundee",http://www.monifiethsingers.com/,"Monifieth Singers, Monifieth, Dundee",,,website,Website no longer available,False,Music,MUSIC : CHOIRS,,,,
missing,Perth Barbershop Singers,http://www.perthbarbershopsingers.org.uk/,Perth Barbershop Singers,,,website,Website no longer available,False,Music,MUSIC : CHOIRS,,,,
missing,Scottish Police & Community Choir [old],http://www.scottishpolicechoir.com/,Scottish Police & Community Choir [old],,,website,Website no longer available,False,Music,MUSIC : CHOIRS,,,,
missing,Stirling Gaelic Choir  [old],http://www.stirlinggaelicchoir.org.uk/,Stirling Gaelic Choir  [old],,,website,Website no longer available,False,Music,MUSIC : CHOIRS,,,,
missing,"Vocal Edge Choir, Edinburgh",http://www.vocaledgechoir.co.uk/,"Vocal Edge Choir, Edinburgh",,,website,Website no longer available,False,Music,MUSIC : CHOIRS,,,"Edinburgh",
missing,"Vocal Fusion, Glasgow",http://www.vocalfusion.org.uk/,"Vocal Fusion, Glasgow",,,website,Website no longer available,False,Music,MUSIC : CHOIRS,,,,
missing,Aberdeen Youth Festival Choir,http://www.aberdeenyouthchoir.com/,Aberdeen Youth Festival Choir,,,website,Website no longer available,False,Music,MUSIC : CHOIRS,,,,
missing,Deeside Choristers,http://deeside-choristers.org.uk/,Deeside Choristers,,,website,Website no longer available,False,Music,MUSIC : CHOIRS,,,,
missing,Edinburgh Grand Opera [old],http://www.edinburghgrandopera.com/,Edinburgh Grand Opera [old],,,website,Website no longer available,False,Music,MUSIC : CHOIRS,,,"Edinburgh",
missing,Harmony21,http://www.harmony21.org/,Harmony21,,,website,Website no longer available,False,Music,MUSIC : CHOIRS,,,,
missing,Kilmarnock and District Choral Union [1],http://kilmarnockchoral.org.uk/,Kilmarnock and District Choral Union [1],,,website,Website no longer available,False,Music,MUSIC : CHOIRS,,,,
missing,Kilmarnock and District Choral Union [2],http://KDCU.org.uk/,Kilmarnock and District Choral Union [2],,,website,Website no longer available,False,Music,MUSIC : CHOIRS,,,,
missing,Phoenix Singers of Edinburgh,http://www.phoenixedin.com/,Phoenix Singers of Edinburgh,,,website,Website no longer available,False,Music,MUSIC : CHOIRS,,,"Edinburgh",
missing,Tartan Harmony,http://www.tartanharmony.com/,Tartan Harmony,,,website,Website no longer available,False,Music,MUSIC : CHOIRS,,,,
missing,Wild Myrtles,http://www.thewildmyrtles.com/,Wild Myrtles,,,website,Website no longer available,False,Music,MUSIC : CHOIRS,,,,
missing,Dumfries Jazz Clamjamfrie,http://www.dumfriesjazz.com/,Dumfries Jazz Clamjamfrie,,,website,Website no longer available,False,Music,MUSIC : FESTIVAL,,,,
missing,Bellshill Protestant Boys Flute Band,http://www.bpbfb.co.uk/,Bellshill Protestant Boys Flute Band,,,website,Website no longer available,False,Music,MUSIC : FLUTE BAND : LOYALIST,Political band,,,
missing,Clyde Valley Flute Band (Drumchapel),https://www.clydevalleyflyers.com/,Clyde Valley Flute Band (Drumchapel),,,website,Website no longer available,False,Music,MUSIC : FLUTE BAND : LOYALIST,Political band,,,
missing,County Flute Band,http://www.countyfluteband.co.uk/,County Flute Band,,,website,Website no longer available,False,Music,MUSIC : FLUTE BAND : LOYALIST,Political band,,,
missing,Glasgow Rangers Accordion Band,https://rangersaccband.webs.com/,Glasgow Rangers Accordion Band,,,website,Website no longer available,False,Music,MUSIC : FLUTE BAND : LOYALIST,Political band,,,
missing,"Greengairs Thistle Flute Band, The",http://www.greengairsthistle.com/,"Greengairs Thistle Flute Band, The",,,website,Website no longer available,False,Music,MUSIC : FLUTE BAND : LOYALIST,Political band,,,
missing,Lesmahagow Loyalists Flute Band Scotland.,http://homepage.ntlworld.com/barry.smith8/new%20band%20site/,Lesmahagow Loyalists Flute Band Scotland.,,,website,Website no longer available,False,Music,MUSIC : FLUTE BAND : LOYALIST,Political band,,,
missing,"Lily of the Valley Flute Band Coatbridge, Scotland.",http://www.lilyfluteband.co.uk,"Lily of the Valley Flute Band Coatbridge, Scotland.",,,website,Website no longer available,False,Music,MUSIC : FLUTE BAND : LOYALIST,Political band,,,
missing,"Newmains Loyalist Flute Band Lanarkshire, Scotland.",http://newmainsloyalistsfb.homestead.com/homepage.html,"Newmains Loyalist Flute Band Lanarkshire, Scotland.",,,website,Website no longer available,False,Music,MUSIC : FLUTE BAND : LOYALIST,Political band,,,
missing,Pride of Clarkston Flute Band,http://www.prideofclarkston.co.uk/,Pride of Clarkston Flute Band,,,website,Website no longer available,False,Music,MUSIC : FLUTE BAND : LOYALIST,Political band,,,
missing,Prince William's Young Defenders Flute Band Scotland.,http://www.princewilliamsyoungdefenders.co.uk/,Prince William's Young Defenders Flute Band Scotland.,,,website,Website no longer available,False,Music,MUSIC : FLUTE BAND : LOYALIST,Political band,,,
missing,"Sandy Road Flute Band Renfrew, Scotland.",http://www.sandyroadfb.homestead.com,"Sandy Road Flute Band Renfrew, Scotland.",,,website,Website no longer available,False,Music,MUSIC : FLUTE BAND : LOYALIST,Political band,,,
missing,Sons Of Ulster Flute Band Glasgow.,http://www.noelkinnersoufb.co.uk/,Sons Of Ulster Flute Band Glasgow.,,,website,Website no longer available,False,Music,MUSIC : FLUTE BAND : LOYALIST,Political band,,,
missing,"Stevie McCrea Memorial Flute Band Dundee, Scotland.",http://www32.brinkster.com/dundeeflute/,"Stevie McCrea Memorial Flute Band Dundee, Scotland.",,,website,Website no longer available,False,Music,MUSIC : FLUTE BAND : LOYALIST,Political band,,"Dundee",
missing,West End Loyalists Flute Band Glasgow.,http://www.westendloyalistsfb.homestead.com/,West End Loyalists Flute Band Glasgow.,,,website,Website no longer available,False,Music,MUSIC : FLUTE BAND : LOYALIST,Political band,,,
missing,"Whitburn Flute Band West Lothian, Scotland.",http://www.whitburnfluteband.freeservers.com/,"Whitburn Flute Band West Lothian, Scotland.",,,website,Website no longer available,False,Music,MUSIC : FLUTE BAND : LOYALIST,Political band,,,
missing,"Flute Band News, The",http://www.theflutebandnews.coms.ph/,"Flute Band News, The",,,website,Website no longer available,False,Music,MUSIC : FLUTE BAND : LOYALIST ; NEWS,Political band,,,
missing,Cairde na hÉireann,http://www.cairdenaheireann.info/,Cairde na hÉireann,,,website,Website no longer available,False,Music,MUSIC : FLUTE BAND : REPUBLICAN,Political band,,,
missing,Fidra Ceilidh Band & Disco,http://www.ceilidhdisco.com/,Fidra Ceilidh Band & Disco,,,website,Website no longer available,False,Music,MUSIC : FUNCTION BAND,,,,
missing,Slinky,http://slinkyonline.co.uk/,Slinky,,,website,Website no longer available,False,Music,MUSIC : FUNCTION BAND,,,,
missing,Alfa Fnk,https://www.alfafnk.co.uk/,Alfa Fnk,,,website,Website no longer available,False,Music,MUSIC : FUNCTION BAND,,,,
missing,Andrew Merry,http://www.andrewmerry.co.uk/,Andrew Merry,,,website,Website no longer available,False,Music,MUSIC : FUNCTION BAND,,,,
missing,Catherine Ward,https://www.catherinewardmusic.com/,Catherine Ward,,,website,Website no longer available,False,Music,MUSIC : FUNCTION BAND,,,,
missing,Dancing With Giants,http://www.dancingwithgiants.co.uk/,Dancing With Giants,,,website,Website no longer available,False,Music,MUSIC : FUNCTION BAND,,,,
missing,FC Ukulele,http://www.fcukulele.com/,FC Ukulele,,,website,Website no longer available,False,Music,MUSIC : FUNCTION BAND,,,,
missing,Hell For Leather,http://www.hellforleatherband.com/,Hell For Leather,,,website,Website no longer available,False,Music,MUSIC : FUNCTION BAND,,,,
missing,"House Band, The",http://www.weddingbandsglasgow.com/,"House Band, The",,,website,Website no longer available,False,Music,MUSIC : FUNCTION BAND,,,,
missing,Mixed Company,http://www.mixedcompanyband.uk/,Mixed Company,,,website,Website no longer available,False,Music,MUSIC : FUNCTION BAND,,,,
missing,Santadelica,http://santadelica.co.uk/,Santadelica,,,website,Website no longer available,False,Music,MUSIC : FUNCTION BAND,,,,
missing,"Soundtrax, The",https://www.thesoundtrax.com/,"Soundtrax, The",,,website,Website no longer available,False,Music,MUSIC : FUNCTION BAND,,,,
missing,Fortebeat,http://www.fortebeat.com/,Fortebeat,,,website,Website no longer available,False,Music,MUSIC : FUNCTION BAND,,,,
missing,"Kuil, The",http://www.kuil.scot/,"Kuil, The",,,website,Website no longer available,False,Music,MUSIC : FUNCTION BAND,,,,
missing,Scottish Post Punk,http://www.scottishpost-punk.com/,Scottish Post Punk,,,website,Website no longer available,False,Music,MUSIC : HISTORY,,,,
missing,Love and Money,http://loveandmoneyofficial.com/,Love and Money,,,website,Website no longer available,False,Music,"MUSIC : INDIE, POP, ALTERNATIVE & ROCK",,,,
missing,13 Crowes,https://www.13crowes.com/,13 Crowes,,,website,Website no longer available,False,Music,"MUSIC : INDIE, POP, ALTERNATIVE & ROCK",,,,
missing,1990s (band),http://www.1990s.tv/,1990s (band),,,website,Website no longer available,False,Music,"MUSIC : INDIE, POP, ALTERNATIVE & ROCK",,,,
missing,Adam Stafford,http://www.adam-stafford.co.uk/,Adam Stafford,,,website,Website no longer available,False,Music,"MUSIC : INDIE, POP, ALTERNATIVE & ROCK",,,,
missing,Ainslie Henderson,http://www.ainsliemusic.com/,Ainslie Henderson,,,website,Website no longer available,False,Music,"MUSIC : INDIE, POP, ALTERNATIVE & ROCK",,,,
missing,Alan Tennie,http://www.alantennie.com/,Alan Tennie,,,website,Website no longer available,False,Music,"MUSIC : INDIE, POP, ALTERNATIVE & ROCK",,,,
missing,Amplifico,http://www.amplifico.net/,Amplifico,,,website,Website no longer available,False,Music,"MUSIC : INDIE, POP, ALTERNATIVE & ROCK",,,,
missing,Andy Duguid,http://www.andyduguidofficial.com/,Andy Duguid,,,website,Website no longer available,False,Music,"MUSIC : INDIE, POP, ALTERNATIVE & ROCK",,,,
missing,ÅsA,http://www.asaweb.co.uk/,ÅsA,,,website,Website no longer available,False,Music,"MUSIC : INDIE, POP, ALTERNATIVE & ROCK",,,,
missing,Binary Zero,http://www.binaryzero.co.uk/,Binary Zero,,,website,Website no longer available,False,Music,"MUSIC : INDIE, POP, ALTERNATIVE & ROCK",,,,
missing,Boards of Canada,http://www.boardsofcanada.com/,Boards of Canada,,,website,Website no longer available,False,Music,"MUSIC : INDIE, POP, ALTERNATIVE & ROCK",,,,
missing,Bossy Love,https://www.bossylove.com/,Bossy Love,,,website,Website no longer available,False,Music,"MUSIC : INDIE, POP, ALTERNATIVE & ROCK",,,,
missing,Chris Adams [old],http://www.chrisadams.tv/,Chris Adams [old],,,website,Website no longer available,False,Music,"MUSIC : INDIE, POP, ALTERNATIVE & ROCK",,,,
missing,Chuchoter,https://www.chuchotermusic.com/,Chuchoter,,,website,Website no longer available,False,Music,"MUSIC : INDIE, POP, ALTERNATIVE & ROCK",,,,
missing,"Cinematics, The",http://www.thecinematics.com/,"Cinematics, The",,,website,Website no longer available,False,Music,"MUSIC : INDIE, POP, ALTERNATIVE & ROCK",,,,
missing,Clouds (60s rock band),http://www.cloudsmusic.com/,Clouds (60s rock band),,,website,Website no longer available,False,Music,"MUSIC : INDIE, POP, ALTERNATIVE & ROCK",,,,
missing,Codeine Velvet Club,http://www.codeinevelvetclub.com/,Codeine Velvet Club,,,website,Website no longer available,False,Music,"MUSIC : INDIE, POP, ALTERNATIVE & ROCK",,,,
missing,Cosmic Rough Riders,http://www.cosmicroughriders.com/,Cosmic Rough Riders,,,website,Website no longer available,False,Music,"MUSIC : INDIE, POP, ALTERNATIVE & ROCK",,,,
missing,Dananananaykroyd,http://www.dananananaykroyd.co.uk/,Dananananaykroyd,,,website,Website no longer available,False,Music,"MUSIC : INDIE, POP, ALTERNATIVE & ROCK",,,,
missing,Dananananaykroyd,http://www.dananananaykroyd.co.uk/,Dananananaykroyd,,,website,Website no longer available,False,Music,"MUSIC : INDIE, POP, ALTERNATIVE & ROCK",,,,
missing,Dananananaykroyd,http://www.dananananaykroyd.co.uk/,Dananananaykroyd,,,website,Website no longer available,False,Music,"MUSIC : INDIE, POP, ALTERNATIVE & ROCK",,,,
missing,Dananananaykroyd,http://www.dananananaykroyd.co.uk/,Dananananaykroyd,,,website,Website no longer available,False,Music,"MUSIC : INDIE, POP, ALTERNATIVE & ROCK",,,,
missing,Desalvo (band),http://www.desalvo.co.uk/,Desalvo (band),,,website,Website no longer available,False,Music,"MUSIC : INDIE, POP, ALTERNATIVE & ROCK",,,,
missing,Dogtooth,http://dogtoothofficial.com/,Dogtooth,,,website,Website no longer available,False,Music,"MUSIC : INDIE, POP, ALTERNATIVE & ROCK",,,,
missing,"Donaldson, Moir and Paterson",http://www.dmpmusic.co.uk/,"Donaldson, Moir and Paterson",,,website,Website no longer available,False,Music,"MUSIC : INDIE, POP, ALTERNATIVE & ROCK",,,,
missing,"Dreaming (Scottish band), The",http://www.tinderbox-music.co.uk/,"Dreaming (Scottish band), The",,,website,Website no longer available,False,Music,"MUSIC : INDIE, POP, ALTERNATIVE & ROCK",,,,
missing,Drive-By Argument,http://www.drivebyargument.co.uk/,Drive-By Argument,,,website,Website no longer available,False,Music,"MUSIC : INDIE, POP, ALTERNATIVE & ROCK",,,,
missing,Eamonn Holmes Has No Holme,http://www.eamonnholmeshasnoholme.co.uk/,Eamonn Holmes Has No Holme,,,website,Website no longer available,False,Music,"MUSIC : INDIE, POP, ALTERNATIVE & ROCK",,,,
missing,El Mafrex,http://www.elmafrex.com/,El Mafrex,,,website,Website no longer available,False,Music,"MUSIC : INDIE, POP, ALTERNATIVE & ROCK",,,,
missing,El Presidente (band),http://www.el-presidente.co.uk/,El Presidente (band),,,website,Website no longer available,False,Music,"MUSIC : INDIE, POP, ALTERNATIVE & ROCK",,,,
missing,Finger Halo,http://www.fingerhalo.com/,Finger Halo,,,website,Website no longer available,False,Music,"MUSIC : INDIE, POP, ALTERNATIVE & ROCK",,,,
missing,Found (band),http://foundtheband.com/,Found (band),,,website,Website no longer available,False,Music,"MUSIC : INDIE, POP, ALTERNATIVE & ROCK",,,,
missing,Future Get Down,http://www.futuregetdown.com/,Future Get Down,,,website,Website no longer available,False,Music,"MUSIC : INDIE, POP, ALTERNATIVE & ROCK",,,,
missing,Ganger (band),http://www.ganger.co.uk/,Ganger (band),,,website,Website no longer available,False,Music,"MUSIC : INDIE, POP, ALTERNATIVE & ROCK",,,,
missing,Hector Bizerk,http://www.hectorbizerk.com/,Hector Bizerk,,,website,Website no longer available,False,Music,"MUSIC : INDIE, POP, ALTERNATIVE & ROCK",,,,
missing,"Hedrons, The",http://www.thehedrons.com/,"Hedrons, The",,,website,Website no longer available,False,Music,"MUSIC : INDIE, POP, ALTERNATIVE & ROCK",,,,
missing,Hobotalk,http://www.hobotalk.com/,Hobotalk,,,website,Website no longer available,False,Music,"MUSIC : INDIE, POP, ALTERNATIVE & ROCK",,,,
missing,Hugh Reed and the Velvet Underpants,http://www.hughreed.co.uk/,Hugh Reed and the Velvet Underpants,,,website,Website no longer available,False,Music,"MUSIC : INDIE, POP, ALTERNATIVE & ROCK",,,,
missing,Ili,http://thisisili.com/,Ili,,,website,Website no longer available,False,Music,"MUSIC : INDIE, POP, ALTERNATIVE & ROCK",,,,
missing,Jackie Leven,http://www.jackie-leven.com/,Jackie Leven,,,website,Website no longer available,False,Music,"MUSIC : INDIE, POP, ALTERNATIVE & ROCK",,,,
missing,Jill Lorean [aka Jill O'Sullivan],http://www.jilllorean.com/,Jill Lorean [aka Jill O'Sullivan],,,website,Website no longer available,False,Music,"MUSIC : INDIE, POP, ALTERNATIVE & ROCK",,,,
missing,John Wills,http://johnwills.co.uk/,John Wills,,,website,Website no longer available,False,Music,"MUSIC : INDIE, POP, ALTERNATIVE & ROCK",,,,
missing,Jon Campbell,http://www.thetimefrequency.com/,Jon Campbell,,,website,Website no longer available,False,Music,"MUSIC : INDIE, POP, ALTERNATIVE & ROCK",,,,
missing,Karel Fialka,http://karelfialka.com/,Karel Fialka,,,website,Website no longer available,False,Music,"MUSIC : INDIE, POP, ALTERNATIVE & ROCK",,,,
missing,Kasama,http://kasama.band/,Kasama,,,website,Website no longer available,False,Music,"MUSIC : INDIE, POP, ALTERNATIVE & ROCK",,,,
missing,Koolkid Music Limited [Ryan Lawrie],http://koolkidofficial.com/,Koolkid Music Limited [Ryan Lawrie],,,website,Website no longer available,False,Music,"MUSIC : INDIE, POP, ALTERNATIVE & ROCK",SC645198,,,
missing,"Law, The",http://www.thelawmusic.com/,"Law, The",,,website,Website no longer available,False,Music,"MUSIC : INDIE, POP, ALTERNATIVE & ROCK",,,,
missing,Liquid Funktion Ltd,http://www.liquidfunktion.com/,Liquid Funktion Ltd,,,website,Website no longer available,False,Music,"MUSIC : INDIE, POP, ALTERNATIVE & ROCK",SC624743,,,
missing,Little Doses,http://littledoses.com/,Little Doses,,,website,Website no longer available,False,Music,"MUSIC : INDIE, POP, ALTERNATIVE & ROCK",,,,
missing,Logan,http://www.logan-net.com/,Logan,,,website,Website no longer available,False,Music,"MUSIC : INDIE, POP, ALTERNATIVE & ROCK",,,,
missing,Maeve O'Boyle,http://maeveoboyle.com/,Maeve O'Boyle,,,website,Website no longer available,False,Music,"MUSIC : INDIE, POP, ALTERNATIVE & ROCK",,,,
missing,Makethisrelate,http://www.makethisrelate.co.uk/,Makethisrelate,,,website,Website no longer available,False,Music,"MUSIC : INDIE, POP, ALTERNATIVE & ROCK",,,,
missing,"Martians (band), The",http://www.themartians.co.uk/,"Martians (band), The",,,website,Website no longer available,False,Music,"MUSIC : INDIE, POP, ALTERNATIVE & ROCK",,,,
missing,Metaltech (band),http://www.metaltech.me/,Metaltech (band),,,website,Website no longer available,False,Music,"MUSIC : INDIE, POP, ALTERNATIVE & ROCK",,,,
missing,Monica Queen,http://www.monicaqueen.co.uk/,Monica Queen,,,website,Website no longer available,False,Music,"MUSIC : INDIE, POP, ALTERNATIVE & ROCK",,,,
missing,My Latest Novel,http://www.mylatestnovel.com/,My Latest Novel,,,website,Website no longer available,False,Music,"MUSIC : INDIE, POP, ALTERNATIVE & ROCK",,,,
missing,Mylo,http://www.mylo.tv/,Mylo,,,website,Website no longer available,False,Music,"MUSIC : INDIE, POP, ALTERNATIVE & ROCK",,,,
missing,Pronto Mama,http://www.prontomama.com/,Pronto Mama,,,website,Website no longer available,False,Music,"MUSIC : INDIE, POP, ALTERNATIVE & ROCK",,,,
missing,Quickbeam,http://.www.quickbeammusic.com/,Quickbeam,,,website,Website no longer available,False,Music,"MUSIC : INDIE, POP, ALTERNATIVE & ROCK",,,,
missing,Randan Limited,http://www.horse-randan.com/,Randan Limited,,,website,Website no longer available,False,Music,"MUSIC : INDIE, POP, ALTERNATIVE & ROCK",SC201978,,,
missing,"Reindeer Section, The",http://www.reindeersection.co.uk/,"Reindeer Section, The",,,website,Website no longer available,False,Music,"MUSIC : INDIE, POP, ALTERNATIVE & ROCK",,,,
missing,Roy's Iron DNA,http://www.roysirondna.co.uk/,Roy's Iron DNA,,,website,Website no longer available,False,Music,"MUSIC : INDIE, POP, ALTERNATIVE & ROCK",,,,
missing,Saint Jude's Infirmary #2,http://www.saintjudesinfirmary.com/,Saint Jude's Infirmary #2,,,website,Website no longer available,False,Music,"MUSIC : INDIE, POP, ALTERNATIVE & ROCK",,,,
missing,Sluts of Trust,http://www.slutsoftrust.co.uk/,Sluts of Trust,,,website,Website no longer available,False,Music,"MUSIC : INDIE, POP, ALTERNATIVE & ROCK",,,,
missing,"Spooks, The [old]",http://www.thespooks.co.uk/,"Spooks, The [old]",,,website,Website no longer available,False,Music,"MUSIC : INDIE, POP, ALTERNATIVE & ROCK",,,,
missing,Swamptrash,http://www.swamptrash.co.uk/,Swamptrash,,,website,Website no longer available,False,Music,"MUSIC : INDIE, POP, ALTERNATIVE & ROCK",,,,
missing,Tenement Records,http://www.tenementrecords.com/,Tenement Records,,,website,Website no longer available,False,Music,"MUSIC : INDIE, POP, ALTERNATIVE & ROCK",Recording,,,
missing,Tim Clarke,http://littleroots.com/,Tim Clarke,,,website,Website no longer available,False,Music,"MUSIC : INDIE, POP, ALTERNATIVE & ROCK",,,,
missing,Universal Thee,http://www.universalthee.com/,Universal Thee,,,website,Website no longer available,False,Music,"MUSIC : INDIE, POP, ALTERNATIVE & ROCK",,,,
missing,"View, The",http://www.theviewareonfire.com/,"View, The",,,website,Website no longer available,False,Music,"MUSIC : INDIE, POP, ALTERNATIVE & ROCK",,,,
missing,Viking Galaxy,http://www.vikinggalaxy.co.uk/,Viking Galaxy,,,website,Website no longer available,False,Music,"MUSIC : INDIE, POP, ALTERNATIVE & ROCK",,,,
missing,We Are the Physics,http://www.wearethephysics.com/,We Are the Physics,,,website,Website no longer available,False,Music,"MUSIC : INDIE, POP, ALTERNATIVE & ROCK",,,,
missing,We See Lights,http://weseelights.co.uk/,We See Lights,,,website,Website no longer available,False,Music,"MUSIC : INDIE, POP, ALTERNATIVE & ROCK",,,,
missing,Weekend Debt [old],http://www.weekenddebt.com/,Weekend Debt [old],,,website,Website no longer available,False,Music,"MUSIC : INDIE, POP, ALTERNATIVE & ROCK",,,,
missing,Won Mississippi,http://www.wonmississippi.moonfruit.com/,Won Mississippi,,,website,Website no longer available,False,Music,"MUSIC : INDIE, POP, ALTERNATIVE & ROCK",,,,
missing,Conquering Animal Sound,http://conqueringanimalsound.co.uk/,Conquering Animal Sound,,,website,Website no longer available,False,Music,"MUSIC : INDIE, POP, ALTERNATIVE & ROCK",,,,
missing,Lady North,http://ladynorth.com/,Lady North,,,website,Website no longer available,False,Music,"MUSIC : INDIE, POP, ALTERNATIVE & ROCK",,,,
missing,Best Girl Athlete,https://bestgirlathlete.wordpress.com/,Best Girl Athlete,,,website,Website no longer available,False,Music,"MUSIC : INDIE, POP, ALTERNATIVE & ROCK",,,,
missing,White,http://www.calledwhite.com/,White,,,website,Website no longer available,False,Music,"MUSIC : INDIE, POP, ALTERNATIVE & ROCK",,,,
missing,Art of Privilege,http://www.artofprivilege.com/,Art of Privilege,,,website,Website no longer available,False,Music,"MUSIC : INDIE, POP, ALTERNATIVE & ROCK",,,,
missing,Cash From Chaos,http://www.cash-from-chaos.com/,Cash From Chaos,,,website,Website no longer available,False,Music,"MUSIC : INDIE, POP, ALTERNATIVE & ROCK",,,,
missing,Dead Fiction,http://www.deadfiction.co.uk/,Dead Fiction,,,website,Website no longer available,False,Music,"MUSIC : INDIE, POP, ALTERNATIVE & ROCK",,,,
missing,Death by Ambition,http://www.deathbyambition.com/,Death by Ambition,,,website,Website no longer available,False,Music,"MUSIC : INDIE, POP, ALTERNATIVE & ROCK",,,,
missing,Debrasco,http://www.debrasco.com/,Debrasco,,,website,Website no longer available,False,Music,"MUSIC : INDIE, POP, ALTERNATIVE & ROCK",,,,
missing,"Dicksons, The",http://www.thedicksonsmusic.co.uk/,"Dicksons, The",,,website,Website no longer available,False,Music,"MUSIC : INDIE, POP, ALTERNATIVE & ROCK",,,,
missing,Gridline,http://www.gridlineband.com/,Gridline,,,website,Website no longer available,False,Music,"MUSIC : INDIE, POP, ALTERNATIVE & ROCK",,,,
missing,How To Kill A Zombie,http://howtokillazombie.co.uk/,How To Kill A Zombie,,,website,Website no longer available,False,Music,"MUSIC : INDIE, POP, ALTERNATIVE & ROCK",,,,
missing,"Label, The",http://www.thelabel.band/,"Label, The",,,website,Website no longer available,False,Music,"MUSIC : INDIE, POP, ALTERNATIVE & ROCK",,,,
missing,LaFleur,https://www.lafleurband.com/,LaFleur,,,website,Website no longer available,False,Music,"MUSIC : INDIE, POP, ALTERNATIVE & ROCK",,,,
missing,"Mona Lisas , The",http://www.themonalisasband.net/,"Mona Lisas , The",,,website,Website no longer available,False,Music,"MUSIC : INDIE, POP, ALTERNATIVE & ROCK",,,,
missing,"Rising Souls, The",http://therisingsouls.com/,"Rising Souls, The",,,website,Website no longer available,False,Music,"MUSIC : INDIE, POP, ALTERNATIVE & ROCK",,,,
missing,Solid State,http://www.solidstateband.net/,Solid State,,,website,Website no longer available,False,Music,"MUSIC : INDIE, POP, ALTERNATIVE & ROCK",,,,
missing,Suited And Booted,http://www.suitedandbooted.net/,Suited And Booted,,,website,Website no longer available,False,Music,"MUSIC : INDIE, POP, ALTERNATIVE & ROCK",,,,
missing,Under Wraps,http://www.underwrapsband.co.uk/,Under Wraps,,,website,Website no longer available,False,Music,"MUSIC : INDIE, POP, ALTERNATIVE & ROCK",,,,
missing,"Windows, The",http://www.thewindowsrockband.com/,"Windows, The",,,website,Website no longer available,False,Music,"MUSIC : INDIE, POP, ALTERNATIVE & ROCK",,,,
missing,Barstow Bats,http://www.barstowbats.com/,Barstow Bats,,,website,Website no longer available,False,Music,"MUSIC : INDIE, POP, ALTERNATIVE & ROCK",,,,
missing,Cavalcades,https://www.cavalcades.org/,Cavalcades,,,website,Website no longer available,False,Music,"MUSIC : INDIE, POP, ALTERNATIVE & ROCK",,,,
missing,Craig Duncan & The Outlaws,http://www.craigduncanandtheoutlaws.com/,Craig Duncan & The Outlaws,,,website,Website no longer available,False,Music,"MUSIC : INDIE, POP, ALTERNATIVE & ROCK",,,,
missing,Fifteen Dead,http://www.fifteendead.co.uk/,Fifteen Dead,,,website,Website no longer available,False,Music,"MUSIC : INDIE, POP, ALTERNATIVE & ROCK",,,,
missing,"Filthy Tongues, The",http://www.thefilthytongues.com/,"Filthy Tongues, The",,,website,Website no longer available,False,Music,"MUSIC : INDIE, POP, ALTERNATIVE & ROCK",,,,
missing,Jaar of Nezborlan,http://www.umbah.com/,Jaar of Nezborlan,,,website,Website no longer available,False,Music,"MUSIC : INDIE, POP, ALTERNATIVE & ROCK",,,,
missing,"Jagged Violet, The",http://www.thejaggedviolet.co.uk/,"Jagged Violet, The",,,website,Website no longer available,False,Music,"MUSIC : INDIE, POP, ALTERNATIVE & ROCK",,,,
missing,Jemma Tweedie,http://jemmatweedie.com/,Jemma Tweedie,,,website,Website no longer available,False,Music,"MUSIC : INDIE, POP, ALTERNATIVE & ROCK",,,,
missing,Kilmory Day Trip,http://www.kilmorydaytrip.com/,Kilmory Day Trip,,,website,Website no longer available,False,Music,"MUSIC : INDIE, POP, ALTERNATIVE & ROCK",,,,
missing,King Kobalt,http://www.kingkobalt.com/,King Kobalt,,,website,Website no longer available,False,Music,"MUSIC : INDIE, POP, ALTERNATIVE & ROCK",,,,
missing,Libby Thompson,http://www.blockthewind.com/,Libby Thompson,,,website,Website no longer available,False,Music,"MUSIC : INDIE, POP, ALTERNATIVE & ROCK",,,,
missing,"Little Mill Of Happiness, The",http://www.tlmoh.com/,"Little Mill Of Happiness, The",,,website,Website no longer available,False,Music,"MUSIC : INDIE, POP, ALTERNATIVE & ROCK",,,,
missing,Oh! Paulo,https://ohpaulo.com/,Oh! Paulo,,,website,Website no longer available,False,Music,"MUSIC : INDIE, POP, ALTERNATIVE & ROCK",,,,
missing,OH!RIO,http://ohrioband.com/,OH!RIO,,,website,Website no longer available,False,Music,"MUSIC : INDIE, POP, ALTERNATIVE & ROCK",,,,
missing,Ransom Crew,https://ransomcrew.com/,Ransom Crew,,,website,Website no longer available,False,Music,"MUSIC : INDIE, POP, ALTERNATIVE & ROCK",,,,
missing,Semperfi,http://www.semperfiofficial.com/,Semperfi,,,website,Website no longer available,False,Music,"MUSIC : INDIE, POP, ALTERNATIVE & ROCK",,,,
missing,Sherbethead,http://thesherbethead.com/,Sherbethead,,,website,Website no longer available,False,Music,"MUSIC : INDIE, POP, ALTERNATIVE & ROCK",,,,
missing,Silhouettes,http://wearesilhouettes.co.uk/,Silhouettes,,,website,Website no longer available,False,Music,"MUSIC : INDIE, POP, ALTERNATIVE & ROCK",,,,
missing,Tanuki,https://www.tanukimusic.com/,Tanuki,,,website,Website no longer available,False,Music,"MUSIC : INDIE, POP, ALTERNATIVE & ROCK",,,,
missing,Tenaya,http://tenayamusic.com/,Tenaya,,,website,Website no longer available,False,Music,"MUSIC : INDIE, POP, ALTERNATIVE & ROCK",,,,
missing,Tettix,https://tettix.net/,Tettix,,,website,Website no longer available,False,Music,"MUSIC : INDIE, POP, ALTERNATIVE & ROCK",,,,
missing,Thee Manual Labour,http://theemanuallabour.com/,Thee Manual Labour,,,website,Website no longer available,False,Music,"MUSIC : INDIE, POP, ALTERNATIVE & ROCK",,,,
missing,Backwater,http://www.backwater-quo.com/,Backwater,,,website,Website no longer available,False,Music,"MUSIC : INDIE, POP, ALTERNATIVE & ROCK",,,,
missing,One Direction Tribute Band,http://www.1directiontribute.com/,One Direction Tribute Band,,,website,Website no longer available,False,Music,"MUSIC : INDIE, POP, ALTERNATIVE & ROCK",,,,
missing,ScotSoul,http://www.scotsoul.com/,ScotSoul,,,website,Website no longer available,False,Music,"MUSIC : INDIE, POP, ALTERNATIVE & ROCK",,,,
missing,Akolayd,http://www.akolayd.co.uk/,Akolayd,,,website,Website no longer available,False,Music,"MUSIC : INDIE, POP, ALTERNATIVE & ROCK",,,,
missing,Balcony Scene,http://www.abalconyscene.com/,Balcony Scene,,,website,Website no longer available,False,Music,"MUSIC : INDIE, POP, ALTERNATIVE & ROCK",,,,
missing,Barefoot,http://www.barefoot-online.co.uk/,Barefoot,,,website,Website no longer available,False,Music,"MUSIC : INDIE, POP, ALTERNATIVE & ROCK",,,,
missing,Barry Price Music,http://www.barrypricemusic.co.uk/,Barry Price Music,,,website,Website no longer available,False,Music,"MUSIC : INDIE, POP, ALTERNATIVE & ROCK",,,,
missing,Benign Myth,http://www.Benign-Myth.tk/,Benign Myth,,,website,Website no longer available,False,Music,"MUSIC : INDIE, POP, ALTERNATIVE & ROCK",,,,
missing,Bladdered,http://www.bladdered.net/,Bladdered,,,website,Website no longer available,False,Music,"MUSIC : INDIE, POP, ALTERNATIVE & ROCK",,,,
missing,Blue Dubh,http://www.bluedubh.co.uk/,Blue Dubh,,,website,Website no longer available,False,Music,"MUSIC : INDIE, POP, ALTERNATIVE & ROCK",,,,
missing,Cabal,https://cabalrocks.webs.com/,Cabal,,,website,Website no longer available,False,Music,"MUSIC : INDIE, POP, ALTERNATIVE & ROCK",,,,
missing,"Carnival, The",http://www.thecarnivalrock.com/,"Carnival, The",,,website,Website no longer available,False,Music,"MUSIC : INDIE, POP, ALTERNATIVE & ROCK",,,,
missing,"Cool Jerks, The",http://www.thecooljerks.net/,"Cool Jerks, The",,,website,Website no longer available,False,Music,"MUSIC : INDIE, POP, ALTERNATIVE & ROCK",,,,
missing,"Cut Throat Razors, The",http://www.thecutthroatrazors.com/,"Cut Throat Razors, The",,,website,Website no longer available,False,Music,"MUSIC : INDIE, POP, ALTERNATIVE & ROCK",,,,
missing,Daco Sepali,http://www.dacosepali.co.uk/,Daco Sepali,,,website,Website no longer available,False,Music,"MUSIC : INDIE, POP, ALTERNATIVE & ROCK",,,,
missing,Dead Boy Robotics,http://www.deadboyrobotics.com/,Dead Boy Robotics,,,website,Website no longer available,False,Music,"MUSIC : INDIE, POP, ALTERNATIVE & ROCK",,,,
missing,Dead Neighbours,http://www.permanentsleep.com/,Dead Neighbours,,,website,Website no longer available,False,Music,"MUSIC : INDIE, POP, ALTERNATIVE & ROCK",,,,
missing,Ecofela,http://www.echofela.com/,Ecofela,,,website,Website no longer available,False,Music,"MUSIC : INDIE, POP, ALTERNATIVE & ROCK",,,,
missing,Esperanza,http://www.esperanzaska.com/,Esperanza,,,website,Website no longer available,False,Music,"MUSIC : INDIE, POP, ALTERNATIVE & ROCK",,,,
missing,"Funky Bumpers, The",http://www.funkybumpers.com/,"Funky Bumpers, The",,,website,Website no longer available,False,Music,"MUSIC : INDIE, POP, ALTERNATIVE & ROCK",,,,
missing,Genetik Blueprint,http://www.genetikblueprint.com/,Genetik Blueprint,,,website,Website no longer available,False,Music,"MUSIC : INDIE, POP, ALTERNATIVE & ROCK",,,,
missing,I Stand Alone,http://www.istandalone.co.uk,I Stand Alone,,,website,Website no longer available,False,Music,"MUSIC : INDIE, POP, ALTERNATIVE & ROCK",,,,
missing,Jo Jo Coke,http://www.jojocoke.com/,Jo Jo Coke,,,website,Website no longer available,False,Music,"MUSIC : INDIE, POP, ALTERNATIVE & ROCK",,,,
missing,Kalamazoo,http://www.zoosound.co.uk/,Kalamazoo,,,website,Website no longer available,False,Music,"MUSIC : INDIE, POP, ALTERNATIVE & ROCK",,,,
missing,"Krimson, The",http://www.thekrimson.com/,"Krimson, The",,,website,Website no longer available,False,Music,"MUSIC : INDIE, POP, ALTERNATIVE & ROCK",,,,
missing,Locosea,http://www.locosea.com/,Locosea,,,website,Website no longer available,False,Music,"MUSIC : INDIE, POP, ALTERNATIVE & ROCK",,,,
missing,Mixmaster General,http://www.musicofkidaudio.com/,Mixmaster General,,,website,Website no longer available,False,Music,"MUSIC : INDIE, POP, ALTERNATIVE & ROCK",,,,
missing,NU2,http://www.nu2.info/,NU2,,,website,Website no longer available,False,Music,"MUSIC : INDIE, POP, ALTERNATIVE & ROCK",,,,
missing,Orchestra Macaroon,http://www.orchestramacaroon.com/,Orchestra Macaroon,,,website,Website no longer available,False,Music,"MUSIC : INDIE, POP, ALTERNATIVE & ROCK",,,,
missing,Pablo Escobar,http://www.pabloescobar.co.uk/,Pablo Escobar,,,website,Website no longer available,False,Music,"MUSIC : INDIE, POP, ALTERNATIVE & ROCK",,,,
missing,Pistol Star,http://www.pistolstar.co.uk/,Pistol Star,,,website,Website no longer available,False,Music,"MUSIC : INDIE, POP, ALTERNATIVE & ROCK",,,,
missing,Plan B [music],http://www.planbuk.tk/,Plan B [music],,,website,Website no longer available,False,Music,"MUSIC : INDIE, POP, ALTERNATIVE & ROCK",,,,
missing,"Punchline is Murder, The",http://www.thepunchlineismurder.co.uk/,"Punchline is Murder, The",,,website,Website no longer available,False,Music,"MUSIC : INDIE, POP, ALTERNATIVE & ROCK",,,,
missing,Rabid Dogs,http://www.rabiddogs.co.uk/,Rabid Dogs,,,website,Website no longer available,False,Music,"MUSIC : INDIE, POP, ALTERNATIVE & ROCK",,,,
missing,Sea Bass Kid,http://www.seabasskid.org/,Sea Bass Kid,,,website,Website no longer available,False,Music,"MUSIC : INDIE, POP, ALTERNATIVE & ROCK",,,,
missing,Shatterhand,http://www.shatterhand.co.uk/,Shatterhand,,,website,Website no longer available,False,Music,"MUSIC : INDIE, POP, ALTERNATIVE & ROCK",,,,
missing,Sleeper Train,http://www.sleepertrainmusic.com/,Sleeper Train,,,website,Website no longer available,False,Music,"MUSIC : INDIE, POP, ALTERNATIVE & ROCK",,,,
missing,Soul Starr,http://www.soulstarr.co.uk/,Soul Starr,,,website,Website no longer available,False,Music,"MUSIC : INDIE, POP, ALTERNATIVE & ROCK",,,,
missing,Starsail,http://www.starsail.freeserve.co.uk/,Starsail,,,website,Website no longer available,False,Music,"MUSIC : INDIE, POP, ALTERNATIVE & ROCK",,,,
missing,Stillife,http://www.stillife.co.uk/,Stillife,,,website,Website no longer available,False,Music,"MUSIC : INDIE, POP, ALTERNATIVE & ROCK",,,,
missing,Thomas Leer #3,http://www.thomasleer.selfip.com/,Thomas Leer #3,,,website,Website no longer available,False,Music,"MUSIC : INDIE, POP, ALTERNATIVE & ROCK",,,,
missing,Thomas Leer #4,http://leer.noip.me/,Thomas Leer #4,,,website,Website no longer available,False,Music,"MUSIC : INDIE, POP, ALTERNATIVE & ROCK",,,,
missing,Through the Wall,http://www.throughthewall.co.uk/,Through the Wall,,,website,Website no longer available,False,Music,"MUSIC : INDIE, POP, ALTERNATIVE & ROCK",,,,
missing,Turtlehead,http://www.turtlehead.tk/,Turtlehead,,,website,Website no longer available,False,Music,"MUSIC : INDIE, POP, ALTERNATIVE & ROCK",,,,
missing,MRW44,http://www.mrw44.co.uk/,MRW44,,,website,Website no longer available,False,Music,"MUSIC : INDIE, POP, ALTERNATIVE & ROCK",,,,
missing,Teenage Fanclub [old],http://www.teenagefanclub.co.uk/,Teenage Fanclub [old],,,website,Website no longer available,False,Music,"MUSIC : INDIE, POP, ALTERNATIVE & ROCK",,,,
missing,AVAERA,https://www.avaeraband.com/,AVAERA,,,website,Website no longer available,False,Music,"MUSIC : INDIE, POP, ALTERNATIVE & ROCK",,,,
missing,chizu nnamdi,http://chizuanucha.com/,chizu nnamdi,,,website,Website no longer available,False,Music,"MUSIC : INDIE, POP, ALTERNATIVE & ROCK",,,,
missing,Garrison,https://www.garrisonband.com/,Garrison,,,website,Website no longer available,False,Music,"MUSIC : INDIE, POP, ALTERNATIVE & ROCK",,,,
missing,Loki [Darren McGarvey],http://www.mrloki.co.uk/,Loki [Darren McGarvey],,,website,Website no longer available,False,Music,"MUSIC : INDIE, POP, ALTERNATIVE & ROCK",,,,
missing,Lonehead,http://www.lonehead.com/,Lonehead,,,website,Website no longer available,False,Music,"MUSIC : INDIE, POP, ALTERNATIVE & ROCK",,,,
missing,Robbie Hutton,http://www.robbiehutton.com/,Robbie Hutton,,,website,Website no longer available,False,Music,"MUSIC : INDIE, POP, ALTERNATIVE & ROCK",,,,
missing,Girobabies,http://thegirobabies.com/,Girobabies,,,website,Website no longer available,False,Music,"MUSIC : INDIE, POP, ALTERNATIVE & ROCK",,,,
missing,Joe Bone & The Dark Vibes,http://joebone.wixsite.com/jbonedv/,Joe Bone & The Dark Vibes,,,website,Website no longer available,False,Music,"MUSIC : INDIE, POP, ALTERNATIVE & ROCK",,,,
missing,Roy Møller,http://www.roymoller.com/,Roy Møller,,,website,Website no longer available,False,Music,"MUSIC : INDIE, POP, ALTERNATIVE & ROCK",,,,
missing,Voicex,http://www.voicex.space/,Voicex,,,website,Website no longer available,False,Music,"MUSIC : INDIE, POP, ALTERNATIVE & ROCK",,,,
missing,Aames,http://aamesband.com/,Aames,,,website,Website no longer available,False,Music,"MUSIC : INDIE, POP, ALTERNATIVE & ROCK",,,,
missing,"Abrahams, The",http://www.theabrahams.co.uk/,"Abrahams, The",,,website,Website no longer available,False,Music,"MUSIC : INDIE, POP, ALTERNATIVE & ROCK",,,,
missing,ac acoustics ,http://www.acacoustics.co.uk/,ac acoustics ,,,website,Website no longer available,False,Music,"MUSIC : INDIE, POP, ALTERNATIVE & ROCK",,,,
missing,"Accelerators, The",http://www.the-accelerators.co.uk/,"Accelerators, The",,,website,Website no longer available,False,Music,"MUSIC : INDIE, POP, ALTERNATIVE & ROCK",,,,
missing,Action Spectacular,http://www.actionspectacular.co.uk/,Action Spectacular,,,website,Website no longer available,False,Music,"MUSIC : INDIE, POP, ALTERNATIVE & ROCK",,,,
missing,ADHD,http://www.adhdshit.cjb.net/,ADHD,,,website,Website no longer available,False,Music,"MUSIC : INDIE, POP, ALTERNATIVE & ROCK",,,,
missing,"Ads, The",http://www.theadsmusic.com/,"Ads, The",,,website,Website no longer available,False,Music,"MUSIC : INDIE, POP, ALTERNATIVE & ROCK",,,,
missing,Aerogramme,http://www.aereogramme.co.uk/,Aerogramme,,,website,Website no longer available,False,Music,"MUSIC : INDIE, POP, ALTERNATIVE & ROCK",,,,
missing,Aether Flux,http://www.aetherflux.co.uk/,Aether Flux,,,website,Website no longer available,False,Music,"MUSIC : INDIE, POP, ALTERNATIVE & ROCK",,,,
missing,Aether ,http://www.aetheronline.co.uk/,Aether ,,,website,Website no longer available,False,Music,"MUSIC : INDIE, POP, ALTERNATIVE & ROCK",,,,
missing,"Aforementioned, The",http://www.theaforementioned.tk/,"Aforementioned, The",,,website,Website no longer available,False,Music,"MUSIC : INDIE, POP, ALTERNATIVE & ROCK",,,,
missing,After The Troops Leave,http://www.afterthetroopsleave.com/,After The Troops Leave,,,website,Website no longer available,False,Music,"MUSIC : INDIE, POP, ALTERNATIVE & ROCK",,,,
missing,Aieris,http://www.aieris.co.uk/,Aieris,,,website,Website no longer available,False,Music,"MUSIC : INDIE, POP, ALTERNATIVE & ROCK",,,,
missing,Alan Elmslie  ,http://www.alanemslie.com/,Alan Elmslie  ,,,website,Website no longer available,False,Music,"MUSIC : INDIE, POP, ALTERNATIVE & ROCK",,,,
missing,Alex Lowe,http://www.12ftwide.net/,Alex Lowe,,,website,Website no longer available,False,Music,"MUSIC : INDIE, POP, ALTERNATIVE & ROCK",,,,
missing,Alex Ray    ,http://www.alexray.cjb.net/,Alex Ray    ,,,website,Website no longer available,False,Music,"MUSIC : INDIE, POP, ALTERNATIVE & ROCK",,,,
missing,Alkahounds,http://www.alkahounds.co.uk/,Alkahounds,,,website,Website no longer available,False,Music,"MUSIC : INDIE, POP, ALTERNATIVE & ROCK",,,,
missing,"Alpachinos, The",http://www.thealpacinos.com/,"Alpachinos, The",,,website,Website no longer available,False,Music,"MUSIC : INDIE, POP, ALTERNATIVE & ROCK",,,,
missing,Ambajack,http://www.ambajack.com/,Ambajack,,,website,Website no longer available,False,Music,"MUSIC : INDIE, POP, ALTERNATIVE & ROCK",,,,
missing,Amoebic,http://www.amoebic.co.uk/,Amoebic,,,website,Website no longer available,False,Music,"MUSIC : INDIE, POP, ALTERNATIVE & ROCK",,,,
missing,Ancient Monsters,http://www.ancientmonsters.8m.com/,Ancient Monsters,,,website,Website no longer available,False,Music,"MUSIC : INDIE, POP, ALTERNATIVE & ROCK",,,,
missing,Angulus,http://www.angulus.co.uk/,Angulus,,,website,Website no longer available,False,Music,"MUSIC : INDIE, POP, ALTERNATIVE & ROCK",,,,
missing,"Aphrodisiacs, The",http://www.theaphrodisiacs.150m.com/home.htm,"Aphrodisiacs, The",,,website,Website no longer available,False,Music,"MUSIC : INDIE, POP, ALTERNATIVE & ROCK",,,,
missing,"Apparells, The",http://www.theapparells.com/,"Apparells, The",,,website,Website no longer available,False,Music,"MUSIC : INDIE, POP, ALTERNATIVE & ROCK",,,,
missing,Appendix Out ,http://www.appendixout.freeserve.co.uk/,Appendix Out ,,,website,Website no longer available,False,Music,"MUSIC : INDIE, POP, ALTERNATIVE & ROCK",,,,
missing,Arab Strap,http://www.arabstrap.co.uk/,Arab Strap,,,website,Website no longer available,False,Music,"MUSIC : INDIE, POP, ALTERNATIVE & ROCK",,,,
missing,Arabus   ,http://www.arabus.co.uk/,Arabus   ,,,website,Website no longer available,False,Music,"MUSIC : INDIE, POP, ALTERNATIVE & ROCK",,,,
missing,Arabus [old],http://www.arabus.net/,Arabus [old],,,website,Website no longer available,False,Music,"MUSIC : INDIE, POP, ALTERNATIVE & ROCK",,,,
missing,Arran Arctic,http://www.arranarctic.com/,Arran Arctic,,,website,Website no longer available,False,Music,"MUSIC : INDIE, POP, ALTERNATIVE & ROCK",,,,
missing,Astrid  ,http://www.astridhq.co.uk/,Astrid  ,,,website,Website no longer available,False,Music,"MUSIC : INDIE, POP, ALTERNATIVE & ROCK",,,,
missing,Attic Lights    ,http://www.atticlights.co.uk/,Attic Lights    ,,,website,Website no longer available,False,Music,"MUSIC : INDIE, POP, ALTERNATIVE & ROCK",,,,
missing,Audioline   ,http://www.theaudioline.com/,Audioline   ,,,website,Website no longer available,False,Music,"MUSIC : INDIE, POP, ALTERNATIVE & ROCK",,,,
missing,"AudioPool, The",http://www.theaudiopool.com/,"AudioPool, The",,,website,Website no longer available,False,Music,"MUSIC : INDIE, POP, ALTERNATIVE & ROCK",,,,
missing,August81  ,http://www.august81.com/,August81  ,,,website,Website no longer available,False,Music,"MUSIC : INDIE, POP, ALTERNATIVE & ROCK",,,,
missing,"Autumn, The",http://theautumn.tk/,"Autumn, The",,,website,Website no longer available,False,Music,"MUSIC : INDIE, POP, ALTERNATIVE & ROCK",,,,
missing,Aviator Shades  ,http://www.aviatorshades.co.uk/,Aviator Shades  ,,,website,Website no longer available,False,Music,"MUSIC : INDIE, POP, ALTERNATIVE & ROCK",,,,
missing,Ayr United,http://mouthmoth.go.to/,Ayr United,,,website,Website no longer available,False,Music,"MUSIC : INDIE, POP, ALTERNATIVE & ROCK",,,"Ayr",
missing,Azzurri,http://www.azzuri.info/,Azzurri,,,website,Website no longer available,False,Music,"MUSIC : INDIE, POP, ALTERNATIVE & ROCK",,,,
missing,Babacool ,http://www.babacool.co.uk/,Babacool ,,,website,Website no longer available,False,Music,"MUSIC : INDIE, POP, ALTERNATIVE & ROCK",,,,
missing,Ballistic Thom ,http://www.ballisticthom.cjb.net/,Ballistic Thom ,,,website,Website no longer available,False,Music,"MUSIC : INDIE, POP, ALTERNATIVE & ROCK",,,,
missing,Barrichello  ,http://www.barrichello.co.uk/,Barrichello  ,,,website,Website no longer available,False,Music,"MUSIC : INDIE, POP, ALTERNATIVE & ROCK",,,,
missing,Battalion of Flies ,http://www.battalionofflies.com/,Battalion of Flies ,,,website,Website no longer available,False,Music,"MUSIC : INDIE, POP, ALTERNATIVE & ROCK",,,,
missing,"Belgranos, The",http://www.thebelgranos.com/,"Belgranos, The",,,website,Website no longer available,False,Music,"MUSIC : INDIE, POP, ALTERNATIVE & ROCK",,,,
missing,"Berd, The",http://www.theberd.com/,"Berd, The",,,website,Website no longer available,False,Music,"MUSIC : INDIE, POP, ALTERNATIVE & ROCK",,,,
missing,Berry Tweed and The Chasers,http://www.berrytweed.com/,Berry Tweed and The Chasers,,,website,Website no longer available,False,Music,"MUSIC : INDIE, POP, ALTERNATIVE & ROCK",,,,
missing,Birdhead,http://www.birdhead.co.uk/,Birdhead,,,website,Website no longer available,False,Music,"MUSIC : INDIE, POP, ALTERNATIVE & ROCK",,,,
missing,Black Kama   ,http://www.blackkama.com/,Black Kama   ,,,website,Website no longer available,False,Music,"MUSIC : INDIE, POP, ALTERNATIVE & ROCK",,,,
missing,"Blimp, The",http://theblimp.tripod.com/,"Blimp, The",,,website,Website no longer available,False,Music,"MUSIC : INDIE, POP, ALTERNATIVE & ROCK",,,,
missing,Blind Pew    ,http://www.blindpew.com/,Blind Pew    ,,,website,Website no longer available,False,Music,"MUSIC : INDIE, POP, ALTERNATIVE & ROCK",,,,
missing,Blood Relatives,http://www.blood-relatives.com/,Blood Relatives,,,website,Website no longer available,False,Music,"MUSIC : INDIE, POP, ALTERNATIVE & ROCK",,,,
missing,Blues ‘n’ Trouble,http://www.bluesntrouble.co.uk/,Blues ‘n’ Trouble,,,website,Website no longer available,False,Music,"MUSIC : INDIE, POP, ALTERNATIVE & ROCK",,,,
missing,Bob Cuba,http://www.bobcuba.com/,Bob Cuba,,,website,Website no longer available,False,Music,"MUSIC : INDIE, POP, ALTERNATIVE & ROCK",,,,
missing,Boogaloo Investigators ,http://www.boogalooinvestigators.co.uk/,Boogaloo Investigators ,,,website,Website no longer available,False,Music,"MUSIC : INDIE, POP, ALTERNATIVE & ROCK",,,,
missing,Boomerhauer  ,http://www.boomhaueronline.co.uk/,Boomerhauer  ,,,website,Website no longer available,False,Music,"MUSIC : INDIE, POP, ALTERNATIVE & ROCK",,,,
missing,"Boris, The",http://www.theboris.co.uk/,"Boris, The",,,website,Website no longer available,False,Music,"MUSIC : INDIE, POP, ALTERNATIVE & ROCK",,,,
missing,BossStar   ,http://www.boss-star.cjb.net/,BossStar   ,,,website,Website no longer available,False,Music,"MUSIC : INDIE, POP, ALTERNATIVE & ROCK",,,,
missing,"Breeze, The",http://thebreeze.virtualave.net/,"Breeze, The",,,website,Website no longer available,False,Music,"MUSIC : INDIE, POP, ALTERNATIVE & ROCK",,,,
missing,"Breeze, The",http://thebreeze.virtualave.net/,"Breeze, The",,,website,Website no longer available,False,Music,"MUSIC : INDIE, POP, ALTERNATIVE & ROCK",,,,
missing,Brodie  ,http://www.brodieonline.co.uk/,Brodie  ,,,website,Website no longer available,False,Music,"MUSIC : INDIE, POP, ALTERNATIVE & ROCK",,,,
missing,Brutal Goose ,http://www.brutal.goose.btinternet.co.uk/,Brutal Goose ,,,website,Website no longer available,False,Music,"MUSIC : INDIE, POP, ALTERNATIVE & ROCK",,,,
missing,Bubblecraft ,http://www.bubblecraft.com/,Bubblecraft ,,,website,Website no longer available,False,Music,"MUSIC : INDIE, POP, ALTERNATIVE & ROCK",,,,
missing,Butcher Boy,http://butcher-boy.co.uk/,Butcher Boy,,,website,Website no longer available,False,Music,"MUSIC : INDIE, POP, ALTERNATIVE & ROCK",,,,
missing,"Caine Rooms, The",http://www.thecainerooms.com/,"Caine Rooms, The",,,website,Website no longer available,False,Music,"MUSIC : INDIE, POP, ALTERNATIVE & ROCK",,,,
missing,Candlelands  ,http://www.candlelands.com/,Candlelands  ,,,website,Website no longer available,False,Music,"MUSIC : INDIE, POP, ALTERNATIVE & ROCK",,,,
missing,Cannon,http://www.cannonmusic.co.uk/,Cannon,,,website,Website no longer available,False,Music,"MUSIC : INDIE, POP, ALTERNATIVE & ROCK",,,,
missing,Carnations  ,http://www.cayto.com/,Carnations  ,,,website,Website no longer available,False,Music,"MUSIC : INDIE, POP, ALTERNATIVE & ROCK",,,,
missing,Castaway   ,http://www.castaway.me.uk/,Castaway   ,,,website,Website no longer available,False,Music,"MUSIC : INDIE, POP, ALTERNATIVE & ROCK",,,,
missing,Casual Sex,https://www.soundofcasualsex.com/,Casual Sex,,,website,Website no longer available,False,Music,"MUSIC : INDIE, POP, ALTERNATIVE & ROCK",,,,
missing,Catherine O'Halloran Band ,http://www.catherinesings.co.uk/,Catherine O'Halloran Band ,,,website,Website no longer available,False,Music,"MUSIC : INDIE, POP, ALTERNATIVE & ROCK",,,,
missing,Chao:Sphere ,http://www.chaosphereuk.com/,Chao:Sphere ,,,website,Website no longer available,False,Music,"MUSIC : INDIE, POP, ALTERNATIVE & ROCK",,,,
missing,"Chaos Theory, The",http://www.thechaostheory.4t.com/,"Chaos Theory, The",,,website,Website no longer available,False,Music,"MUSIC : INDIE, POP, ALTERNATIVE & ROCK",,,,
missing,Chapman ,http://www.thechapmanwebsite.com,Chapman ,,,website,Website no longer available,False,Music,"MUSIC : INDIE, POP, ALTERNATIVE & ROCK",,,,
missing,Chase Saturn   ,http://www.chasesaturn.pwp.blueyonder.co.uk/,Chase Saturn   ,,,website,Website no longer available,False,Music,"MUSIC : INDIE, POP, ALTERNATIVE & ROCK",,,,
missing,Cheetara,http://members.tripod.co.uk/cheetaras,Cheetara,,,website,Website no longer available,False,Music,"MUSIC : INDIE, POP, ALTERNATIVE & ROCK",,,,
missing,Chimaera,http://www.chimaera.8m.com/,Chimaera,,,website,Website no longer available,False,Music,"MUSIC : INDIE, POP, ALTERNATIVE & ROCK",,,,
missing,Chocyamo,http://www.chocyamo.com/,Chocyamo,,,website,Website no longer available,False,Music,"MUSIC : INDIE, POP, ALTERNATIVE & ROCK",,,,
missing,Cholo,http://uk.geocities.com/cholowebsite,Cholo,,,website,Website no longer available,False,Music,"MUSIC : INDIE, POP, ALTERNATIVE & ROCK",,,,
missing,Cinefilm ,http://www.cine-film.com/,Cinefilm ,,,website,Website no longer available,False,Music,"MUSIC : INDIE, POP, ALTERNATIVE & ROCK",,,,
missing,Clayface  ,http://www.clayface.co.uk/,Clayface  ,,,website,Website no longer available,False,Music,"MUSIC : INDIE, POP, ALTERNATIVE & ROCK",,,,
missing,Clear Aim ,http://www.clearaim.co.uk/music.html,Clear Aim ,,,website,Website no longer available,False,Music,"MUSIC : INDIE, POP, ALTERNATIVE & ROCK",,,,
missing,Clearfall  ,http://www.clearfall.co.uk/,Clearfall  ,,,website,Website no longer available,False,Music,"MUSIC : INDIE, POP, ALTERNATIVE & ROCK",,,,
missing,Commercials   ,http://www.thecommercials.co.uk/,Commercials   ,,,website,Website no longer available,False,Music,"MUSIC : INDIE, POP, ALTERNATIVE & ROCK",,,,
missing,ConBlue   ,http://www.conblue.co.uk/,ConBlue   ,,,website,Website no longer available,False,Music,"MUSIC : INDIE, POP, ALTERNATIVE & ROCK",,,,
missing,Coven ,http://www.covenmusic.com/,Coven ,,,website,Website no longer available,False,Music,"MUSIC : INDIE, POP, ALTERNATIVE & ROCK",,,,
missing,Crambo ,http://come.to/crambo/,Crambo ,,,website,Website no longer available,False,Music,"MUSIC : INDIE, POP, ALTERNATIVE & ROCK",,,,
missing,Cruiser,http://www.cruiserland.net/,Cruiser,,,website,Website no longer available,False,Music,"MUSIC : INDIE, POP, ALTERNATIVE & ROCK",,,,
missing,Crysoul ,http://www.crysoul.com/,Crysoul ,,,website,Website no longer available,False,Music,"MUSIC : INDIE, POP, ALTERNATIVE & ROCK",,,,
missing,Davy Johnstone,http://www.daveyjohnstonefan.com/,Davy Johnstone,,,website,Website no longer available,False,Music,"MUSIC : INDIE, POP, ALTERNATIVE & ROCK",,,,
missing,De Kuntz ,http://www.dekuntz.tk/,De Kuntz ,,,website,Website no longer available,False,Music,"MUSIC : INDIE, POP, ALTERNATIVE & ROCK",,,,
missing,De Rosa,http://www.wearederosa.com/,De Rosa,,,website,Website no longer available,False,Music,"MUSIC : INDIE, POP, ALTERNATIVE & ROCK",,,,
missing,Dead or American,http://www.deadoramerican.com/,Dead or American,,,website,Website no longer available,False,Music,"MUSIC : INDIE, POP, ALTERNATIVE & ROCK",,,,
missing,Deadloss Superstar,http://www.homeusers.prestel.co.uk/lostcat/Deadloss/HTML/index.htm,Deadloss Superstar,,,website,Website no longer available,False,Music,"MUSIC : INDIE, POP, ALTERNATIVE & ROCK",,,,
missing,Dean Owens [old],http://www.boomerangboy.com/,Dean Owens [old],,,website,Website no longer available,False,Music,"MUSIC : INDIE, POP, ALTERNATIVE & ROCK",,,,
missing,Death Certificate ,http://www.deathcertificatearefuckingcool.com/,Death Certificate ,,,website,Website no longer available,False,Music,"MUSIC : INDIE, POP, ALTERNATIVE & ROCK",,,,
missing,Del Amitri,http://www.delamitri.com/,Del Amitri,,,website,Website no longer available,False,Music,"MUSIC : INDIE, POP, ALTERNATIVE & ROCK",,,,
missing,Desc ,http://www.bowloffrogs.com/,Desc ,,,website,Website no longer available,False,Music,"MUSIC : INDIE, POP, ALTERNATIVE & ROCK",,,,
missing,Disciples of Planet Earth    ,http://www.dopegroup.co.uk/,Disciples of Planet Earth    ,,,website,Website no longer available,False,Music,"MUSIC : INDIE, POP, ALTERNATIVE & ROCK",,,,
missing,Do Unto Others  ,http://www.dountoothersband.com/,Do Unto Others  ,,,website,Website no longer available,False,Music,"MUSIC : INDIE, POP, ALTERNATIVE & ROCK",,,,
missing,Dogfish ,http://www.dogfish.8m.com/,Dogfish ,,,website,Website no longer available,False,Music,"MUSIC : INDIE, POP, ALTERNATIVE & ROCK",,,,
missing,Dr. Jones ,http://www.dr-jones.co.uk/,Dr. Jones ,,,website,Website no longer available,False,Music,"MUSIC : INDIE, POP, ALTERNATIVE & ROCK",,,,
missing,Draymin,http://www.thedraymin.co.uk/,Draymin,,,website,Website no longer available,False,Music,"MUSIC : INDIE, POP, ALTERNATIVE & ROCK",,,,
missing,"Drugstore Cowboys, The",http://www.thedrugstorecowboys.co.uk/,"Drugstore Cowboys, The",,,website,Website no longer available,False,Music,"MUSIC : INDIE, POP, ALTERNATIVE & ROCK",,,,
missing,Duncan Overmeer,http://www.duncanovermeer.com/,Duncan Overmeer,,,website,Website no longer available,False,Music,"MUSIC : INDIE, POP, ALTERNATIVE & ROCK",,,,
missing,"Dykeenies, The",http://www.thedykeenies.com/,"Dykeenies, The",,,website,Website no longer available,False,Music,"MUSIC : INDIE, POP, ALTERNATIVE & ROCK",,,,
missing,"Echo Session, The",http://www.theechosession.com/,"Echo Session, The",,,website,Website no longer available,False,Music,"MUSIC : INDIE, POP, ALTERNATIVE & ROCK",,,,
missing,Eisenhowers,http://www.eisenhowers.co.uk/,Eisenhowers,,,website,Website no longer available,False,Music,"MUSIC : INDIE, POP, ALTERNATIVE & ROCK",,,,
missing,El Jugador  ,http://www.el-jugador.com/,El Jugador  ,,,website,Website no longer available,False,Music,"MUSIC : INDIE, POP, ALTERNATIVE & ROCK",,,,
missing,Electric Tibet ,http://www.electrictibet.co.uk/,Electric Tibet ,,,website,Website no longer available,False,Music,"MUSIC : INDIE, POP, ALTERNATIVE & ROCK",,,,
missing,"Electroluvs, The",http://www.electroluvs.com/,"Electroluvs, The",,,website,Website no longer available,False,Music,"MUSIC : INDIE, POP, ALTERNATIVE & ROCK",,,,
missing,ElevenEleven,http://www.e11even.tk/,ElevenEleven,,,website,Website no longer available,False,Music,"MUSIC : INDIE, POP, ALTERNATIVE & ROCK",,,,
missing,Elkin,http://elkin.org.uk/,Elkin,,,website,Website no longer available,False,Music,"MUSIC : INDIE, POP, ALTERNATIVE & ROCK",,,,
missing,Ellis,http://www.ellisband.co.uk/,Ellis,,,website,Website no longer available,False,Music,"MUSIC : INDIE, POP, ALTERNATIVE & ROCK",,,,
missing,Elmo,http://www.elmouk.com/,Elmo,,,website,Website no longer available,False,Music,"MUSIC : INDIE, POP, ALTERNATIVE & ROCK",,,,
missing,Empire Builder,http://www.empire-builder.co.uk/,Empire Builder,,,website,Website no longer available,False,Music,"MUSIC : INDIE, POP, ALTERNATIVE & ROCK",,,,
missing,Endor,http://www.helptheendorly.co.uk/,Endor,,,website,Website no longer available,False,Music,"MUSIC : INDIE, POP, ALTERNATIVE & ROCK",,,,
missing,Esther O'Connor,http://www.estheroconnor.com/,Esther O'Connor,,,website,Website no longer available,False,Music,"MUSIC : INDIE, POP, ALTERNATIVE & ROCK",,,,
missing,Eugene Kelly,http://www.eugenekelly.co.uk/,Eugene Kelly,,,website,Website no longer available,False,Music,"MUSIC : INDIE, POP, ALTERNATIVE & ROCK",,,,
missing,Eugene Twist,http://www.eugenetwist.com/,Eugene Twist,,,website,Website no longer available,False,Music,"MUSIC : INDIE, POP, ALTERNATIVE & ROCK",,,,
missing,Evangeline  ,http://www.evangeline.org.uk/,Evangeline  ,,,website,Website no longer available,False,Music,"MUSIC : INDIE, POP, ALTERNATIVE & ROCK",,,,
missing,Fake Major,http://www.fakemajor.com/,Fake Major,,,website,Website no longer available,False,Music,"MUSIC : INDIE, POP, ALTERNATIVE & ROCK",,,,
missing,"Falcons, The",http://www.thefalcons-dunfermline.com/,"Falcons, The",,,website,Website no longer available,False,Music,"MUSIC : INDIE, POP, ALTERNATIVE & ROCK",,,,
missing,Fallen Colours  ,http://www.fallen-online.co.uk/,Fallen Colours  ,,,website,Website no longer available,False,Music,"MUSIC : INDIE, POP, ALTERNATIVE & ROCK",,,,
missing,False Address,http://www.falseaddress.co.uk/,False Address,,,website,Website no longer available,False,Music,"MUSIC : INDIE, POP, ALTERNATIVE & ROCK",,,,
missing,FAO Jesus   ,http://www.faojesus.com/,FAO Jesus   ,,,website,Website no longer available,False,Music,"MUSIC : INDIE, POP, ALTERNATIVE & ROCK",,,,
missing,Father Sculptor,http://www.fathersculptor.com/,Father Sculptor,,,website,Website no longer available,False,Music,"MUSIC : INDIE, POP, ALTERNATIVE & ROCK",,,,
missing,"Felt Tips, The",http://thefelttips.com/,"Felt Tips, The",,,website,Website no longer available,False,Music,"MUSIC : INDIE, POP, ALTERNATIVE & ROCK",,,,
missing,"Fight Blues, The",http://www.thefightblues.com/,"Fight Blues, The",,,website,Website no longer available,False,Music,"MUSIC : INDIE, POP, ALTERNATIVE & ROCK",,,,
missing,First One To Die Loses    ,http://www.firstonetodieloses.com/,First One To Die Loses    ,,,website,Website no longer available,False,Music,"MUSIC : INDIE, POP, ALTERNATIVE & ROCK",,,,
missing,Five Park Drive  ,http://www.fiveparkdrive.co.uk/,Five Park Drive  ,,,website,Website no longer available,False,Music,"MUSIC : INDIE, POP, ALTERNATIVE & ROCK",,,,
missing,Flutes,http://www.uptheflutes.com/,Flutes,,,website,Website no longer available,False,Music,"MUSIC : INDIE, POP, ALTERNATIVE & ROCK",,,,
missing,Flying Matchstick Men ,http://www.thematchsticks.8m.com/,Flying Matchstick Men ,,,website,Website no longer available,False,Music,"MUSIC : INDIE, POP, ALTERNATIVE & ROCK",,,,
missing,Forest Fires,http://forest-fires.net/,Forest Fires,,,website,Website no longer available,False,Music,"MUSIC : INDIE, POP, ALTERNATIVE & ROCK",,,,
missing,Fred  ,http://www.fredmusic.co.uk/,Fred  ,,,website,Website no longer available,False,Music,"MUSIC : INDIE, POP, ALTERNATIVE & ROCK",,,,
missing,French Wives,http://frenchwives.co.uk/,French Wives,,,website,Website no longer available,False,Music,"MUSIC : INDIE, POP, ALTERNATIVE & ROCK",,,,
missing,Fridge Like Me  ,http://www.fridgelikeme.com/,Fridge Like Me  ,,,website,Website no longer available,False,Music,"MUSIC : INDIE, POP, ALTERNATIVE & ROCK",,,,
missing,Funktree  ,http://www.funktree.co.uk/,Funktree  ,,,website,Website no longer available,False,Music,"MUSIC : INDIE, POP, ALTERNATIVE & ROCK",,,,
missing,Galchen,http://www.galchen.co.uk/,Galchen,,,website,Website no longer available,False,Music,"MUSIC : INDIE, POP, ALTERNATIVE & ROCK",,,,
missing,Geneva,http://www.aplaceinthespace.co.uk/,Geneva,,,website,Website no longer available,False,Music,"MUSIC : INDIE, POP, ALTERNATIVE & ROCK",,,,
missing,Giant Tank,http://www.gianttank.com/,Giant Tank,,,website,Website no longer available,False,Music,"MUSIC : INDIE, POP, ALTERNATIVE & ROCK",,,,
missing,"Gloria Flaw, The",http://www.thegloriaflaw.co.uk/,"Gloria Flaw, The",,,website,Website no longer available,False,Music,"MUSIC : INDIE, POP, ALTERNATIVE & ROCK",,,,
missing,Glowvalve,http://www.glowvalve.co.uk/,Glowvalve,,,website,Website no longer available,False,Music,"MUSIC : INDIE, POP, ALTERNATIVE & ROCK",,,,
missing,Go Universe,http://www.gouniverse.com/,Go Universe,,,website,Website no longer available,False,Music,"MUSIC : INDIE, POP, ALTERNATIVE & ROCK",,,,
missing,Gods of Future Mythology,http://thegodsoffuturemythology.com/,Gods of Future Mythology,,,website,Website no longer available,False,Music,"MUSIC : INDIE, POP, ALTERNATIVE & ROCK",,,,
missing,Golden Hedges ,http://www.thegoldenhedges.co.uk/,Golden Hedges ,,,website,Website no longer available,False,Music,"MUSIC : INDIE, POP, ALTERNATIVE & ROCK",,,,
missing,"Goldenhour, The",http://www.goldenhour.co.uk/,"Goldenhour, The",,,website,Website no longer available,False,Music,"MUSIC : INDIE, POP, ALTERNATIVE & ROCK",,,,
missing,"Gothenburg Address, The",http://www.thegothenburgaddress.com/,"Gothenburg Address, The",,,website,Website no longer available,False,Music,"MUSIC : INDIE, POP, ALTERNATIVE & ROCK",,,,
missing,Greebo,http://www.greebonet.com/,Greebo,,,website,Website no longer available,False,Music,"MUSIC : INDIE, POP, ALTERNATIVE & ROCK",,,,
missing,Greek Street,http://greek.st/,Greek Street,,,website,Website no longer available,False,Music,"MUSIC : INDIE, POP, ALTERNATIVE & ROCK",,,,
missing,Grover,http://www.groversound.com/,Grover,,,website,Website no longer available,False,Music,"MUSIC : INDIE, POP, ALTERNATIVE & ROCK",,,,
missing,Guanoman,http://www.guanoman.co.uk/,Guanoman,,,website,Website no longer available,False,Music,"MUSIC : INDIE, POP, ALTERNATIVE & ROCK",,,,
missing,Gum,http://www.choosegum.com/,Gum,,,website,Website no longer available,False,Music,"MUSIC : INDIE, POP, ALTERNATIVE & ROCK",,,,
missing,Gunter Prague   ,http://www.gunterprague.com/,Gunter Prague   ,,,website,Website no longer available,False,Music,"MUSIC : INDIE, POP, ALTERNATIVE & ROCK",,,,
missing,Halle,http://www.halleonline.co.uk/,Halle,,,website,Website no longer available,False,Music,"MUSIC : INDIE, POP, ALTERNATIVE & ROCK",,,,
missing,Happy Meals,http://www.happy-meals.com/,Happy Meals,,,website,Website no longer available,False,Music,"MUSIC : INDIE, POP, ALTERNATIVE & ROCK",,,,
missing,Hazey Janes,http://thehazeyjanes.com/,Hazey Janes,,,website,Website no longer available,False,Music,"MUSIC : INDIE, POP, ALTERNATIVE & ROCK",,,,
missing,Healthy Minds Collapse,http://healthymindscollapse.com/,Healthy Minds Collapse,,,website,Website no longer available,False,Music,"MUSIC : INDIE, POP, ALTERNATIVE & ROCK",,,,
missing,Heirloom,http://www.heirloom.co.uk/,Heirloom,,,website,Website no longer available,False,Music,"MUSIC : INDIE, POP, ALTERNATIVE & ROCK",,,,
missing,Hennisi,http://www.hennisi.org.uk/,Hennisi,,,website,Website no longer available,False,Music,"MUSIC : INDIE, POP, ALTERNATIVE & ROCK",,,,
missing,His Girl Friday ,http://www.hisgirlfriday.co.uk/,His Girl Friday ,,,website,Website no longer available,False,Music,"MUSIC : INDIE, POP, ALTERNATIVE & ROCK",,,,
missing,Holly Tomas ,http://www.hollytomas.com/,Holly Tomas ,,,website,Website no longer available,False,Music,"MUSIC : INDIE, POP, ALTERNATIVE & ROCK",,,,
missing,Holmes ,http://www.holmesonline.co.uk/,Holmes ,,,website,Website no longer available,False,Music,"MUSIC : INDIE, POP, ALTERNATIVE & ROCK",,,,
missing,Homework,http://www.wearehomework.com/,Homework,,,website,Website no longer available,False,Music,"MUSIC : INDIE, POP, ALTERNATIVE & ROCK",,,,
missing,House,http://www.houseinet.org.uk/,House,,,website,Website no longer available,False,Music,"MUSIC : INDIE, POP, ALTERNATIVE & ROCK",,,,
missing,How to Swim ,http://www.howtoswim.net/,How to Swim ,,,website,Website no longer available,False,Music,"MUSIC : INDIE, POP, ALTERNATIVE & ROCK",,,,
missing,Huckleberry,http://www.copper.co.uk/hucksite/,Huckleberry,,,website,Website no longer available,False,Music,"MUSIC : INDIE, POP, ALTERNATIVE & ROCK",,,,
missing,"Imagineers, The",http://www.the-imagineers.com/,"Imagineers, The",,,website,Website no longer available,False,Music,"MUSIC : INDIE, POP, ALTERNATIVE & ROCK",,,,
missing,Immersed,http://www.freewebs.com/immersed04/,Immersed,,,website,Website no longer available,False,Music,"MUSIC : INDIE, POP, ALTERNATIVE & ROCK",,,,
missing,Imperial Racing Club,http://www.human-conditon.co.uk/,Imperial Racing Club,,,website,Website no longer available,False,Music,"MUSIC : INDIE, POP, ALTERNATIVE & ROCK",,,,
missing,InchBlue ,http://www.inchblue.co.uk/,InchBlue ,,,website,Website no longer available,False,Music,"MUSIC : INDIE, POP, ALTERNATIVE & ROCK",,,,
missing,"Incredible Blondes, The",http://www.theincredibleblondes.co.uk/,"Incredible Blondes, The",,,website,Website no longer available,False,Music,"MUSIC : INDIE, POP, ALTERNATIVE & ROCK",,,,
missing,International Airport,http://www.internationalairport.co.uk/,International Airport,,,website,Website no longer available,False,Music,"MUSIC : INDIE, POP, ALTERNATIVE & ROCK",,,,
missing,Irian Jaya,http://irianjaya.co.uk/,Irian Jaya,,,website,Website no longer available,False,Music,"MUSIC : INDIE, POP, ALTERNATIVE & ROCK",,,,
missing,"Jackals, The",http://thejackals.net/,"Jackals, The",,,website,Website no longer available,False,Music,"MUSIC : INDIE, POP, ALTERNATIVE & ROCK",,,,
missing,Jacques Caramac and the Sweet Generation,http://jacquescaramacandthesweetgeneration.com/,Jacques Caramac and the Sweet Generation,,,website,Website no longer available,False,Music,"MUSIC : INDIE, POP, ALTERNATIVE & ROCK",,,,
missing,Jasmine Minks ,http://www.jasmineminks.com/,Jasmine Minks ,,,website,Website no longer available,False,Music,"MUSIC : INDIE, POP, ALTERNATIVE & ROCK",,,,
missing,Jim Diamond,http://jimdiamond.squarespace.com/,Jim Diamond,,,website,Website no longer available,False,Music,"MUSIC : INDIE, POP, ALTERNATIVE & ROCK",,,,
missing,Jim Muir Slideshow  ,http://www.jimmuirslideshow.com/,Jim Muir Slideshow  ,,,website,Website no longer available,False,Music,"MUSIC : INDIE, POP, ALTERNATIVE & ROCK",,,,
missing,Jon Fratelli,http://www.jonfratelli.co.uk/,Jon Fratelli,,,website,Website no longer available,False,Music,"MUSIC : INDIE, POP, ALTERNATIVE & ROCK",,,,
missing,Jonny Jewel,http://jonnyjewel.com/,Jonny Jewel,,,website,Website no longer available,False,Music,"MUSIC : INDIE, POP, ALTERNATIVE & ROCK",,,,
missing,Josephine ,http://www.josephineweb.com/,Josephine ,,,website,Website no longer available,False,Music,"MUSIC : INDIE, POP, ALTERNATIVE & ROCK",,,,
missing,Joykamp  ,http://www.joykamp.com/,Joykamp  ,,,website,Website no longer available,False,Music,"MUSIC : INDIE, POP, ALTERNATIVE & ROCK",,,,
missing,Juju 10  ,http://www.juju10.com/,Juju 10  ,,,website,Website no longer available,False,Music,"MUSIC : INDIE, POP, ALTERNATIVE & ROCK",,,,
missing,Jyrojets,http://www.jyrojets.com/,Jyrojets,,,website,Website no longer available,False,Music,"MUSIC : INDIE, POP, ALTERNATIVE & ROCK",,,,
missing,Kaisers,http://www.two-eyes.demon.co.uk/,Kaisers,,,website,Website no longer available,False,Music,"MUSIC : INDIE, POP, ALTERNATIVE & ROCK",,,,
missing,Kasino,http://www.kasino.co.uk/,Kasino,,,website,Website no longer available,False,Music,"MUSIC : INDIE, POP, ALTERNATIVE & ROCK",,,,
missing,King Biscuit Time,http://www.kingbiscuittime.co.uk/,King Biscuit Time,,,website,Website no longer available,False,Music,"MUSIC : INDIE, POP, ALTERNATIVE & ROCK",,,,
missing,Kling Klang,http://www.klingklang.co.uk/,Kling Klang,,,website,Website no longer available,False,Music,"MUSIC : INDIE, POP, ALTERNATIVE & ROCK",,,,
missing,Lady Jude  ,http://www.ladyjude.com/,Lady Jude  ,,,website,Website no longer available,False,Music,"MUSIC : INDIE, POP, ALTERNATIVE & ROCK",,,,
missing,"Last Band, The",http://www.thelastband.com/,"Last Band, The",,,website,Website no longer available,False,Music,"MUSIC : INDIE, POP, ALTERNATIVE & ROCK",,,,
missing,Late Night Foreign Radio ,http://www.littleamber.co.uk/,Late Night Foreign Radio ,,,website,Website no longer available,False,Music,"MUSIC : INDIE, POP, ALTERNATIVE & ROCK",,,,
missing,Leon Jackson,http://leonjacksonmusic.com/,Leon Jackson,,,website,Website no longer available,False,Music,"MUSIC : INDIE, POP, ALTERNATIVE & ROCK",,,,
missing,Liber8,http://www.liber8music.co.uk/,Liber8,,,website,Website no longer available,False,Music,"MUSIC : INDIE, POP, ALTERNATIVE & ROCK",,,,
missing,Linus Loves,http://www.linusloves.com/,Linus Loves,,,website,Website no longer available,False,Music,"MUSIC : INDIE, POP, ALTERNATIVE & ROCK",,,,
missing,Little Buddha,http://www.littlebuddha.net/,Little Buddha,,,website,Website no longer available,False,Music,"MUSIC : INDIE, POP, ALTERNATIVE & ROCK",,,,
missing,Lone Cop,http://www.lonecop.co.uk/,Lone Cop,,,website,Website no longer available,False,Music,"MUSIC : INDIE, POP, ALTERNATIVE & ROCK",,,,
missing,Looper ,http://www.looper.info/,Looper ,,,website,Website no longer available,False,Music,"MUSIC : INDIE, POP, ALTERNATIVE & ROCK",,,,
missing,Lush Rollers ,http://www.lushrollers.co.uk/,Lush Rollers ,,,website,Website no longer available,False,Music,"MUSIC : INDIE, POP, ALTERNATIVE & ROCK",,,,
missing,Lyin Rampant,http://lyinrampant.believeband.com/,Lyin Rampant,,,website,Website no longer available,False,Music,"MUSIC : INDIE, POP, ALTERNATIVE & ROCK",,,,
missing,Magicdrive ,http://www.magicdrive.info/,Magicdrive ,,,website,Website no longer available,False,Music,"MUSIC : INDIE, POP, ALTERNATIVE & ROCK",,,,
missing,Make Model,http://www.makemodel.co.uk/,Make Model,,,website,Website no longer available,False,Music,"MUSIC : INDIE, POP, ALTERNATIVE & ROCK",,,,
missing,Mama Mayhem,http://www.mama-mayhem.com/,Mama Mayhem,,,website,Website no longer available,False,Music,"MUSIC : INDIE, POP, ALTERNATIVE & ROCK",,,,
missing,Manganese,http://www.manganeseonline.com/,Manganese,,,website,Website no longer available,False,Music,"MUSIC : INDIE, POP, ALTERNATIVE & ROCK",,,,
missing,Mangara   ,http://www.mangara.tk/,Mangara   ,,,website,Website no longer available,False,Music,"MUSIC : INDIE, POP, ALTERNATIVE & ROCK",,,,
missing,Marysia ,http://www.marysia.com/,Marysia ,,,website,Website no longer available,False,Music,"MUSIC : INDIE, POP, ALTERNATIVE & ROCK",,,,
missing,McSleazy   ,http://www.mcsleazy.co.uk/,McSleazy   ,,,website,Website no longer available,False,Music,"MUSIC : INDIE, POP, ALTERNATIVE & ROCK",,,,
missing,"Medicine Men , The",http://www.mosesmusic.co.uk/,"Medicine Men , The",,,website,Website no longer available,False,Music,"MUSIC : INDIE, POP, ALTERNATIVE & ROCK",,,,
missing,Merocaine ,http://www.phreakz.co.uk/,Merocaine ,,,website,Website no longer available,False,Music,"MUSIC : INDIE, POP, ALTERNATIVE & ROCK",,,,
missing,Michael Rattray   ,http://www.radiotones.co.uk/,Michael Rattray   ,,,website,Website no longer available,False,Music,"MUSIC : INDIE, POP, ALTERNATIVE & ROCK",,,,
missing,Michelle McManus,http://www.michelleofficial.co.uk/,Michelle McManus,,,website,Website no longer available,False,Music,"MUSIC : INDIE, POP, ALTERNATIVE & ROCK",,,,
missing,Mickey 9s,http://www.mickey9s.com/,Mickey 9s,,,website,Website no longer available,False,Music,"MUSIC : INDIE, POP, ALTERNATIVE & ROCK",,,,
missing,Micronesia ,http://micronesia.reallysuckass.com/,Micronesia ,,,website,Website no longer available,False,Music,"MUSIC : INDIE, POP, ALTERNATIVE & ROCK",,,,
missing,Middle of the Road,http://www.middleoftheroadpopgroup.com/,Middle of the Road,,,website,Website no longer available,False,Music,"MUSIC : INDIE, POP, ALTERNATIVE & ROCK",,,,
missing,Milestone  ,http://www.milestonemusiconline.com/,Milestone  ,,,website,Website no longer available,False,Music,"MUSIC : INDIE, POP, ALTERNATIVE & ROCK",,,,
missing,Mind Gone Blind,http://www.mindgoneblind.com/,Mind Gone Blind,,,website,Website no longer available,False,Music,"MUSIC : INDIE, POP, ALTERNATIVE & ROCK",,,,
missing,Mir,http://www.mirmusic.co.uk/,Mir,,,website,Website no longer available,False,Music,"MUSIC : INDIE, POP, ALTERNATIVE & ROCK",,,,
missing,Mitchell Museum,http://www.mitchellmuseum.co.uk/,Mitchell Museum,,,website,Website no longer available,False,Music,"MUSIC : INDIE, POP, ALTERNATIVE & ROCK",,,,
missing,Modern Faces,http://www.modernfaces.co.uk/,Modern Faces,,,website,Website no longer available,False,Music,"MUSIC : INDIE, POP, ALTERNATIVE & ROCK",,,,
missing,"Modern George, The",http://www.themoderngeorge.com/,"Modern George, The",,,website,Website no longer available,False,Music,"MUSIC : INDIE, POP, ALTERNATIVE & ROCK",,,,
missing,Monofreak,http://www.monofreak.co.uk/,Monofreak,,,website,Website no longer available,False,Music,"MUSIC : INDIE, POP, ALTERNATIVE & ROCK",,,,
missing,Mother and the Addicts,http://motherandtheaddicts.co.uk/,Mother and the Addicts,,,website,Website no longer available,False,Music,"MUSIC : INDIE, POP, ALTERNATIVE & ROCK",,,,
missing,Mount Florida ,http://www.mountflorida.co.uk/,Mount Florida ,,,website,Website no longer available,False,Music,"MUSIC : INDIE, POP, ALTERNATIVE & ROCK",,,,
missing,Mouse Eat Mouse ,http://www.mouseeatmouse.org.uk/,Mouse Eat Mouse ,,,website,Website no longer available,False,Music,"MUSIC : INDIE, POP, ALTERNATIVE & ROCK",,,,
missing,"Mouse That Ate The Cat, The",http://www.tmtatc.co.uk/,"Mouse That Ate The Cat, The",,,website,Website no longer available,False,Music,"MUSIC : INDIE, POP, ALTERNATIVE & ROCK",,,,
missing,Mr E   ,http://www.mre-online.com/,Mr E   ,,,website,Website no longer available,False,Music,"MUSIC : INDIE, POP, ALTERNATIVE & ROCK",,,,
missing,Mr Fog   ,http://www.mr-fog.co.uk/,Mr Fog   ,,,website,Website no longer available,False,Music,"MUSIC : INDIE, POP, ALTERNATIVE & ROCK",,,,
missing,Mr Greenfinger  ,http://www.mrgreenfinger.com/,Mr Greenfinger  ,,,website,Website no longer available,False,Music,"MUSIC : INDIE, POP, ALTERNATIVE & ROCK",,,,
missing,Mull Historical Society (unofficial),http://www.mullhistoricalsociety.net/,Mull Historical Society (unofficial),,,website,Website no longer available,False,Music,"MUSIC : INDIE, POP, ALTERNATIVE & ROCK",,,,
missing,My Electric Love Affair   ,http://www.myelectricloveaffair.com/,My Electric Love Affair   ,,,website,Website no longer available,False,Music,"MUSIC : INDIE, POP, ALTERNATIVE & ROCK",,,,
missing,My Fragile Mind  ,http://www.myfragilemind.tk/,My Fragile Mind  ,,,website,Website no longer available,False,Music,"MUSIC : INDIE, POP, ALTERNATIVE & ROCK",,,,
missing,My Handsome Nell   ,http://www.myhandsomenell.com/,My Handsome Nell   ,,,website,Website no longer available,False,Music,"MUSIC : INDIE, POP, ALTERNATIVE & ROCK",,,,
missing,My Next Girlfriend    ,http://www.mynextgirlfriend.com/,My Next Girlfriend    ,,,website,Website no longer available,False,Music,"MUSIC : INDIE, POP, ALTERNATIVE & ROCK",,,,
missing,Myopia   ,http://shahkis.com/,Myopia   ,,,website,Website no longer available,False,Music,"MUSIC : INDIE, POP, ALTERNATIVE & ROCK",,,,
missing,Natalie Pryce,http://nataliepryce.co.uk/,Natalie Pryce,,,website,Website no longer available,False,Music,"MUSIC : INDIE, POP, ALTERNATIVE & ROCK",,,,
missing,Nero,http://www.neropop.co.uk/,Nero,,,website,Website no longer available,False,Music,"MUSIC : INDIE, POP, ALTERNATIVE & ROCK",,,,
missing,"New Fabian Society, The",http://www.tnfs.net/,"New Fabian Society, The",,,website,Website no longer available,False,Music,"MUSIC : INDIE, POP, ALTERNATIVE & ROCK",,,,
missing,Night Noise Team,http://www.nightnoiseteam.com/,Night Noise Team,,,website,Website no longer available,False,Music,"MUSIC : INDIE, POP, ALTERNATIVE & ROCK",,,,
missing,Nine Miles High ,http://www.ninemileshigh.com/,Nine Miles High ,,,website,Website no longer available,False,Music,"MUSIC : INDIE, POP, ALTERNATIVE & ROCK",,,,
missing,Noise Pollution  ,http://www.noisepollutiononline.co.uk/,Noise Pollution  ,,,website,Website no longer available,False,Music,"MUSIC : INDIE, POP, ALTERNATIVE & ROCK",,,,
missing,November Lights,https://www.novemberlightsmusic.com/,November Lights,,,website,Website no longer available,False,Music,"MUSIC : INDIE, POP, ALTERNATIVE & ROCK",,,,
missing,"Nucleotides, The",http://www.thenucleotides.com/,"Nucleotides, The",,,website,Website no longer available,False,Music,"MUSIC : INDIE, POP, ALTERNATIVE & ROCK",,,,
missing,"Nyah Fearties, The",http://www.nyahfearties.co.uk/,"Nyah Fearties, The",,,website,Website no longer available,False,Music,"MUSIC : INDIE, POP, ALTERNATIVE & ROCK",,,,
missing,Oddball's Heroes ,http://www.oddballs-heroes.tk/,Oddball's Heroes ,,,website,Website no longer available,False,Music,"MUSIC : INDIE, POP, ALTERNATIVE & ROCK",,,,
missing,Odeon Beat Club,http://www.odeonbeatclub.com/,Odeon Beat Club,,,website,Website no longer available,False,Music,"MUSIC : INDIE, POP, ALTERNATIVE & ROCK",,,,
missing,"OK Social Club, The",http://www.theoksocialclub.com/,"OK Social Club, The",,,website,Website no longer available,False,Music,"MUSIC : INDIE, POP, ALTERNATIVE & ROCK",,,,
missing,One Day Speakers,http://www.theonedayspeakers.co.uk/,One Day Speakers,,,website,Website no longer available,False,Music,"MUSIC : INDIE, POP, ALTERNATIVE & ROCK",,,,
missing,One Dove,http://www.onedove.net/,One Dove,,,website,Website no longer available,False,Music,"MUSIC : INDIE, POP, ALTERNATIVE & ROCK",,,,
missing,Orko  ,http://www.iheartorko.com/,Orko  ,,,website,Website no longer available,False,Music,"MUSIC : INDIE, POP, ALTERNATIVE & ROCK",,,,
missing,Oswald,http://www.oswaldtheband.com/,Oswald,,,website,Website no longer available,False,Music,"MUSIC : INDIE, POP, ALTERNATIVE & ROCK",,,,
missing,Ovalsoul   ,http://www.ovalsoul.com/,Ovalsoul   ,,,website,Website no longer available,False,Music,"MUSIC : INDIE, POP, ALTERNATIVE & ROCK",,,,
missing,"Owsley Sunshine, The",http://www.theowsleysunshine.com/,"Owsley Sunshine, The",,,website,Website no longer available,False,Music,"MUSIC : INDIE, POP, ALTERNATIVE & ROCK",,,,
missing,P45s   ,http://www.thep45s.co.uk/,P45s   ,,,website,Website no longer available,False,Music,"MUSIC : INDIE, POP, ALTERNATIVE & ROCK",,,,
missing,Pale Man Made,http://www.palemanmade.com/,Pale Man Made,,,website,Website no longer available,False,Music,"MUSIC : INDIE, POP, ALTERNATIVE & ROCK",,,,
missing,Paperbitch,http://www.paperbitch.co.uk/,Paperbitch,,,website,Website no longer available,False,Music,"MUSIC : INDIE, POP, ALTERNATIVE & ROCK",,,,
missing,Pariah  ,http://www.pariahtheband.com/,Pariah  ,,,website,Website no longer available,False,Music,"MUSIC : INDIE, POP, ALTERNATIVE & ROCK",,,,
missing,Paul McLinden,http://paulmclindenmusic.com/,Paul McLinden,,,website,Website no longer available,False,Music,"MUSIC : INDIE, POP, ALTERNATIVE & ROCK",,,,
missing,Pearl and the Puppets,http://www.pearlandthepuppets.com/,Pearl and the Puppets,,,website,Website no longer available,False,Music,"MUSIC : INDIE, POP, ALTERNATIVE & ROCK",,,,
missing,Penny Hollow,http://www.pennyhollow.com/,Penny Hollow,,,website,Website no longer available,False,Music,"MUSIC : INDIE, POP, ALTERNATIVE & ROCK",,,,
missing,"Pit Owns , The",http://www.the-pit-owns.co.uk/,"Pit Owns , The",,,website,Website no longer available,False,Music,"MUSIC : INDIE, POP, ALTERNATIVE & ROCK",,,,
missing,Planet Marmalade,http://www.planet-marmalade.co.uk/,Planet Marmalade,,,website,Website no longer available,False,Music,"MUSIC : INDIE, POP, ALTERNATIVE & ROCK",,,,
missing,Point of Origin ,http://www.pointoforigin.go.to/,Point of Origin ,,,website,Website no longer available,False,Music,"MUSIC : INDIE, POP, ALTERNATIVE & ROCK",,,,
missing,Policechief,http://www.policechief.co.uk/,Policechief,,,website,Website no longer available,False,Music,"MUSIC : INDIE, POP, ALTERNATIVE & ROCK",,,,
missing,Popup,http://www.popuptheband.com/,Popup,,,website,Website no longer available,False,Music,"MUSIC : INDIE, POP, ALTERNATIVE & ROCK",,,,
missing,Portnoy ,http://www.portnoy.mustbehere.com/,Portnoy ,,,website,Website no longer available,False,Music,"MUSIC : INDIE, POP, ALTERNATIVE & ROCK",,,,
missing,Primary 5  ,http://www.bellbeatmusic.com/,Primary 5  ,,,website,Website no longer available,False,Music,"MUSIC : INDIE, POP, ALTERNATIVE & ROCK",,,,
missing,Private Jackson  ,http://www.privatejackson.com/,Private Jackson  ,,,website,Website no longer available,False,Music,"MUSIC : INDIE, POP, ALTERNATIVE & ROCK",,,,
missing,Proverbial Creek  ,http://www.proverbialcreek.co.uk/,Proverbial Creek  ,,,website,Website no longer available,False,Music,"MUSIC : INDIE, POP, ALTERNATIVE & ROCK",,,,
missing,Psyche Essential  ,http://www.psycheessential.co.uk/,Psyche Essential  ,,,website,Website no longer available,False,Music,"MUSIC : INDIE, POP, ALTERNATIVE & ROCK",,,,
missing,Punch & the Apostles,http://www.punchandtheapostles.com/,Punch & the Apostles,,,website,Website no longer available,False,Music,"MUSIC : INDIE, POP, ALTERNATIVE & ROCK",,,,
missing,Quik ,http://www.quikonline.co.uk/,Quik ,,,website,Website no longer available,False,Music,"MUSIC : INDIE, POP, ALTERNATIVE & ROCK",,,,
missing,Quinn,http://www.quinnonline.com/,Quinn,,,website,Website no longer available,False,Music,"MUSIC : INDIE, POP, ALTERNATIVE & ROCK",,,,
missing,Racing Green,http://www.racingreen.org.uk/,Racing Green,,,website,Website no longer available,False,Music,"MUSIC : INDIE, POP, ALTERNATIVE & ROCK",,,,
missing,Radio Sweethearts,http://www.radiosweethearts.supanet.com/,Radio Sweethearts,,,website,Website no longer available,False,Music,"MUSIC : INDIE, POP, ALTERNATIVE & ROCK",,,,
missing,"Ravelles, The",http://www.theravelles.com/,"Ravelles, The",,,website,Website no longer available,False,Music,"MUSIC : INDIE, POP, ALTERNATIVE & ROCK",,,,
missing,Rebecca Nurse ,http://www.rebeccanurse.com/,Rebecca Nurse ,,,website,Website no longer available,False,Music,"MUSIC : INDIE, POP, ALTERNATIVE & ROCK",,,,
missing,Red Bee Society ,http://www.redbeesociety.co.uk/,Red Bee Society ,,,website,Website no longer available,False,Music,"MUSIC : INDIE, POP, ALTERNATIVE & ROCK",,,,
missing,Red Man Walking ,http://www.redmanwalking.co.uk/,Red Man Walking ,,,website,Website no longer available,False,Music,"MUSIC : INDIE, POP, ALTERNATIVE & ROCK",,,,
missing,Riff Raff ,http://www.riff-raff-online.com/,Riff Raff ,,,website,Website no longer available,False,Music,"MUSIC : INDIE, POP, ALTERNATIVE & ROCK",,,,
missing,Roberto Cassani,http://www.robertocassani.co.uk/,Roberto Cassani,,,website,Website no longer available,False,Music,"MUSIC : INDIE, POP, ALTERNATIVE & ROCK",,,,
missing,Rocket Fox,http://www.rocketfox.net/,Rocket Fox,,,website,Website no longer available,False,Music,"MUSIC : INDIE, POP, ALTERNATIVE & ROCK",,,,
missing,"Rodents, The",http://www.the-rodents.co.uk/,"Rodents, The",,,website,Website no longer available,False,Music,"MUSIC : INDIE, POP, ALTERNATIVE & ROCK",,,,
missing,Rose McDowall,http://www.rosemcdowall.com/,Rose McDowall,,,website,Website no longer available,False,Music,"MUSIC : INDIE, POP, ALTERNATIVE & ROCK",,,,
missing,"Ruffness, The",http://www.ruffness.com/,"Ruffness, The",,,website,Website no longer available,False,Music,"MUSIC : INDIE, POP, ALTERNATIVE & ROCK",,,,
missing,Saint Jude's Infirmary #1,http://www.saintjudesinfirmary.co.uk/,Saint Jude's Infirmary #1,,,website,Website no longer available,False,Music,"MUSIC : INDIE, POP, ALTERNATIVE & ROCK",,,,
missing,Salon Boris [old],http://www.salonboris.com/,Salon Boris [old],,,website,Website no longer available,False,Music,"MUSIC : INDIE, POP, ALTERNATIVE & ROCK",,,,
missing,Sams Hot Car Lot,http://www.samshotcarlot.co.uk/,Sams Hot Car Lot,,,website,Website no longer available,False,Music,"MUSIC : INDIE, POP, ALTERNATIVE & ROCK",,,,
missing,Sanitas ,http://www.sanitasband.co.uk/,Sanitas ,,,website,Website no longer available,False,Music,"MUSIC : INDIE, POP, ALTERNATIVE & ROCK",,,,
missing,Sans Trauma  ,http://sanstrauma.com/,Sans Trauma  ,,,website,Website no longer available,False,Music,"MUSIC : INDIE, POP, ALTERNATIVE & ROCK",,,,
missing,SBC Sunshire,http://www.sbcsunshine.co.uk/,SBC Sunshire,,,website,Website no longer available,False,Music,"MUSIC : INDIE, POP, ALTERNATIVE & ROCK",,,,
missing,Scars,http://www.scarsresearch.com/,Scars,,,website,Website no longer available,False,Music,"MUSIC : INDIE, POP, ALTERNATIVE & ROCK",,,,
missing,Schnarff Schnarff,http://www.schnarffschnarff.com/,Schnarff Schnarff,,,website,Website no longer available,False,Music,"MUSIC : INDIE, POP, ALTERNATIVE & ROCK",,,,
missing,Scientific Support Dept.,http://www.scientificsupport.com/,Scientific Support Dept.,,,website,Website no longer available,False,Music,"MUSIC : INDIE, POP, ALTERNATIVE & ROCK",,,,
missing,Scotch Productions [old],http://www.scotchproductions.com/,Scotch Productions [old],,,website,Website no longer available,False,Music,"MUSIC : INDIE, POP, ALTERNATIVE & ROCK",,,,
missing,Scrotum Poles,http://www.thescrotumpoles.com/,Scrotum Poles,,,website,Website no longer available,False,Music,"MUSIC : INDIE, POP, ALTERNATIVE & ROCK",,,,
missing,ScubaZ ,http://www.scubaz.com/,ScubaZ ,,,website,Website no longer available,False,Music,"MUSIC : INDIE, POP, ALTERNATIVE & ROCK",,,,
missing,Secondskin ,http://www.skin-site.com/,Secondskin ,,,website,Website no longer available,False,Music,"MUSIC : INDIE, POP, ALTERNATIVE & ROCK",,,,
missing,Seesaw ,http://www.seesawuk.com/,Seesaw ,,,website,Website no longer available,False,Music,"MUSIC : INDIE, POP, ALTERNATIVE & ROCK",,,,
missing,Senator   ,http://www.senatortheband.com/,Senator   ,,,website,Website no longer available,False,Music,"MUSIC : INDIE, POP, ALTERNATIVE & ROCK",,,,
missing,"Sengen, The",http://www.thesengen.com/,"Sengen, The",,,website,Website no longer available,False,Music,"MUSIC : INDIE, POP, ALTERNATIVE & ROCK",,,,
missing,Severin,http://www.severin-music.co.uk/,Severin,,,website,Website no longer available,False,Music,"MUSIC : INDIE, POP, ALTERNATIVE & ROCK",,,,
missing,Sheepdug ,http://www.sheepdug.co.uk/,Sheepdug ,,,website,Website no longer available,False,Music,"MUSIC : INDIE, POP, ALTERNATIVE & ROCK",,,,
missing,Sick Anchors  ,http://www.lostdogrecordings.co.uk/,Sick Anchors  ,,,website,Website no longer available,False,Music,"MUSIC : INDIE, POP, ALTERNATIVE & ROCK",,,,
missing,Sidca,http://www.sidca.com/,Sidca,,,website,Website no longer available,False,Music,"MUSIC : INDIE, POP, ALTERNATIVE & ROCK",,,,
missing,"Silver Pill, The",http://www.thesilverpill.co.uk/,"Silver Pill, The",,,website,Website no longer available,False,Music,"MUSIC : INDIE, POP, ALTERNATIVE & ROCK",,,,
missing,Single Point of Light,http://www.singlepointoflight.co.uk/,Single Point of Light,,,website,Website no longer available,False,Music,"MUSIC : INDIE, POP, ALTERNATIVE & ROCK",,,,
missing,Singleskin,http://www.singleskin.co.uk/,Singleskin,,,website,Website no longer available,False,Music,"MUSIC : INDIE, POP, ALTERNATIVE & ROCK",,,,
missing,Sirex-Noctilio ,http://www.sirex-noctilio.co.uk/,Sirex-Noctilio ,,,website,Website no longer available,False,Music,"MUSIC : INDIE, POP, ALTERNATIVE & ROCK",,,,
missing,Sirius ,http://www.fudgenet.co.uk/,Sirius ,,,website,Website no longer available,False,Music,"MUSIC : INDIE, POP, ALTERNATIVE & ROCK",,,,
missing,"Situates, The",http://www.thesituates.com/,"Situates, The",,,website,Website no longer available,False,Music,"MUSIC : INDIE, POP, ALTERNATIVE & ROCK",,,,
missing,Skin on Skin ,http://www.skinonskin.info/,Skin on Skin ,,,website,Website no longer available,False,Music,"MUSIC : INDIE, POP, ALTERNATIVE & ROCK",,,,
missing,"Skinflints, The",http://www.skinflintstheband.co.uk/,"Skinflints, The",,,website,Website no longer available,False,Music,"MUSIC : INDIE, POP, ALTERNATIVE & ROCK",,,,
missing,Skinner Collective,http://www.skinnercollective.com/,Skinner Collective,,,website,Website no longer available,False,Music,"MUSIC : INDIE, POP, ALTERNATIVE & ROCK",,,,
missing,Skint Little Knuckles ,http://skintlittleknuckles.net/,Skint Little Knuckles ,,,website,Website no longer available,False,Music,"MUSIC : INDIE, POP, ALTERNATIVE & ROCK",,,,
missing,Smackvan [old],http://www.smackvan.com/,Smackvan [old],,,website,Website no longer available,False,Music,"MUSIC : INDIE, POP, ALTERNATIVE & ROCK",,,,
missing,Small Enclosed Area,http://www.smallenclosedarea.com/,Small Enclosed Area,,,website,Website no longer available,False,Music,"MUSIC : INDIE, POP, ALTERNATIVE & ROCK",,,,
missing,Smalltown Boredom ,http://www.acousticautumn.co.uk/,Smalltown Boredom ,,,website,Website no longer available,False,Music,"MUSIC : INDIE, POP, ALTERNATIVE & ROCK",,,,
missing,Sneak Attack Tigers,http://www.sneakattacktigers.com/,Sneak Attack Tigers,,,website,Website no longer available,False,Music,"MUSIC : INDIE, POP, ALTERNATIVE & ROCK",,,,
missing,So Many Animal Calls,http://www.somanyanimalcalls.com/,So Many Animal Calls,,,website,Website no longer available,False,Music,"MUSIC : INDIE, POP, ALTERNATIVE & ROCK",,,,
missing,Solipsism ,http://www.solipsism-solipsism.com/,Solipsism ,,,website,Website no longer available,False,Music,"MUSIC : INDIE, POP, ALTERNATIVE & ROCK",,,,
missing,Song of Return,http://www.songofreturn.com/,Song of Return,,,website,Website no longer available,False,Music,"MUSIC : INDIE, POP, ALTERNATIVE & ROCK",,,,
missing,Spandex Monkeys  ,http://www.spandexmonkeys.co.uk/,Spandex Monkeys  ,,,website,Website no longer available,False,Music,"MUSIC : INDIE, POP, ALTERNATIVE & ROCK",,,,
missing,Spare Snare [old],http://www.sparesnare.co.uk/,Spare Snare [old],,,website,Website no longer available,False,Music,"MUSIC : INDIE, POP, ALTERNATIVE & ROCK",,,,
missing,Spearmint  ,http://www.spearmint.org.uk/,Spearmint  ,,,website,Website no longer available,False,Music,"MUSIC : INDIE, POP, ALTERNATIVE & ROCK",,,,
missing,SpeedRacer,http://www.durge.org/~moose/speedracer/index.html,SpeedRacer,,,website,Website no longer available,False,Music,"MUSIC : INDIE, POP, ALTERNATIVE & ROCK",,,,
missing,Spindrift ,http://www.spindriftonline.co.uk/,Spindrift ,,,website,Website no longer available,False,Music,"MUSIC : INDIE, POP, ALTERNATIVE & ROCK",,,,
missing,SpitfireMoth  ,http://www.spitfiremoth.tk/,SpitfireMoth  ,,,website,Website no longer available,False,Music,"MUSIC : INDIE, POP, ALTERNATIVE & ROCK",,,,
missing,Sputniks Down,http://www.sputniksdown.8m.co.uk/,Sputniks Down,,,website,Website no longer available,False,Music,"MUSIC : INDIE, POP, ALTERNATIVE & ROCK",,,,
missing,Starsky,http://www.starskyonline.co.uk/,Starsky,,,website,Website no longer available,False,Music,"MUSIC : INDIE, POP, ALTERNATIVE & ROCK",,,,
missing,Stereo Cat Babies ,http://www.stereocatbabies.co.uk/,Stereo Cat Babies ,,,website,Website no longer available,False,Music,"MUSIC : INDIE, POP, ALTERNATIVE & ROCK",,,,
missing,Steven Lindsay [old],http://www.stevenlindsay.com/,Steven Lindsay [old],,,website,Website no longer available,False,Music,"MUSIC : INDIE, POP, ALTERNATIVE & ROCK",,,,
missing,Stigma,http://www.stigma.ezhoster.com/,Stigma,,,website,Website no longer available,False,Music,"MUSIC : INDIE, POP, ALTERNATIVE & ROCK",,,,
missing,Stimpson,http://www.audiogalaxy.com/bands/stimpson,Stimpson,,,website,Website no longer available,False,Music,"MUSIC : INDIE, POP, ALTERNATIVE & ROCK",,,,
missing,Stonesthrow,http://www.stonesthrowmusic.co.uk/,Stonesthrow,,,website,Website no longer available,False,Music,"MUSIC : INDIE, POP, ALTERNATIVE & ROCK",,,,
missing,Stonewhisper ,http://www.stonewhisper.com/,Stonewhisper ,,,website,Website no longer available,False,Music,"MUSIC : INDIE, POP, ALTERNATIVE & ROCK",,,,
missing,Storm Petrels  ,http://www.thestormpetrels.com/,Storm Petrels  ,,,website,Website no longer available,False,Music,"MUSIC : INDIE, POP, ALTERNATIVE & ROCK",,,,
missing,Straiph,http://www.paximatmultimag.co.uk/,Straiph,,,website,Website no longer available,False,Music,"MUSIC : INDIE, POP, ALTERNATIVE & ROCK",,,,
missing,Stress Puppy,http://www.virtue.nu/stresspuppy,Stress Puppy,,,website,Website no longer available,False,Music,"MUSIC : INDIE, POP, ALTERNATIVE & ROCK",,,,
missing,Stuart Blance,http://www.stuartblance.co.uk/,Stuart Blance,,,website,Website no longer available,False,Music,"MUSIC : INDIE, POP, ALTERNATIVE & ROCK",,,,
missing,"Stukas, The",http://www.stuka-online.com/,"Stukas, The",,,website,Website no longer available,False,Music,"MUSIC : INDIE, POP, ALTERNATIVE & ROCK",,,,
missing,"Stunts, The",http://www.thestunts.homestead.com/,"Stunts, The",,,website,Website no longer available,False,Music,"MUSIC : INDIE, POP, ALTERNATIVE & ROCK",,,,
missing,Stylus Automatic,http://www.stylus-automatic.com/,Stylus Automatic,,,website,Website no longer available,False,Music,"MUSIC : INDIE, POP, ALTERNATIVE & ROCK",,,,
missing,Subroc,http://www.subroc.co.uk/,Subroc,,,website,Website no longer available,False,Music,"MUSIC : INDIE, POP, ALTERNATIVE & ROCK",,,,
missing,Subsistence,http://www.subsistencetheory.com/,Subsistence,,,website,Website no longer available,False,Music,"MUSIC : INDIE, POP, ALTERNATIVE & ROCK",,,,
missing,Sugarhouse,http://www.sugarblues.moonfruit.com/,Sugarhouse,,,website,Website no longer available,False,Music,"MUSIC : INDIE, POP, ALTERNATIVE & ROCK",,,,
missing,Superfluff,http://ourworld.compuserve.com/homepages/tlaver/Super1.htm,Superfluff,,,website,Website no longer available,False,Music,"MUSIC : INDIE, POP, ALTERNATIVE & ROCK",,,,
missing,Supernaturals ,http://www.thesupernaturalsofficialwebsite.com/,Supernaturals ,,,website,Website no longer available,False,Music,"MUSIC : INDIE, POP, ALTERNATIVE & ROCK",,,,
missing,"Supernaturals, The",http://www.thesupernaturalsofficial.com/,"Supernaturals, The",,,website,Website no longer available,False,Music,"MUSIC : INDIE, POP, ALTERNATIVE & ROCK",,,,
missing,SuperParadise,http://www.superparadise.co.uk/,SuperParadise,,,website,Website no longer available,False,Music,"MUSIC : INDIE, POP, ALTERNATIVE & ROCK",,,,
missing,Suspire,http://www.suspire.net/,Suspire,,,website,Website no longer available,False,Music,"MUSIC : INDIE, POP, ALTERNATIVE & ROCK",,,,
missing,Sweet FA ,http://www.sweetfa-online.com/,Sweet FA ,,,website,Website no longer available,False,Music,"MUSIC : INDIE, POP, ALTERNATIVE & ROCK",,,,
missing,Swiss Family Orbison ,http://www.sol.co.uk/swissfamily/,Swiss Family Orbison ,,,website,Website no longer available,False,Music,"MUSIC : INDIE, POP, ALTERNATIVE & ROCK",,,,
missing,"Swiss Family Orbison, The",http://www.theswissfamilyorbison.co.uk/,"Swiss Family Orbison, The",,,website,Website no longer available,False,Music,"MUSIC : INDIE, POP, ALTERNATIVE & ROCK",,,,
missing,Taiga-Blues ,http://www.taiga-blues.co.uk/,Taiga-Blues ,,,website,Website no longer available,False,Music,"MUSIC : INDIE, POP, ALTERNATIVE & ROCK",,,,
missing,Tarras,http://www.tarrasmusic.com/,Tarras,,,website,Website no longer available,False,Music,"MUSIC : INDIE, POP, ALTERNATIVE & ROCK",,,,
missing,Team Salt ,http://www.teamsalt.co.uk/,Team Salt ,,,website,Website no longer available,False,Music,"MUSIC : INDIE, POP, ALTERNATIVE & ROCK",,,,
missing,Telstar Ponies,http://www.telstarponies.com/,Telstar Ponies,,,website,Website no longer available,False,Music,"MUSIC : INDIE, POP, ALTERNATIVE & ROCK",,,,
missing,Tenesee Kait,http://www.teneseekait.com/,Tenesee Kait,,,website,Website no longer available,False,Music,"MUSIC : INDIE, POP, ALTERNATIVE & ROCK",,,,
missing,Terminal Blue,http://www.terminalblue.co.uk/,Terminal Blue,,,website,Website no longer available,False,Music,"MUSIC : INDIE, POP, ALTERNATIVE & ROCK",,,,
missing,Terrapins Found Us ,http://www.terrapinsfoundus.net/,Terrapins Found Us ,,,website,Website no longer available,False,Music,"MUSIC : INDIE, POP, ALTERNATIVE & ROCK",,,,
missing,"Thanes, The #1",http://www.members.lycos.co.uk/thethanes,"Thanes, The #1",,,website,Website no longer available,False,Music,"MUSIC : INDIE, POP, ALTERNATIVE & ROCK",,,,
missing,"Thanes, The #2",http://www.thethanes.co.uk/,"Thanes, The #2",,,website,Website no longer available,False,Music,"MUSIC : INDIE, POP, ALTERNATIVE & ROCK",,,,
missing,Thee Comrades    ,http://www.theecomrades.co.uk/,Thee Comrades    ,,,website,Website no longer available,False,Music,"MUSIC : INDIE, POP, ALTERNATIVE & ROCK",,,,
missing,Thee Moths ,http://www.theemoths.co.uk/,Thee Moths ,,,website,Website no longer available,False,Music,"MUSIC : INDIE, POP, ALTERNATIVE & ROCK",,,,
missing,Then Came Music  ,http://www.thencamemusic.co.uk/,Then Came Music  ,,,website,Website no longer available,False,Music,"MUSIC : INDIE, POP, ALTERNATIVE & ROCK",,,,
missing,theonewhoflew ,http://www.theonewhoflew.tk/,theonewhoflew ,,,website,Website no longer available,False,Music,"MUSIC : INDIE, POP, ALTERNATIVE & ROCK",,,,
missing,Thomas Leer #1,http://thomleer.25u.com/,Thomas Leer #1,,,website,Website no longer available,False,Music,"MUSIC : INDIE, POP, ALTERNATIVE & ROCK",,,,
missing,Tigerstyle [old],http://www.tigerstyle.co.uk/,Tigerstyle [old],,,website,Website no longer available,False,Music,"MUSIC : INDIE, POP, ALTERNATIVE & ROCK",,,,
missing,TiNRoKIT  ,http://www.tinrokit.co.uk/,TiNRoKIT  ,,,website,Website no longer available,False,Music,"MUSIC : INDIE, POP, ALTERNATIVE & ROCK",,,,
missing,Torqamada  ,http://www.torqamada.com/,Torqamada  ,,,website,Website no longer available,False,Music,"MUSIC : INDIE, POP, ALTERNATIVE & ROCK",,,,
missing,Tracksuit Ambassador ,http://www.burninghorizon.pwp.blueyonder.co.uk/,Tracksuit Ambassador ,,,website,Website no longer available,False,Music,"MUSIC : INDIE, POP, ALTERNATIVE & ROCK",,,,
missing,Transaudio,http://www.transaudio.co.uk/,Transaudio,,,website,Website no longer available,False,Music,"MUSIC : INDIE, POP, ALTERNATIVE & ROCK",,,,
missing,Troika,http://www.troikaonline.co.uk/,Troika,,,website,Website no longer available,False,Music,"MUSIC : INDIE, POP, ALTERNATIVE & ROCK",,,,
missing,Turning 13 ,http://www.turning13.com/,Turning 13 ,,,website,Website no longer available,False,Music,"MUSIC : INDIE, POP, ALTERNATIVE & ROCK",,,,
missing,Uncle Jack ,http://www.unclejackmusic.com/,Uncle Jack ,,,website,Website no longer available,False,Music,"MUSIC : INDIE, POP, ALTERNATIVE & ROCK",,,,
missing,Ursula Minor ,http://www.ursulaminor.co.uk/,Ursula Minor ,,,website,Website no longer available,False,Music,"MUSIC : INDIE, POP, ALTERNATIVE & ROCK",,,,
missing,Ursula's Bikini  ,http://www.ursulasbikini.com/,Ursula's Bikini  ,,,website,Website no longer available,False,Music,"MUSIC : INDIE, POP, ALTERNATIVE & ROCK",,,,
missing,V9ine,http://www.v9ine.co.uk/,V9ine,,,website,Website no longer available,False,Music,"MUSIC : INDIE, POP, ALTERNATIVE & ROCK",,,,
missing,"Very Secret History, A",http://www.verysecret.co.uk/,"Very Secret History, A",,,website,Website no longer available,False,Music,"MUSIC : INDIE, POP, ALTERNATIVE & ROCK",,,,
missing,W.M.D.  ,http://www.wmdrock.com/,W.M.D.  ,,,website,Website no longer available,False,Music,"MUSIC : INDIE, POP, ALTERNATIVE & ROCK",,,,
missing,W2,http://www.w2tribute.co.uk/,W2,,,website,Website no longer available,False,Music,"MUSIC : INDIE, POP, ALTERNATIVE & ROCK",,,,
missing,Wade,http://www.wademusic.co.uk/,Wade,,,website,Website no longer available,False,Music,"MUSIC : INDIE, POP, ALTERNATIVE & ROCK",,,,
missing,We Are Entropy  ,http://uk.geocities.com/weareentropy/,We Are Entropy  ,,,website,Website no longer available,False,Music,"MUSIC : INDIE, POP, ALTERNATIVE & ROCK",,,,
missing,Wild Monkey,http://www.wild-monkey.com/,Wild Monkey,,,website,Website no longer available,False,Music,"MUSIC : INDIE, POP, ALTERNATIVE & ROCK",,,,
missing,Wild Strawberry ,http://www.strawberrysounds.com/,Wild Strawberry ,,,website,Website no longer available,False,Music,"MUSIC : INDIE, POP, ALTERNATIVE & ROCK",,,,
missing,"Winter Tradition, The",http://www.thewintertradition.com/,"Winter Tradition, The",,,website,Website no longer available,False,Music,"MUSIC : INDIE, POP, ALTERNATIVE & ROCK",,,,
missing,Wise Monkeys  ,http://www.thewisemonkeys.com/,Wise Monkeys  ,,,website,Website no longer available,False,Music,"MUSIC : INDIE, POP, ALTERNATIVE & ROCK",,,,
missing,Wow Kafe ,http://www.wowkafe.com/,Wow Kafe ,,,website,Website no longer available,False,Music,"MUSIC : INDIE, POP, ALTERNATIVE & ROCK",,,,
missing,X Ray Delta Five,http://members.lycos.co.uk/xraydeltafive,X Ray Delta Five,,,website,Website no longer available,False,Music,"MUSIC : INDIE, POP, ALTERNATIVE & ROCK",,,,
missing,X-istence,http://www.x-istence.co.uk/,X-istence,,,website,Website no longer available,False,Music,"MUSIC : INDIE, POP, ALTERNATIVE & ROCK",,,,
missing,X-Tigers,http://www.xtigers.com/,X-Tigers,,,website,Website no longer available,False,Music,"MUSIC : INDIE, POP, ALTERNATIVE & ROCK",,,,
missing,Yellow Bentines ,http://www.yellowbentines.co.uk/,Yellow Bentines ,,,website,Website no longer available,False,Music,"MUSIC : INDIE, POP, ALTERNATIVE & ROCK",,,,
missing,"Yeties, The",http://www.theyeties.com/,"Yeties, The",,,website,Website no longer available,False,Music,"MUSIC : INDIE, POP, ALTERNATIVE & ROCK",,,,
missing,Yoshi,http://www.yoshimusic.co.uk/,Yoshi,,,website,Website no longer available,False,Music,"MUSIC : INDIE, POP, ALTERNATIVE & ROCK",,,,
missing,Young Aviators,http://www.youngaviators.co.uk/,Young Aviators,,,website,Website no longer available,False,Music,"MUSIC : INDIE, POP, ALTERNATIVE & ROCK",,,,
missing,Zebedee Numchuck,https://vacant.org.uk/www.defomd.co.uk/zeb,Zebedee Numchuck,,,website,Website no longer available,False,Music,"MUSIC : INDIE, POP, ALTERNATIVE & ROCK",,,,
missing,Zoey Van Goey [old2],http://www.zoeyvangoey.fanbridge.com/,Zoey Van Goey [old2],,,website,Website no longer available,False,Music,"MUSIC : INDIE, POP, ALTERNATIVE & ROCK",,,,
missing,ADD N TO X,http://addntox.com/,ADD N TO X,,,website,Website no longer available,False,Music,"MUSIC : INDIE, POP, ALTERNATIVE & ROCK",,,,
missing,British Electric Foundation,http://www.britishelectricfoundation.com/,British Electric Foundation,,,website,Website no longer available,False,Music,"MUSIC : INDIE, POP, ALTERNATIVE & ROCK",,,,
missing,Cavern of Anti Matter,https://cavernofantimatter.com/,Cavern of Anti Matter,,,website,Website no longer available,False,Music,"MUSIC : INDIE, POP, ALTERNATIVE & ROCK",,,,
missing,Ben MacDonald,http://www.benmacdonaldguitarist.com/,Ben MacDonald,,,website,Website no longer available,False,Music,MUSIC : JAZZ,,,,
missing,"Elusive Tree Ensemble, The",http://www.elusivetree.com/,"Elusive Tree Ensemble, The",,,website,Website no longer available,False,Music,MUSIC : JAZZ,,,,
missing,"Groove Merchant Jazz Orchestra, The",http://www.groovemerchantjazzorchestra.com/,"Groove Merchant Jazz Orchestra, The",,,website,Website no longer available,False,Music,MUSIC : JAZZ,,,,
missing,NeWt,http://www.newtjazz.co.uk/,NeWt,,,website,Website no longer available,False,Music,MUSIC : JAZZ,,,,
missing,Paul Harrison [old],https://www.paulharrisonjaz.com/,Paul Harrison [old],,,website,Website no longer available,False,Music,MUSIC : JAZZ,,,,
missing,Sugarwork,http://www.sugarwork.me/,Sugarwork,,,website,Website no longer available,False,Music,MUSIC : JAZZ,,,,
missing,Lewis Benzies,http://www.lewisbenzies.com/,Lewis Benzies,,,website,Website no longer available,False,Music,MUSIC : JAZZ,,,,
missing,Macswing,http://www.macswing.co.uk/,Macswing,,,website,Website no longer available,False,Music,MUSIC : JAZZ,,,,
missing,Carol Kidd,http://www.carolkidd.com/,Carol Kidd,,,website,Website no longer available,False,Music,MUSIC : JAZZ,,,,
missing,Joni Keen [old],http://www.jonikeenjazz.co.uk/,Joni Keen [old],,,website,Website no longer available,False,Music,MUSIC : JAZZ,,,,
missing,People Sound,http://www.peoplesound.com/,People Sound,,,website,Website no longer available,False,Music,MUSIC : LISTING,,,,
missing,Dundee Operatic Society,http://www.dundeeoperatic.org/,Dundee Operatic Society,,,website,Website no longer available,False,Music,MUSIC : OPERA,,,,
missing,Capital Concert Band [old],http://www.capitalconcertband.com/,Capital Concert Band [old],,,website,Website no longer available,False,Music,MUSIC : ORCHESTRAS,,,,
missing,Inverness Chamber Society,http://www.invernesschambermusic.com/,Inverness Chamber Society,,,website,Website no longer available,False,Music,MUSIC : ORCHESTRAS,,,,
missing,Kingdom String Quartet,http://kingdomstringquartet.com/,Kingdom String Quartet,,,website,Website no longer available,False,Music,MUSIC : ORCHESTRAS,,,,
missing,Lochaber Music For All,http://www.lochabermusicforall.co.uk/,Lochaber Music For All,,,website,Website no longer available,False,Music,MUSIC : ORCHESTRAS,,,,
missing,No Strings Attached Community Wind Band,http://www.nsacwb.co.uk/,No Strings Attached Community Wind Band,,,website,Website no longer available,False,Music,MUSIC : ORCHESTRAS,,,,
missing,Rosyth Concert Band [old],https://rosythconcertband.webnode.com/,Rosyth Concert Band [old],,,website,Website no longer available,False,Music,MUSIC : ORCHESTRAS,,,,
missing,Stranraer Music For All,https://www.stranraermusicforall.info/,Stranraer Music For All,,,website,Website no longer available,False,Music,MUSIC : ORCHESTRAS,,,,
missing,Violin-Harp-Scotland,https://www.violin-harp-scotland.com/,Violin-Harp-Scotland,,,website,Website no longer available,False,Music,MUSIC : ORCHESTRAS,,,,
missing,Clyde Wind Ensemble,http://www.clydewindensemble.org/,Clyde Wind Ensemble,,,website,Website no longer available,False,Music,MUSIC : ORCHESTRAS,,,,
missing,Edinburgh Incidental Orchestra,http://www.theeio.co.uk/,Edinburgh Incidental Orchestra,,,website,Website no longer available,False,Music,MUSIC : ORCHESTRAS,,,"Edinburgh",
missing,Edinburgh Symphony Baroque,http://www.edinburghsymphonybaroque.org/,Edinburgh Symphony Baroque,,,website,Website no longer available,False,Music,MUSIC : ORCHESTRAS,,,"Edinburgh",
missing,Edinburgh University Composers' Orchestra,http://www.composersorchestra.com/,Edinburgh University Composers' Orchestra,,,website,Website no longer available,False,Music,MUSIC : ORCHESTRAS,,,"Edinburgh",
missing,Helensburgh and Lomond Fiddlers,http://helensburghandlomondfiddlers.org/,Helensburgh and Lomond Fiddlers,,,website,Website no longer available,False,Music,MUSIC : ORCHESTRAS,,,,
missing,2622 Highland Squadron (4B) Pipe Band,http://www.2622pipeband.com/,2622 Highland Squadron (4B) Pipe Band,,,website,Website no longer available,False,Music,MUSIC : PIPING,,,,
missing,Annsborough Pipe Band,http://www.annsboroughpipeband.com/,Annsborough Pipe Band,,,website,Website no longer available,False,Music,MUSIC : PIPING,,,,
missing,Ashbourne & District,https://www.freewebs.com/adpb/,Ashbourne & District,,,website,Website no longer available,False,Music,MUSIC : PIPING,,,,
missing,Aughintober Pipe Band,http://www.aughintoberpipeband.com/,Aughintober Pipe Band,,,website,Website no longer available,False,Music,MUSIC : PIPING,,,,
missing,Ballater & District Pipe Band,http://www.ballaterpipeband.co.uk/,Ballater & District Pipe Band,,,website,Website no longer available,False,Music,MUSIC : PIPING,,,,
missing,Ballybriest Pipe Band,http://www.ballybriestpipeband.t83.net/,Ballybriest Pipe Band,,,website,Website no longer available,False,Music,MUSIC : PIPING,,,,
missing,Ballycoan Pipe Band,http://www.ballycoanpipeband.com/,Ballycoan Pipe Band,,,website,Website no longer available,False,Music,MUSIC : PIPING,,,,
missing,Carnoustie Pipe Band,http://www.carnoustiepipeband.com/,Carnoustie Pipe Band,,,website,Website no longer available,False,Music,MUSIC : PIPING,,,,
missing,"Chorley, Croft & Culcheth Pipe Band",http://cccpipeband.co.uk/,"Chorley, Croft & Culcheth Pipe Band",,,website,Website no longer available,False,Music,MUSIC : PIPING,,,,
missing,City of Edinburgh Pipes and Drums Pipe Band,https://cityofedinburghpipeband.webs.com/,City of Edinburgh Pipes and Drums Pipe Band,,,website,Website no longer available,False,Music,MUSIC : PIPING,,,"Edinburgh",
missing,City of Inverness Pipe Band,http://www.cityofinvernesspipeband.scot/,City of Inverness Pipe Band,,,website,Website no longer available,False,Music,MUSIC : PIPING,,,,
missing,Dingwall Pipe Band,http://www.dingwallpipeband.com/,Dingwall Pipe Band,,,website,Website no longer available,False,Music,MUSIC : PIPING,,,,
missing,Dingwall Pipe Band,http://www.dingwallpipeband.com/,Dingwall Pipe Band,,,website,Website no longer available,False,Music,MUSIC : PIPING,,,,
missing,Dingwall Pipe Band,http://www.dingwallpipeband.com/,Dingwall Pipe Band,,,website,Website no longer available,False,Music,MUSIC : PIPING,,,,
missing,Dingwall Pipe Band,http://www.dingwallpipeband.com/,Dingwall Pipe Band,,,website,Website no longer available,False,Music,MUSIC : PIPING,,,,
missing,East of England Pipe Band,http://www.eoe-pipeband.com/,East of England Pipe Band,,,website,Website no longer available,False,Music,MUSIC : PIPING,,,,
missing,Enniskillen Pipe Band,http://www.enniskillenpipeband.com/,Enniskillen Pipe Band,,,website,Website no longer available,False,Music,MUSIC : PIPING,,,,
missing,Piping Society of London,http://pipingsocietyoflondon.com/,Piping Society of London,,,website,Website no longer available,False,Music,MUSIC : PIPING,,,,
missing,Portlethen & District Pipe Band,http://www.portlethen-pipeband.com/,Portlethen & District Pipe Band,,,website,Website no longer available,False,Music,MUSIC : PIPING,,,,
missing,Spirit of Scotland Pipe Band,http://www.spiritofscotlandpipeband.com/,Spirit of Scotland Pipe Band,,,website,Website no longer available,False,Music,MUSIC : PIPING,,,,
missing,Standard Triumph Pipe Band,https://www.standardtriumphpb.com/,Standard Triumph Pipe Band,,,website,Website no longer available,False,Music,MUSIC : PIPING,,,,
missing,Stonehouse Pipe Band,http://www.stonehousepipeband.com/,Stonehouse Pipe Band,,,website,Website no longer available,False,Music,MUSIC : PIPING,,,,
missing,Strathearn Pipe Band,http://www.strathearnpipeband.org/,Strathearn Pipe Band,,,website,Website no longer available,False,Music,MUSIC : PIPING,,,,
missing,Tain Pipe Band,http://www.tainpipeband.co.uk/,Tain Pipe Band,,,website,Website no longer available,False,Music,MUSIC : PIPING,,,,
missing,Tamlaght O'Crilly Pipe Band,http://www.tocpb.com/,Tamlaght O'Crilly Pipe Band,,,website,Website no longer available,False,Music,MUSIC : PIPING,,,,
missing,Towie Pipe Band,http://www.towiepipeband.co.uk/,Towie Pipe Band,,,website,Website no longer available,False,Music,MUSIC : PIPING,,,,
missing,Tulliallan Pipes & Drums,http://tulliallanpb.wix.com/website,Tulliallan Pipes & Drums,,,website,Website no longer available,False,Music,MUSIC : PIPING,,,,
missing,Turriff & District Pipe Band,http://www.turriffpipeband.org/,Turriff & District Pipe Band,,,website,Website no longer available,False,Music,MUSIC : PIPING,,,,
missing,We Love Pipe Bands,https://www.welovepipebands.co.uk/,We Love Pipe Bands,,,website,Website no longer available,False,Music,MUSIC : PIPING,,,,
missing,Islay Pipe Band Association,http://www.islaypipeband.wetpaint.com/,Islay Pipe Band Association,,,website,Website no longer available,False,Music,MUSIC : PIPING,,,,
missing,7 West Music Ltd,https://7westmusic.com/,7 West Music Ltd,,,website,Website no longer available,False,Music,MUSIC : RECORD COMPANY,SC646694,,,
missing,Affection Records Ltd,https://www.affectionrecords.com/,Affection Records Ltd,,,website,Website no longer available,False,Music,MUSIC : RECORD COMPANY,SC680610,,,
missing,Athens of the North,http://www.athensofthenorth.com/,Athens of the North,,,website,Website no longer available,False,Music,MUSIC : RECORD COMPANY,Recording,,,
missing,Athens Of The North Limited,https://www.athensofthenorth.com/,Athens Of The North Limited,,,website,Website no longer available,False,Music,MUSIC : RECORD COMPANY,SC701556,,,
missing,Iceblink Luck Limited,https://www.iceblinkluck.com/,Iceblink Luck Limited,,,website,Website no longer available,False,Music,MUSIC : RECORD COMPANY,SC652046,,,
missing,On Pink Sand Ltd,http://www.gnirecords.com/,On Pink Sand Ltd,,,website,Website no longer available,False,Music,MUSIC : RECORD COMPANY,SC411169,,,
missing,Red Afternoon Music Ltd,https://www.redafternoonmusic.co.uk/,Red Afternoon Music Ltd,,,website,Website no longer available,False,Music,MUSIC : RECORD COMPANY,SC639914,,,
missing,Revola Records Limited,https://www.revola.co.uk/,Revola Records Limited,,,website,Website no longer available,False,Music,MUSIC : RECORD COMPANY,SC583228,,,
missing,Shamaan's Hidden Cult Ltd,http://www.shamaanshiddencult.com/,Shamaan's Hidden Cult Ltd,,,website,Website no longer available,False,Music,MUSIC : RECORD COMPANY,SC601499,,,
missing,SJS Entertainment Ltd.,http://www.sjs-sound.com/,SJS Entertainment Ltd.,,,website,Website no longer available,False,Music,MUSIC : RECORD COMPANY,SC284163,,,
missing,Soundmagic Music Studios Ltd,http://www.soundmagicmusicstudio.com/,Soundmagic Music Studios Ltd,,,website,Website no longer available,False,Music,MUSIC : RECORD COMPANY,SC466158,,,
missing,Sounds Technical Limited,http://https://sounds-technical.co.uk/,Sounds Technical Limited,,,website,Website no longer available,False,Music,MUSIC : RECORD COMPANY,SC356950,,,
missing,When In Rome Limited,http://www.wirmusic.co.uk/,When In Rome Limited,,,website,Website no longer available,False,Music,MUSIC : RECORD COMPANY,SC358202,,,
missing,Black Lake Records,http://blacklakerecords.net/,Black Lake Records,,,website,Website no longer available,False,Music,MUSIC : RECORD COMPANY,,,,
missing,Informa Records,http://www.informarecords.com/,Informa Records,,,website,Website no longer available,False,Music,MUSIC : RECORD COMPANY,,,,
missing,Motormouth Recordz,http://www.MotormouthRecordz.com/,Motormouth Recordz,,,website,Website no longer available,False,Music,MUSIC : RECORD COMPANY,,,,
missing,Struck Dum Records,http://www.struckdum.com/,Struck Dum Records,,,website,Website no longer available,False,Music,MUSIC : RECORD COMPANY,,,,
missing,Permeate Studios,https://permeatestudios.com/,Permeate Studios,,,website,Website no longer available,False,Music,MUSIC : RECORDING STUDIO,Recording,,,
missing,Depot Music Limited,http://www.depotstudios.co.uk/,Depot Music Limited,,,website,Website no longer available,False,Music,MUSIC : STUDIO,,,,
missing,Depot Music Limited #2,http://https://www.afternic.com/,Depot Music Limited #2,,,website,Website no longer available,False,Music,MUSIC : STUDIO,SC335738,,,
missing,Bogha-frois: Queer Voices in Folk,https://www.lgbtvoicesinfolk.scot/,Bogha-frois: Queer Voices in Folk,,,website,Website no longer available,False,Music,MUSIC : TRADITIONAL / FOLK,FRINGE,,,
missing,Highland Accordion and Fiddle Club,http://www.hafc-inverness.com/,Highland Accordion and Fiddle Club,,,website,Website no longer available,False,Music,MUSIC : TRADITIONAL / FOLK,,,,
missing,National Anthem for Scotland,http://www.nationalanthem.scot/,National Anthem for Scotland,,,website,Website no longer available,False,Music,MUSIC : TRADITIONAL / FOLK,,,,
missing,Sarah Naylor,http://www.sarahnaylor.co.uk/,Sarah Naylor,,,website,Website no longer available,False,Music,MUSIC : TRADITIONAL / FOLK,,,,
missing,"Wakes, The [old]",http://www.thewakes.info/,"Wakes, The [old]",,,website,Website no longer available,False,Music,MUSIC : TRADITIONAL / FOLK,,,,
missing,"Wakes, The [older]",http://www.thewakes-band.co.uk/,"Wakes, The [older]",,,website,Website no longer available,False,Music,MUSIC : TRADITIONAL / FOLK,,,,
missing,Daniel Meade,http://www.danielmeademusic.com/,Daniel Meade,,,website,Website no longer available,False,Music,MUSIC : TRADITIONAL / FOLK,,,,
missing,Ewan MacPherson,http://www.ewanmacpherson.com/,Ewan MacPherson,,,website,Website no longer available,False,Music,MUSIC : TRADITIONAL / FOLK,,,,
missing,Heather Leigh,https://www.wishimage.com/,Heather Leigh,,,website,Website no longer available,False,Music,MUSIC : TRADITIONAL / FOLK,,,,
missing,Carla McLean,http://www.scottishfolksinger.co.uk/,Carla McLean,,,website,Website no longer available,False,Music,MUSIC : TRADITIONAL / FOLK,,,,
missing,Ideal Band,http://www.kencampbellscotland.co.uk/,Ideal Band,,,website,Website no longer available,False,Music,MUSIC : TRADITIONAL / FOLK,,,,
missing,Jimmie MacGregor,https://jimmiemacgregor.com/,Jimmie MacGregor,,,website,Website no longer available,False,Music,MUSIC : TRADITIONAL / FOLK,,,,
missing,John Davidson,http://www.jrdfolk.com/,John Davidson,,,website,Website no longer available,False,Music,MUSIC : TRADITIONAL / FOLK,,,,
missing,Kilmarnock Edition,http://www.kilmarnockedition.com/,Kilmarnock Edition,,,website,Website no longer available,False,Music,MUSIC : TRADITIONAL / FOLK,,,,
missing,Kirsten Easdale,http://www.kirsteneasdale.co.uk/,Kirsten Easdale,,,website,Website no longer available,False,Music,MUSIC : TRADITIONAL / FOLK,,,,
missing,Linda Dewar,http://www.lindadewar.com/,Linda Dewar,,,website,Website no longer available,False,Music,MUSIC : TRADITIONAL / FOLK,,,,
missing,Lindsay And The Storm,http://www.lindsayandthestrom.com/,Lindsay And The Storm,,,website,Website no longer available,False,Music,MUSIC : TRADITIONAL / FOLK,,,,
missing,Luce Women,http://www.lucewomen.com/,Luce Women,,,website,Website no longer available,False,Music,MUSIC : TRADITIONAL / FOLK,,,,
missing,Madelaine Cave,http://www.madelainecave.com/,Madelaine Cave,,,website,Website no longer available,False,Music,MUSIC : TRADITIONAL / FOLK,,,,
missing,Makinadin,http://www.makinadin.com/,Makinadin,,,website,Website no longer available,False,Music,MUSIC : TRADITIONAL / FOLK,,,,
missing,Pure Malt,http://www.pure-malt.com/,Pure Malt,,,website,Website no longer available,False,Music,MUSIC : TRADITIONAL / FOLK,,,,
missing,Randan Ceilidh Band,http://www.randanceilidhband.com/,Randan Ceilidh Band,,,website,Website no longer available,False,Music,MUSIC : TRADITIONAL / FOLK,,,,
missing,Real Time,http://www.thelandthelightthelocals.com/,Real Time,,,website,Website no longer available,False,Music,MUSIC : TRADITIONAL / FOLK,,,,
missing,Selkie,http://www.celticfolksongs.co.uk/,Selkie,,,website,Website no longer available,False,Music,MUSIC : TRADITIONAL / FOLK,,,,
missing,Session A9,http://www.sessiona9.com/,Session A9,,,website,Website no longer available,False,Music,MUSIC : TRADITIONAL / FOLK,,,,
missing,"Shee, The  [old]",http://thesheemusic.wordpress.com/,"Shee, The  [old]",,,website,Website no longer available,False,Music,MUSIC : TRADITIONAL / FOLK,,,,
missing,Shetland Music Studio,http://www.shetlandmusicstudio.co.uk/,Shetland Music Studio,,,website,Website no longer available,False,Music,MUSIC : TRADITIONAL / FOLK,,,,
missing,Simply Burns,http://www.simplyburns.com/,Simply Burns,,,website,Website no longer available,False,Music,MUSIC : TRADITIONAL / FOLK,,,,
missing,Sinsheen,http://www.sinsheen.com/,Sinsheen,,,website,Website no longer available,False,Music,MUSIC : TRADITIONAL / FOLK,,,,
missing,Soopna,http://www.soopna.com/,Soopna,,,website,Website no longer available,False,Music,MUSIC : TRADITIONAL / FOLK,,,,
missing,Sugarboat Reivers,http://www.sugarboatreivers.com/,Sugarboat Reivers,,,website,Website no longer available,False,Music,MUSIC : TRADITIONAL / FOLK,,,,
missing,Tap O' The Hill,https://www.tapothehill.com/,Tap O' The Hill,,,website,Website no longer available,False,Music,MUSIC : TRADITIONAL / FOLK,,,,
missing,Tarneybackle [old],https://www.tarneybackle.com/,Tarneybackle [old],,,website,Website no longer available,False,Music,MUSIC : TRADITIONAL / FOLK,,,,
missing,"Travelling People, The",http://www.thetravellingpeople.com/,"Travelling People, The",,,website,Website no longer available,False,Music,MUSIC : TRADITIONAL / FOLK,,,,
missing,"Wakes, The",http://www.thewakesband.com/,"Wakes, The",,,website,Website no longer available,False,Music,MUSIC : TRADITIONAL / FOLK,,,,
missing,Watt Nicoll,http://www.wattnicollsings.co.uk/,Watt Nicoll,,,website,Website no longer available,False,Music,MUSIC : TRADITIONAL / FOLK,,,,
missing,Alasdair MacCuish and the Black Rose Ceilidh Band #1,http://www.blackrose.tv/,Alasdair MacCuish and the Black Rose Ceilidh Band #1,,,website,Website no longer available,False,Music,MUSIC : TRADITIONAL / FOLK,,,,
missing,Alasdair MacCuish and the Black Rose Ceilidh Band #2,http://www.rosdubh.com/,Alasdair MacCuish and the Black Rose Ceilidh Band #2,,,website,Website no longer available,False,Music,MUSIC : TRADITIONAL / FOLK,,,,
missing,Arcadia Music,http://www.musi.co.uk/,Arcadia Music,,,website,Website no longer available,False,Music,MUSIC : TRADITIONAL / FOLK,,,,
missing,"Benachally Ceilidh Band, The",http://www.scottishceilidhband.co.uk/,"Benachally Ceilidh Band, The",,,website,Website no longer available,False,Music,MUSIC : TRADITIONAL / FOLK,,,,
missing,"Bon Accords Ceilidh Band, The",http://bon-accord-music.co.uk/,"Bon Accords Ceilidh Band, The",,,website,Website no longer available,False,Music,MUSIC : TRADITIONAL / FOLK,,,,
missing,Box O' Bananas,http://www.boxobananas.com/,Box O' Bananas,,,website,Website no longer available,False,Music,MUSIC : TRADITIONAL / FOLK,,,,
missing,Brian Ó hEadhra & Fionnag NicChoinnich,http://www.oheadhra-mackenzie.com/,Brian Ó hEadhra & Fionnag NicChoinnich,,,website,Website no longer available,False,Music,MUSIC : TRADITIONAL / FOLK,,,,
missing,Canongate Cadjers Ceilidh Band,http://www.canongatecadjers.com/,Canongate Cadjers Ceilidh Band,,,website,Website no longer available,False,Music,MUSIC : TRADITIONAL / FOLK,,,,
missing,Capital Ceilidh Band,http://www.capitalceilidh.com/,Capital Ceilidh Band,,,website,Website no longer available,False,Music,MUSIC : TRADITIONAL / FOLK,,,,
missing,Ceilidh Mor,http://www.ceilidhmor.com/,Ceilidh Mor,,,website,Website no longer available,False,Music,MUSIC : TRADITIONAL / FOLK,,,,
missing,Ceol Mor Scottish Dance Band,http://www.ceolmorceilidh.com/,Ceol Mor Scottish Dance Band,,,website,Website no longer available,False,Music,MUSIC : TRADITIONAL / FOLK,,,,
missing,Cloud Howe Ceilidh Band,https://www.cloudhowe.uk/,Cloud Howe Ceilidh Band,,,website,Website no longer available,False,Music,MUSIC : TRADITIONAL / FOLK,,,,
missing,Cosmic Ceilidh Band,http://www.cosmicceilidhband.com/,Cosmic Ceilidh Band,,,website,Website no longer available,False,Music,MUSIC : TRADITIONAL / FOLK,,,,
missing,David Cunningham Junior,http://davidcunninghammusic.weebly.com/,David Cunningham Junior,,,website,Website no longer available,False,Music,MUSIC : TRADITIONAL / FOLK,,,,
missing,Dr. Wook,http://www.drwookmusic.com/,Dr. Wook,,,website,Website no longer available,False,Music,MUSIC : TRADITIONAL / FOLK,,,,
missing,Funky String Band,http://www.funkystringband.com/,Funky String Band,,,website,Website no longer available,False,Music,MUSIC : TRADITIONAL / FOLK,,,,
missing,Gary Forrest Ceilidh Band,http://www.garyforrestmusic.co.uk/,Gary Forrest Ceilidh Band,,,website,Website no longer available,False,Music,MUSIC : TRADITIONAL / FOLK,,,,
missing,"Glenhoulachan Midge Club Ceilidh Band, The",http://www.themidgies.co.uk/,"Glenhoulachan Midge Club Ceilidh Band, The",,,website,Website no longer available,False,Music,MUSIC : TRADITIONAL / FOLK,,,,
missing,"HLI Ceilidh Band, The",http://www.hliceilidhband.com/,"HLI Ceilidh Band, The",,,website,Website no longer available,False,Music,MUSIC : TRADITIONAL / FOLK,,,,
missing,Mix 'n' Mac Events,http://www.mixnmac.co.uk/,Mix 'n' Mac Events,,,website,Website no longer available,False,Music,MUSIC : TRADITIONAL / FOLK,,,,
missing,Shindig,https://www.shindigpub.com/,Shindig,,,website,Website no longer available,False,Music,MUSIC : TRADITIONAL / FOLK,,,,
missing,Thistle Dubh Ceilidh Band,http://www.thistledubh.com/,Thistle Dubh Ceilidh Band,,,website,Website no longer available,False,Music,MUSIC : TRADITIONAL / FOLK,,,,
missing,Two Thieves & The Burning Wood,http://www.twothievestbw.co.uk/,Two Thieves & The Burning Wood,,,website,Website no longer available,False,Music,MUSIC : TRADITIONAL / FOLK,,,,
missing,Anne Lorne Gillies,https://www.annelornegillies.com/,Anne Lorne Gillies,,,website,Website no longer available,False,Music,MUSIC : TRADITIONAL / FOLK,,,,
missing,Annie Grace,http://www.anniegracemusic.com/,Annie Grace,,,website,Website no longer available,False,Music,MUSIC : TRADITIONAL / FOLK,,,,
missing,Bags of Rock,http://www.bagsofrock.com/,Bags of Rock,,,website,Website no longer available,False,Music,MUSIC : TRADITIONAL / FOLK,,,,
missing,Barbara Dymock,http://www.barbaradymock.com/,Barbara Dymock,,,website,Website no longer available,False,Music,MUSIC : TRADITIONAL / FOLK,,,,
missing,Boogalusa,https://www.boogalusa.co.uk/,Boogalusa,,,website,Website no longer available,False,Music,MUSIC : TRADITIONAL / FOLK,,,,
missing,Ciaran Dorris,https://www.ciarandorris.com/,Ciaran Dorris,,,website,Website no longer available,False,Music,MUSIC : TRADITIONAL / FOLK,,,,
missing,"Duplets, The",http://www.theduplets.com/,"Duplets, The",,,website,Website no longer available,False,Music,MUSIC : TRADITIONAL / FOLK,,,,
missing,Griogair Labhruidh,http://griogairmusic.com/,Griogair Labhruidh,,,website,Website no longer available,False,Music,MUSIC : TRADITIONAL / FOLK,,,,
missing,Gunna Sound Ceilidh Band,http://www.gunnasound.com/,Gunna Sound Ceilidh Band,,,website,Website no longer available,False,Music,MUSIC : TRADITIONAL / FOLK,,,,
missing,Irene Watt,http://www.irenewatt.co.uk/,Irene Watt,,,website,Website no longer available,False,Music,MUSIC : TRADITIONAL / FOLK,,,,
missing,Laurie Accordion Orchestra,http://accordionorchestra.com/,Laurie Accordion Orchestra,,,website,Website no longer available,False,Music,MUSIC : TRADITIONAL / FOLK,,,,
missing,MacUmba,http://www.macumba.com/,MacUmba,,,website,Website no longer available,False,Music,MUSIC : TRADITIONAL / FOLK,,,,
missing,"Moonzie Allstars, The",http://www.moonzieallstars.com/,"Moonzie Allstars, The",,,website,Website no longer available,False,Music,MUSIC : TRADITIONAL / FOLK,,,,
missing,Paul Machlis,http://www.paulmachlis.com/,Paul Machlis,,,website,Website no longer available,False,Music,MUSIC : TRADITIONAL / FOLK,,,,
missing,Ruaridh Campbell,http://www.ruar.co.uk/,Ruaridh Campbell,,,website,Website no longer available,False,Music,MUSIC : TRADITIONAL / FOLK,,,,
missing,Top Floor Taivers,http://www.topfloortaivers.com/,Top Floor Taivers,,,website,Website no longer available,False,Music,MUSIC : TRADITIONAL / FOLK,,,,
missing,Assynt,https://www.assyntmusic.com/,Assynt,,,website,Website no longer available,False,Music,MUSIC : TRADITIONAL / FOLK,,,,
missing,Ciaran Ryan,http://ciaranryanmusic.com/,Ciaran Ryan,,,website,Website no longer available,False,Music,MUSIC : TRADITIONAL / FOLK,,,,
missing,Gráinne Brady & Tina Jordan Rees,http://www.grainneandtina.com/,Gráinne Brady & Tina Jordan Rees,,,website,Website no longer available,False,Music,MUSIC : TRADITIONAL / FOLK,,,,
missing,Josie Duncan & Pablo Laufuente,https://josiepablomusic.com/,Josie Duncan & Pablo Laufuente,,,website,Website no longer available,False,Music,MUSIC : TRADITIONAL / FOLK,,,,
missing,Wildings,https://wildingsmusic.com/,Wildings,,,website,Website no longer available,False,Music,MUSIC : TRADITIONAL / FOLK,,,,
missing,Harp Bazaar,http://www.harpbazaar.co.uk/,Harp Bazaar,,,website,Website no longer available,False,Music,MUSIC : TRADITIONAL / FOLK,,,,
missing,"Balladeers, The",http://www.theballadeersscotland.com/,"Balladeers, The",,,website,Website no longer available,False,Music,MUSIC : TRADITIONAL / FOLK,,,,
missing,Cale  ,http://www.caleonline.co.uk/,Cale  ,,,website,Website no longer available,False,Music,MUSIC : TRADITIONAL / FOLK,,,,
missing,Isla St. Clair,http://www.islastclair.tv/,Isla St. Clair,,,website,Website no longer available,False,Music,MUSIC : TRADITIONAL / FOLK,,,,
missing,Jean Redpath,http://www.jeanredpath.com/,Jean Redpath,,,website,Website no longer available,False,Music,MUSIC : TRADITIONAL / FOLK,,,,
missing,"Ramisco Maki Maki Rocking Horse, The",http://www.ramiscomakimaki.com/,"Ramisco Maki Maki Rocking Horse, The",,,website,Website no longer available,False,Music,MUSIC : TRADITIONAL / FOLK,,,,
missing,Strictly Songtime,http://www.strictlysongtime.biz/,Strictly Songtime,,,website,Website no longer available,False,Music,"THEATRE / VENUE, THEATRE COMPANY",,,,
missing,Counselled Out Ltd.,http://www.divamusic.biz/,Counselled Out Ltd.,,,website,Website no longer available,False,Music,"THEATRE / VENUE, THEATRE COMPANY",,,,
missing,Lyra,http://www.lyra.co.uk/,Lyra,,,website,Website no longer available,False,Music,"THEATRE / VENUE, THEATRE COMPANY",,,,
missing,Ayrshire Opera Experience,http://www.ayrshireoperaexperience.co.uk/,Ayrshire Opera Experience,,,website,Website no longer available,False,Music,"THEATRE / VENUE, THEATRE COMPANY",,,,
missing,Chameleon Lady,https://chameleonladyband.co.uk/,Chameleon Lady,,,website,N,False,Music,"MUSIC : INDIE, POP, ALTERNATIVE & ROCK",,,,
missing,David Delinquent & The I.O.U's on Bandcamp,https://daviddelinquentandtheious.bandcamp.com/,David Delinquent & The I.O.U's on Bandcamp,,,website,missing,False,Music,"MUSIC : INDIE, POP, ALTERNATIVE & ROCK",,,,
missing,Rare Breed on Bandcamp,https://rarebreed2.bandcamp.com/,Rare Breed on Bandcamp,,,website,missing,False,Music,"MUSIC : INDIE, POP, ALTERNATIVE & ROCK",,,,
missing,"Gallowgate Murders, The on Bandcamp",https://thegallowgatemurders.bandcamp.com/,"Gallowgate Murders, The on Bandcamp",,,website,missing,False,Music,"MUSIC : INDIE, POP, ALTERNATIVE & ROCK",,,,
missing,"Ramstampits, The on Bandcamp",https://theramstampits.bandcamp.com/,"Ramstampits, The on Bandcamp",,,website,missing,False,Music,"MUSIC : INDIE, POP, ALTERNATIVE & ROCK",,,,
missing,"Red Eyes, The on Bandcamp",https://theredeyes.bandcamp.com/,"Red Eyes, The on Bandcamp",,,website,missing,False,Music,"MUSIC : INDIE, POP, ALTERNATIVE & ROCK",,,,
